slug,status_live,content_type,section,format,title,dek,author,publish_date,last_verified,url,tags,featured,reading_time_min,hero_image_src,hero_image_alt,hero_credit,word_count,excerpt,cluster_links,faq_count,related_venues,pair_with,sitemap_exclude
a-flinders-weekend,live,article,journal,slow-peninsula,A Flinders Weekend: The Case for the Quiet Side of the Peninsula,"When Red Hill is booked out and Sorrento feels like a queue, there is another version of the Peninsula weekend that runs south of everything, closer to the ocean, and slower on purpose.",editorial,2026-04-04,2026-04-22,https://peninsulainsider.com.au/journal/a-flinders-weekend/,"[""flinders"", ""stay"", ""walks"", ""slow"", ""weekend""]",False,7,,,,893,"Most people who talk about the Peninsula mean Red Hill and Sorrento. For obvious reasons: the wineries are up the ridge, the restaurants follow the wineries, and the tip of the Peninsula has the ferry, the beaches, and the main street full of shops. If you ask a Melbourne…","label: ""The Bushrangers Bay Walk | label: ""Cape Schanck Guide | label: ""The One-Night Peninsula Escape",3,"[""flinders-hotel"", ""georgie-bass"", ""flinders-sourdough"", ""tedesca-osteria"", ""flinders-general-store"", ""nazaaray-estate"", ""mornington-peninsula-chocolates"", ""flinders-pier-takeaway""]",,False
a-winter-peninsula-weekend,live,article,journal,editors-letter,A Winter Peninsula Weekend: The Case for Coming in July,"Short days, cheap rooms, empty dining rooms, a fire in every cellar door with a hearth, and a coast that looks like a different country in a southerly. Winter is the Peninsula's most underrated season and the one that gives the region back to the people who actually live here.",editorial,2026-04-13,2026-04-22,https://peninsulainsider.com.au/journal/a-winter-peninsula-weekend/,"[""winter"", ""weekend"", ""fireplace"", ""hot-springs"", ""rainy-day"", ""red-hill"", ""flinders""]",False,8,,,,1723,"There is a version of the Peninsula that most visitors never see, and it is the version that locals quietly prefer. It is not the long, bright January version with the back beaches humming and the cellar doors booked out three weeks in advance. It is not the April version, which…","label: ""Peninsula Hot Springs vs Alba — The Honest Comparison | label: ""The Bushrangers Bay Walk | label: ""Best Spas on the Mornington Peninsula — The Tier Guide",3,"[""alba-thermal-springs"", ""peninsula-hot-springs"", ""lindenderry"", ""tedesca-osteria"", ""polperro"", ""flinders-hotel"", ""pier-street-flinders"", ""red-hill-brewery"", ""ten-minutes-by-tractor"", ""montalto"", ""paringa-estate"", ""merricks-general-wine-store"", ""bistro-elba"", ""mornington-peninsula-chocolates"", ""red-hill-cheese"", ""crittenden-villas"", ""peninsula-hot-springs-glamping""]",,False
area-guide-dromana,live,article,journal,hub-guide,Dromana: The Peninsula Insider Guide,"Dromana is the Peninsula's practical gateway — a bay town at the foot of Arthurs Seat with easier edges than the famous villages further south. Come when you want a base that can do beach, ridge and family logistics without pretending to be something rarer than it is.",editorial,2026-05-02,2026-05-02,https://peninsulainsider.com.au/journal/area-guide-dromana/,"[""dromana"", ""area-guide"", ""planning""]",False,8,,,,1079,"Dromana is easy to dismiss if you are only scanning for glamour. It does not have Sorrento's social theatre, Red Hill's tasting-room prestige or Flinders' cultivated quiet. What it does have is usefulness, and on the Peninsula usefulness is underrated. Dromana sits where the…","label: ""How to Plan a Peninsula Weekend",3,[],,False
area-guide-flinders,live,article,journal,hub-guide,Flinders: The Peninsula Insider Guide,"Flinders is the quiet southern village that proves the Peninsula does not need theatre to be good. Come for the harder light, the ocean edge, and a day shaped by a walk, a bakery and one proper lunch rather than a schedule full of noise.",editorial,2026-05-02,2026-05-02,https://peninsulainsider.com.au/journal/area-guide-flinders/,"[""flinders"", ""area-guide"", ""planning""]",False,8,,,,1227,"Flinders is what people say they want when they claim to be looking for a quieter Peninsula weekend. The difference is that Flinders actually delivers it. There is no oversized main street, no parade of high-summer peacocking, no sense that the whole village exists to absorb…","label: ""How to Plan a Peninsula Weekend",3,[],,False
area-guide-main-ridge,live,article,journal,hub-guide,Main Ridge: The Peninsula Insider Guide,"Main Ridge is the Peninsula's highest, coolest and most wine-serious pocket — less a village than a plateau of good decisions. Come when you want the Peninsula stripped back to vineyards, fog, lunch and roads lined with trees rather than distractions.",editorial,2026-05-02,2026-05-02,https://peninsulainsider.com.au/journal/area-guide-main-ridge/,"[""main-ridge"", ""area-guide"", ""planning""]",False,8,,,,1133,"Main Ridge is where the Peninsula stops trying to charm you and starts expecting you to pay attention. There is almost no village theatre here. No useful shopping strip, no concentration of casual cafés, no tidy package for people who want the region explained in one glance.…","label: ""How to Plan a Peninsula Weekend",3,[],,False
area-guide-merricks,live,article,journal,hub-guide,Merricks: The Peninsula Insider Guide,"Merricks is the understated corridor between bay and ridge where the Peninsula's wine country starts to feel private. Come for the general store, the estates, the pub and the rare pleasure of a district that seems to know exactly how little fuss it needs.",editorial,2026-05-02,2026-05-02,https://peninsulainsider.com.au/journal/area-guide-merricks/,"[""merricks"", ""area-guide"", ""planning""]",False,8,,,,1101,"Merricks does not shout, which is one of the best things about it. In a Peninsula region full of places that are either famous, crowded or trying hard to become one of those two things, Merricks stays calm. There is no grand village performance. There is just a slim scatter of…","label: ""How to Plan a Peninsula Weekend",3,[],,False
area-guide-mornington,live,article,journal,hub-guide,Mornington: The Peninsula Insider Guide,"Mornington is the Peninsula's commercial hub, but that undersells it badly. Done properly, it is the best entry point for first-timers — a town with enough main-street life, foreshore access and market culture to explain the region before you drive any further south.",editorial,2026-05-02,2026-05-02,https://peninsulainsider.com.au/journal/area-guide-mornington/,"[""mornington"", ""area-guide"", ""planning""]",False,8,,,,1080,"Mornington has a perception problem. Because it is practical, popular and closer to Melbourne than the Peninsula's more mythologised destinations, some people treat it as merely the place you pass through on the way to somewhere better. That is lazy and increasingly inaccurate.…","label: ""How to Plan a Peninsula Weekend",3,[],,False
area-guide-portsea,live,article,journal,hub-guide,Portsea: The Peninsula Insider Guide,"Portsea is the Peninsula's quiet final note — more private than Sorrento, less immediately legible, and better for visitors who already know how to read the tip. Come for Point Nepean, the back beaches and one of the most withheld village atmospheres in Victoria.",editorial,2026-05-02,2026-05-02,https://peninsulainsider.com.au/journal/area-guide-portsea/,"[""portsea"", ""area-guide"", ""planning""]",False,8,,,,1137,"Portsea is not for beginners. That is not a snobbish line; it is a practical one. If you want the tip of the Peninsula explained clearly, go to Sorrento first. If you want the most obvious village experience, also go to Sorrento first. Portsea is subtler, more private, and much…","label: ""How to Plan a Peninsula Weekend",3,[],,False
area-guide-red-hill,live,article,journal,hub-guide,Red Hill: The Peninsula Insider Guide,"Red Hill is the Peninsula's food-and-wine centre of gravity, but the best version of it is narrower than most visitors think. This is a place for one market morning, one properly chosen cellar door, and one lunch that gets the whole day.",editorial,2026-05-02,2026-05-02,https://peninsulainsider.com.au/journal/area-guide-red-hill/,"[""red-hill"", ""area-guide"", ""planning""]",False,8,,,,1278,"Red Hill is where Peninsula weekends become expensive very quickly. Not because the place is cynical, but because it is concentrated. The winery restaurants are close enough together to make bad decisions feel feasible. People stack tastings, add a market, squeeze in produce…","label: ""How to Plan a Peninsula Weekend",3,[],,False
area-guide-sorrento,live,article,journal,hub-guide,Sorrento: The Peninsula Insider Guide,"Sorrento is the Peninsula at its most legible — limestone, tide, old money, and a main street that still works once the holiday theatre clears. Come in the off-season, stay two nights, and use it as a real town rather than a summer errand.",editorial,2026-05-02,2026-05-02,https://peninsulainsider.com.au/journal/area-guide-sorrento/,"[""sorrento"", ""area-guide"", ""planning""]",False,8,,,,1442,"Sorrento gets described lazily. Too many guides reduce it to a neat bay town with good gelato and expensive weatherboards, as if the place begins and ends at Ocean Beach Road. That misses the point. Sorrento is the most complete small town on the Mornington Peninsula because it…","label: ""How to Plan a Peninsula Weekend",3,[],,False
arthurs-seat-eagle-visitor-guide,live,article,journal,venue-guide,Arthurs Seat Eagle — The Complete Visitor Guide,"The gondola ride to the highest point on the Mornington Peninsula costs $32.50 adult return (not $30.90 — that figure is outdated). Everything else you need to know: hours, the Enchanted Adventure Garden, accessibility, and how to combine the visit.",editorial,2026-04-22,2026-04-22,https://peninsulainsider.com.au/journal/arthurs-seat-eagle-visitor-guide/,"[""arthurs-seat"", ""gondola"", ""cable-car"", ""family"", ""accessibility"", ""mornington-peninsula""]",False,6,,,,493,"Arthurs Seat Eagle runs 24 gondolas along a one-kilometre cable from the valley floor to the highest point on the Mornington Peninsula, 314 metres above sea level. The ride takes approximately six minutes and opens up views across Port Phillip Bay and the Peninsula hinterland…","label: ""Things to Do on the Mornington Peninsula | label: ""Free Things to Do on the Mornington Peninsula",4,,,False
ashcombe-maze-visitor-guide,live,article,journal,venue-guide,Ashcombe Maze & Lavender Gardens — Visitor Guide,"Multiple travel websites still list Ashcombe as closed. It is not. The café re-opened January 2025, the maze is fully operating Thursday to Monday, and the lavender labyrinth uses 4,000 plants across 40+ varieties. Here is the accurate guide.",editorial,2026-04-22,2026-04-22,https://peninsulainsider.com.au/journal/ashcombe-maze-visitor-guide/,"[""ashcombe-maze"", ""lavender"", ""family"", ""gardens"", ""shoreham"", ""mornington-peninsula""]",False,5,,,,516,Ashcombe Maze & Lavender Gardens is Australia's oldest traditional hedge maze. It is open. Multiple travel aggregators and booking sites continue to list it as closed or reduced-hours following a period of quieter operation around 2020 — this information is incorrect. The café…,"label: ""Things to Do on the Mornington Peninsula | label: ""Free Things to Do on the Mornington Peninsula | label: ""Dog-Friendly Beaches on the Mornington Peninsula",4,,,False
autumn-weekend-edit,live,article,journal,editors-letter,The Autumn Weekend Edit: Why April on the Peninsula Feels Most Earned,"Cool mornings, warm lunches, empty terraces, and the kind of light that makes every terrace look serious. This is the month the region stops performing and starts meaning something.",editorial,2026-04-09,2026-04-22,https://peninsulainsider.com.au/journal/autumn-weekend-edit/,"[""autumn"", ""red-hill"", ""long-lunch"", ""walks"", ""weekend""]",True,8,,,,798,"There is a case to be made that April is the Peninsula's secret month. Not because it is empty - it isn't, not quite, not anymore - but because everything that was noisy in summer has softened a shade. The wineries are still open. The restaurants are mostly booked but not…","label: ""First Time on the Peninsula — The Honest Starter Guide | label: ""Hatted Restaurants on the Mornington Peninsula 2025 | label: ""The Bushrangers Bay Walk",3,"[""tedesca-osteria"", ""montalto"", ""lindenderry"", ""ten-minutes-by-tractor"", ""morning-sun"", ""paringa-estate"", ""stillwater-crittenden"", ""bistro-elba"", ""allis-wine-bar"", ""many-little""]",,False
avani-syrah-mornington-peninsula,draft,article,journal,cellar-door-dispatch,Avani Syrah: A Peninsula producer to verify before you build the day around it,Avani Syrah sits in the long tail of Peninsula wine addresses that do not advertise themselves loudly. That usually means either a small producer worth seeking out or a venue whose current public access needs checking before you commit the drive.,editorial,2026-05-02,2026-05-02,https://peninsulainsider.com.au/journal/avani-syrah-mornington-peninsula/,"[""wine"", ""cellar-door"", ""mornington-peninsula""]",False,4,,,,456,"Public information on Avani Syrah is thinner than it is for the Peninsula's headline estates, and that usually tells you something useful straight away. This is unlikely to be a polished all-day destination built for tour buses and long lunches. It is more likely to be a…","label: ""The Cellar Door Short List | label: ""Mornington Peninsula Winery Guide",3,"[""avani-syrah""]",,False
baillieu-vineyard-red-hill,draft,article,journal,cellar-door-dispatch,Baillieu Vineyard: A small-producer stop for readers who prefer substance to spectacle,Baillieu Vineyard sits in the long tail of Peninsula wine addresses that do not advertise themselves loudly. That usually means either a small producer worth seeking out or a venue whose current public access needs checking before you commit the drive.,editorial,2026-05-02,2026-05-02,https://peninsulainsider.com.au/journal/baillieu-vineyard-red-hill/,"[""wine"", ""cellar-door"", ""red-hill""]",False,4,,,,456,"Public information on Baillieu Vineyard is thinner than it is for the Peninsula's headline estates, and that usually tells you something useful straight away. This is unlikely to be a polished all-day destination built for tour buses and long lunches. It is more likely to be a…","label: ""The Cellar Door Short List | label: ""Mornington Peninsula Winery Guide",3,"[""baillieu-vineyard""]",,False
balnarring-vineyard-quealy-wines,draft,article,journal,cellar-door-dispatch,Balnarring Vineyard / Quealy Wines: A site with history worth confirming before you drive,Balnarring Vineyard / Quealy Wines sits in the long tail of Peninsula wine addresses that do not advertise themselves loudly. That usually means either a small producer worth seeking out or a venue whose current public access needs checking before you commit the drive.,editorial,2026-05-02,2026-05-02,https://peninsulainsider.com.au/journal/balnarring-vineyard-quealy-wines/,"[""wine"", ""cellar-door"", ""balnarring""]",False,4,,,,466,"Public information on Balnarring Vineyard / Quealy Wines is thinner than it is for the Peninsula's headline estates, and that usually tells you something useful straight away. This is unlikely to be a polished all-day destination built for tour buses and long lunches. It is more…","label: ""The Cellar Door Short List | label: ""Mornington Peninsula Winery Guide",3,"[""balnarring-vineyard""]",,False
barak-estate-mornington-peninsula,draft,article,journal,cellar-door-dispatch,Barak Estate: A low-profile Peninsula estate that needs a call-ahead approach,Barak Estate sits in the long tail of Peninsula wine addresses that do not advertise themselves loudly. That usually means either a small producer worth seeking out or a venue whose current public access needs checking before you commit the drive.,editorial,2026-05-02,2026-05-02,https://peninsulainsider.com.au/journal/barak-estate-mornington-peninsula/,"[""wine"", ""cellar-door"", ""mornington-peninsula""]",False,4,,,,456,"Public information on Barak Estate is thinner than it is for the Peninsula's headline estates, and that usually tells you something useful straight away. This is unlikely to be a polished all-day destination built for tour buses and long lunches. It is more likely to be a…","label: ""The Cellar Door Short List | label: ""Mornington Peninsula Winery Guide",3,"[""barak-estate""]",,False
barmah-park-wines-mornington-peninsula,draft,article,journal,cellar-door-dispatch,Barmah Park Wines: A quiet cellar-door lead best treated as a second-stop prospect,Barmah Park Wines sits in the long tail of Peninsula wine addresses that do not advertise themselves loudly. That usually means either a small producer worth seeking out or a venue whose current public access needs checking before you commit the drive.,editorial,2026-05-02,2026-05-02,https://peninsulainsider.com.au/journal/barmah-park-wines-mornington-peninsula/,"[""wine"", ""cellar-door"", ""mornington-peninsula""]",False,4,,,,462,"Public information on Barmah Park Wines is thinner than it is for the Peninsula's headline estates, and that usually tells you something useful straight away. This is unlikely to be a polished all-day destination built for tour buses and long lunches. It is more likely to be a…","label: ""The Cellar Door Short List | label: ""Mornington Peninsula Winery Guide",3,"[""barmah-park-wines""]",,False
barrymore-estate-mornington-peninsula,draft,article,journal,cellar-door-dispatch,Barrymore Estate: A low-profile Peninsula estate that needs a call-ahead approach,Barrymore Estate sits in the long tail of Peninsula wine addresses that do not advertise themselves loudly. That usually means either a small producer worth seeking out or a venue whose current public access needs checking before you commit the drive.,editorial,2026-05-02,2026-05-02,https://peninsulainsider.com.au/journal/barrymore-estate-mornington-peninsula/,"[""wine"", ""cellar-door"", ""mornington-peninsula""]",False,4,,,,456,"Public information on Barrymore Estate is thinner than it is for the Peninsula's headline estates, and that usually tells you something useful straight away. This is unlikely to be a polished all-day destination built for tour buses and long lunches. It is more likely to be a…","label: ""The Cellar Door Short List | label: ""Mornington Peninsula Winery Guide",3,"[""barrymore-estate""]",,False
bayview-estate-mornington-peninsula,draft,article,journal,cellar-door-dispatch,Bayview Estate: A low-profile Peninsula estate that needs a call-ahead approach,Bayview Estate sits in the long tail of Peninsula wine addresses that do not advertise themselves loudly. That usually means either a small producer worth seeking out or a venue whose current public access needs checking before you commit the drive.,editorial,2026-05-02,2026-05-02,https://peninsulainsider.com.au/journal/bayview-estate-mornington-peninsula/,"[""wine"", ""cellar-door"", ""mornington-peninsula""]",False,4,,,,456,"Public information on Bayview Estate is thinner than it is for the Peninsula's headline estates, and that usually tells you something useful straight away. This is unlikely to be a polished all-day destination built for tour buses and long lunches. It is more likely to be a…","label: ""The Cellar Door Short List | label: ""Mornington Peninsula Winery Guide",3,"[""bayview-estate""]",,False
bdarra-estate-mornington-peninsula,draft,article,journal,cellar-door-dispatch,B'darra Estate: A low-profile Peninsula estate that needs a call-ahead approach,B'darra Estate sits in the long tail of Peninsula wine addresses that do not advertise themselves loudly. That usually means either a small producer worth seeking out or a venue whose current public access needs checking before you commit the drive.,editorial,2026-05-02,2026-05-02,https://peninsulainsider.com.au/journal/bdarra-estate-mornington-peninsula/,"[""wine"", ""cellar-door"", ""mornington-peninsula""]",False,4,,,,461,"Public information on B'darra Estate is thinner than it is for the Peninsula's headline estates, and that usually tells you something useful straight away. This is unlikely to be a polished all-day destination built for tour buses and long lunches. It is more likely to be a…","label: ""The Cellar Door Short List | label: ""Mornington Peninsula Winery Guide",3,"[""bdarra-estate""]",,False
beckingham-wines-mornington-peninsula,draft,article,journal,cellar-door-dispatch,Beckingham Wines: A quiet cellar-door lead best treated as a second-stop prospect,Beckingham Wines sits in the long tail of Peninsula wine addresses that do not advertise themselves loudly. That usually means either a small producer worth seeking out or a venue whose current public access needs checking before you commit the drive.,editorial,2026-05-02,2026-05-02,https://peninsulainsider.com.au/journal/beckingham-wines-mornington-peninsula/,"[""wine"", ""cellar-door"", ""mornington-peninsula""]",False,4,,,,457,"Public information on Beckingham Wines is thinner than it is for the Peninsula's headline estates, and that usually tells you something useful straight away. This is unlikely to be a polished all-day destination built for tour buses and long lunches. It is more likely to be a…","label: ""The Cellar Door Short List | label: ""Mornington Peninsula Winery Guide",3,"[""beckingham-wines""]",,False
best-golf-courses-mornington-peninsula,live,article,journal,insider-edit,Best Golf Courses on the Mornington Peninsula — The Tier Guide,"Not all Peninsula golf is equally useful to readers. This guide separates the destination rounds from the club names, and the public-access standouts from the private mythology.",editorial,2026-04-14,2026-04-22,https://peninsulainsider.com.au/journal/best-golf-courses-mornington-peninsula/,"[""golf"", ""rankings"", ""mornington-peninsula"", ""guide"", ""sport""]",False,10,,,,816,Not every respected golf course on the Peninsula is equally useful to a reader. Some are destination rounds you can actually book. Some are excellent but private. Some are better as part of a stay-and-play weekend than as a standalone mission. And some are simply not worth…,"label: ""St Andrews Beach Golf Course | label: ""Mornington Peninsula Golf — Why It's Australia's Best Golf Region | label: ""Mornington Peninsula Stay and Play Golf",3,,,False
best-spas-mornington-peninsula,live,article,journal,insider-edit,Best Spas on the Mornington Peninsula — The Tier Guide,"The Mornington Peninsula is Australia's most serious wellness destination. This is the tier-ranked guide to hot springs, resort spas, and day spas — which to book, and for which kind of day.",editorial,2026-04-14,2026-04-22,https://peninsulainsider.com.au/journal/best-spas-mornington-peninsula/,"[""spa"", ""wellness"", ""hot-springs"", ""mornington-peninsula"", ""guide"", ""rankings""]",False,10,,,,952,The Mornington Peninsula is the most serious wellness destination in Australia. Two major geothermal bathhouses within fifteen minutes of each other. Resort spas with cliff-edge ocean views. Boutique treatment rooms inside some of the country's most celebrated design hotels. And…,"label: ""Peninsula Hot Springs vs Alba — The Honest Comparison | label: ""Where to Stay Near the Hot Springs | label: ""Where to Stay on the Mornington Peninsula",3,"[""peninsula-hot-springs"", ""alba-thermal-springs"", ""one-spa-racv-cape-schanck"", ""spa-by-jackalope"", ""endota-spa-mornington""]",,False
best-wineries-red-hill,live,article,journal,service,Best Wineries in Red Hill,"The shortlist for people who want one strong recommendation, not twenty tabs. Where to start, what each address is best for, and how to build the rest of the day around it.",editorial,2026-05-02,2026-05-01,https://peninsulainsider.com.au/journal/best-wineries-red-hill/,"[""red-hill"", ""wine"", ""cellar-door"", ""planning"", ""weekend""]",False,7,,,,69,"Draft for James review. Not ready to publish. Start here This page is being drafted as an AI-discoverability example: one clear answer page, one shortlist, and one obvious pathway into the rest of the Peninsula Insider network. The shortlist Draft shortlist to be refined in…","label: ""What to Do in Red Hill This Weekend: The Saturday Plan | label: ""The Cellar Door Short List — Five Producers Worth the Appointment | label: ""How to Plan a Peninsula Weekend",3,"[""montalto"", ""polperro"", ""ten-minutes-by-tractor"", ""foxeys-hangout"", ""paringa-estate"", ""main-ridge-estate""]",,False
blue-range-estate-wines,draft,article,journal,cellar-door-dispatch,Blue Range Estate Wines: A low-profile Peninsula estate that needs a call-ahead approach,Blue Range Estate Wines sits in the long tail of Peninsula wine addresses that do not advertise themselves loudly. That usually means either a small producer worth seeking out or a venue whose current public access needs checking before you commit the drive.,editorial,2026-05-02,2026-05-02,https://peninsulainsider.com.au/journal/blue-range-estate-wines/,"[""wine"", ""cellar-door"", ""mornington-peninsula""]",False,4,,,,467,"Public information on Blue Range Estate Wines is thinner than it is for the Peninsula's headline estates, and that usually tells you something useful straight away. This is unlikely to be a polished all-day destination built for tour buses and long lunches. It is more likely to…","label: ""The Cellar Door Short List | label: ""Mornington Peninsula Winery Guide",3,"[""blue-range-estate-wines""]",,False
bluestone-lane-mornington-peninsula,draft,article,journal,cellar-door-dispatch,Bluestone Lane: A Peninsula producer to verify before you build the day around it,Bluestone Lane sits in the long tail of Peninsula wine addresses that do not advertise themselves loudly. That usually means either a small producer worth seeking out or a venue whose current public access needs checking before you commit the drive.,editorial,2026-05-02,2026-05-02,https://peninsulainsider.com.au/journal/bluestone-lane-mornington-peninsula/,"[""wine"", ""cellar-door"", ""mornington-peninsula""]",False,4,,,,456,"Public information on Bluestone Lane is thinner than it is for the Peninsula's headline estates, and that usually tells you something useful straight away. This is unlikely to be a polished all-day destination built for tour buses and long lunches. It is more likely to be a…","label: ""The Cellar Door Short List | label: ""Mornington Peninsula Winery Guide",3,"[""bluestone-lane""]",,False
boneo-plains-mornington-peninsula,draft,article,journal,cellar-door-dispatch,Boneo Plains: A Peninsula producer to verify before you build the day around it,Boneo Plains sits in the long tail of Peninsula wine addresses that do not advertise themselves loudly. That usually means either a small producer worth seeking out or a venue whose current public access needs checking before you commit the drive.,editorial,2026-05-02,2026-05-02,https://peninsulainsider.com.au/journal/boneo-plains-mornington-peninsula/,"[""wine"", ""cellar-door"", ""mornington-peninsula""]",False,4,,,,456,"Public information on Boneo Plains is thinner than it is for the Peninsula's headline estates, and that usually tells you something useful straight away. This is unlikely to be a polished all-day destination built for tour buses and long lunches. It is more likely to be a…","label: ""The Cellar Door Short List | label: ""Mornington Peninsula Winery Guide",3,"[""boneo-plains""]",,False
box-stallion-winery,draft,article,journal,cellar-door-dispatch,Box Stallion: A Peninsula producer to verify before you build the day around it,Box Stallion sits in the long tail of Peninsula wine addresses that do not advertise themselves loudly. That usually means either a small producer worth seeking out or a venue whose current public access needs checking before you commit the drive.,editorial,2026-05-02,2026-05-02,https://peninsulainsider.com.au/journal/box-stallion-winery/,"[""wine"", ""cellar-door"", ""mornington-peninsula""]",False,4,,,,456,"Public information on Box Stallion is thinner than it is for the Peninsula's headline estates, and that usually tells you something useful straight away. This is unlikely to be a polished all-day destination built for tour buses and long lunches. It is more likely to be a…","label: ""The Cellar Door Short List | label: ""Mornington Peninsula Winery Guide",3,"[""box-stallion""]",,False
breakfast-before-the-crowds,live,article,journal,insider-edit,Breakfast Before the Crowds: Where Locals Actually Eat at 8am,"The long lunches get the headlines. But the Peninsula's first hour of the day  -  the flat white, the croissant out of the oven, the eggs on a working bakery's sourdough  -  is the quieter, better-value half of the food story. Here is where locals go, and the order to do it in.",editorial,2026-04-09,2026-04-22,https://peninsulainsider.com.au/journal/breakfast-before-the-crowds/,"[""eat"", ""coffee"", ""breakfast"", ""bakery"", ""mornington"", ""flinders"", ""sorrento"", ""red-hill""]",False,7,,,,1482,"The Mornington Peninsula, correctly operated, is a morning region. The light at 7:30am on the bay side is better than the light at midday. The cellar doors do not open until eleven. The hatted restaurants are still finishing their mise. And the cafes - if you know which ones,…","label: ""The Peninsula Pantry — Shopping the Region's Larder | label: ""The Market Saturday — Two Weekends Built Around the Markets | label: ""The Four-Hour Peninsula — Compact Day Guide",3,commonfolk-coffee | flinders-sourdough | the-continental-sorrento | pier-street-flinders | epicurean-red-hill | mornington-farmers-market | store-ten | rocker | sourdough-kitchen | small-stone-pantry | flinders-general-store | red-hill-bakery | sorrento-bakery | balnarring-bakehouse | somers-general,,False
brimsmore-park-winery,draft,article,journal,cellar-door-dispatch,Brimsmore Park Winery: A quiet cellar-door lead best treated as a second-stop prospect,Brimsmore Park Winery sits in the long tail of Peninsula wine addresses that do not advertise themselves loudly. That usually means either a small producer worth seeking out or a venue whose current public access needs checking before you commit the drive.,editorial,2026-05-02,2026-05-02,https://peninsulainsider.com.au/journal/brimsmore-park-winery/,"[""wine"", ""cellar-door"", ""mornington-peninsula""]",False,4,,,,462,"Public information on Brimsmore Park Winery is thinner than it is for the Peninsula's headline estates, and that usually tells you something useful straight away. This is unlikely to be a polished all-day destination built for tour buses and long lunches. It is more likely to be…","label: ""The Cellar Door Short List | label: ""Mornington Peninsula Winery Guide",3,"[""brimsmore-park-winery""]",,False
bristol-farm-mornington-peninsula,draft,article,journal,cellar-door-dispatch,Bristol Farm: A Peninsula producer to verify before you build the day around it,Bristol Farm sits in the long tail of Peninsula wine addresses that do not advertise themselves loudly. That usually means either a small producer worth seeking out or a venue whose current public access needs checking before you commit the drive.,editorial,2026-05-02,2026-05-02,https://peninsulainsider.com.au/journal/bristol-farm-mornington-peninsula/,"[""wine"", ""cellar-door"", ""mornington-peninsula""]",False,4,,,,456,"Public information on Bristol Farm is thinner than it is for the Peninsula's headline estates, and that usually tells you something useful straight away. This is unlikely to be a polished all-day destination built for tour buses and long lunches. It is more likely to be a…","label: ""The Cellar Door Short List | label: ""Mornington Peninsula Winery Guide",3,"[""bristol-farm""]",,False
cape-schanck-guide,live,article,journal,trail-guide,Cape Schanck — The Complete Guide,"The 1859 limestone lighthouse, the boardwalk to Pulpit Rock and Pebble Beach, and the 5.4km return walk to Bushrangers Bay. Cape Schanck lighthouse grounds are free from 6am — lighthouse tours are ticketed. Here is everything.",editorial,2026-04-22,2026-04-22,https://peninsulainsider.com.au/journal/cape-schanck-guide/,"[""cape-schanck"", ""lighthouse"", ""walk"", ""national-park"", ""boardwalk"", ""mornington-peninsula""]",False,6,,,,584,"import AlertBlock from '../../components/AlertBlock.astro'; <AlertBlock type=""warning"" heading=""Boardwalk upgrades in progress — verify access before visiting"" Parks Victoria is completing upgrades to the Cape Schanck visitor precinct: track resurfacing, improved lookouts, and…","label: ""Things to Do on the Mornington Peninsula | label: ""Free Things to Do on the Mornington Peninsula | label: ""Two Bays Walking Track | label: ""Point Nepean National Park Guide",4,,,False
cooralook-wines-mornington-peninsula,draft,article,journal,cellar-door-dispatch,Cooralook Wines: A quiet cellar-door lead best treated as a second-stop prospect,Cooralook Wines sits in the long tail of Peninsula wine addresses that do not advertise themselves loudly. That usually means either a small producer worth seeking out or a venue whose current public access needs checking before you commit the drive.,editorial,2026-05-02,2026-05-02,https://peninsulainsider.com.au/journal/cooralook-wines-mornington-peninsula/,"[""wine"", ""cellar-door"", ""mornington-peninsula""]",False,4,,,,457,"Public information on Cooralook Wines is thinner than it is for the Peninsula's headline estates, and that usually tells you something useful straight away. This is unlikely to be a polished all-day destination built for tour buses and long lunches. It is more likely to be a…","label: ""The Cellar Door Short List | label: ""Mornington Peninsula Winery Guide",3,"[""cooralook-wines""]",,False
corporate-events-how-to-plan-peninsula-retreat,live,article,plans,service,How to Plan a Mornington Peninsula Corporate Retreat,"The best Peninsula retreats balance work, hospitality, and recovery. This is how to structure an offsite that actually feels worth leaving Melbourne for.",editorial,2026-04-19,2026-04-22,https://peninsulainsider.com.au/plans/corporate-events-how-to-plan-peninsula-retreat/,"[""corporate-events"", ""retreats"", ""offsites"", ""stay"", ""red-hill"", ""sorrento""]",True,7,,,,812,"A Peninsula corporate retreat only works if it gives people something better than staying in Melbourne and sitting in a hotel meeting room. The location has to change the quality of the conversations, the atmosphere, and the rhythm of the day. That is the real standard. The best…","label: ""Red Hill vs Sorrento for a Corporate Offsite | label: ""Where to Stay on the Mornington Peninsula | label: ""Hatted Restaurants on the Mornington Peninsula 2025",3,,,False
corporate-events-red-hill-vs-sorrento,live,article,journal,service,Red Hill vs Sorrento for a Corporate Offsite,"The Peninsula's two strongest offsite moods are not interchangeable. Red Hill and Sorrento suit different formats, different teams, and different ideas of premium.",editorial,2026-04-19,2026-04-22,https://peninsulainsider.com.au/journal/corporate-events-red-hill-vs-sorrento/,"[""corporate-events"", ""red-hill"", ""sorrento"", ""retreats"", ""offsites"", ""planning""]",True,6,,,,383,"If you are choosing between Red Hill and Sorrento for a corporate offsite, you are not just choosing a location. You are choosing a tone. Both can work. They just work differently. Red Hill: better for retreat energy Red Hill is usually stronger when you want the offsite to…","label: ""How to Plan a Mornington Peninsula Corporate Retreat | label: ""Best Spas on the Mornington Peninsula | label: ""Where to Stay on the Mornington Peninsula",3,,,False
craig-avon-vineyard,draft,article,journal,cellar-door-dispatch,Craig Avon Vineyard: A small-producer stop for readers who prefer substance to spectacle,Craig Avon Vineyard sits in the long tail of Peninsula wine addresses that do not advertise themselves loudly. That usually means either a small producer worth seeking out or a venue whose current public access needs checking before you commit the drive.,editorial,2026-05-02,2026-05-02,https://peninsulainsider.com.au/journal/craig-avon-vineyard/,"[""wine"", ""cellar-door"", ""mornington-peninsula""]",False,4,,,,461,"Public information on Craig Avon Vineyard is thinner than it is for the Peninsula's headline estates, and that usually tells you something useful straight away. This is unlikely to be a polished all-day destination built for tour buses and long lunches. It is more likely to be a…","label: ""The Cellar Door Short List | label: ""Mornington Peninsula Winery Guide",3,"[""craig-avon-vineyard""]",,False
darling-park-winery,draft,article,journal,cellar-door-dispatch,Darling Park: A Peninsula producer to verify before you build the day around it,Darling Park sits in the long tail of Peninsula wine addresses that do not advertise themselves loudly. That usually means either a small producer worth seeking out or a venue whose current public access needs checking before you commit the drive.,editorial,2026-05-02,2026-05-02,https://peninsulainsider.com.au/journal/darling-park-winery/,"[""wine"", ""cellar-door"", ""mornington-peninsula""]",False,4,,,,456,"Public information on Darling Park is thinner than it is for the Peninsula's headline estates, and that usually tells you something useful straight away. This is unlikely to be a polished all-day destination built for tour buses and long lunches. It is more likely to be a…","label: ""The Cellar Door Short List | label: ""Mornington Peninsula Winery Guide",3,"[""darling-park""]",,False
dog-daycare-boarding-groomers-pet-shops-mornington-peninsula,live,article,journal,service,"Dog Daycare, Boarding, Groomers and Pet Shops on the Mornington Peninsula","The practical support layer for doing the Peninsula with a dog — when plans change, the day runs long, or the dog needs somewhere to be while you're at a restaurant that doesn't allow them.",editorial,2026-04-17,2026-04-22,https://peninsulainsider.com.au/journal/dog-daycare-boarding-groomers-pet-shops-mornington-peninsula/,"[""dogs"", ""peninsula"", ""service"", ""boarding"", ""grooming"", ""pet-shops""]",False,4,,,,503,"Dog-owner utility is where most travel guides fall apart. The practical layer — what to do when the dog needs to be somewhere while you're at a restaurant, or when you've left supplies at home — determines whether the Peninsula trip still works when plans change. This page…","label: ""The Dog-Friendly Peninsula — Full Weekend Guide | label: ""Dog-Friendly Accommodation on the Mornington Peninsula | label: ""Emergency Vet and Pet Help",3,,,False
dog-friendly-accommodation-mornington-peninsula,live,article,journal,service,Dog-Friendly Accommodation on the Mornington Peninsula,"The stays that genuinely work with a dog on the Peninsula — where fencing, policy clarity, and beach proximity matter more than brochure charm. What the Peninsula's accommodation landscape actually looks like for dog owners.",editorial,2026-04-17,2026-04-22,https://peninsulainsider.com.au/journal/dog-friendly-accommodation-mornington-peninsula/,"[""dogs"", ""accommodation"", ""peninsula"", ""service"", ""explore"", ""pet-friendly""]",False,5,,,,667,"The right dog-friendly stay is not just one that allows pets. It is one that still makes the trip feel worth taking. That means less attention to pet-policy marketing language and more attention to fencing, beach proximity, and whether the property's configuration actually suits…","label: ""The Dog-Friendly Peninsula — Full Weekend Guide | label: ""Dog-Friendly Beaches on the Mornington Peninsula | label: ""Where to Stay on the Mornington Peninsula",3,,,False
dog-friendly-beaches-mornington-peninsula,live,article,journal,service,Dog-Friendly Beaches on the Mornington Peninsula,"Six confirmed year-round off-leash beaches, the 9am–7pm rule every dog owner gets wrong, and the two active safety alerts that apply right now — including a poison baiting program active across the National Park until October 2026.",editorial,2026-04-17,2026-04-22,https://peninsulainsider.com.au/journal/dog-friendly-beaches-mornington-peninsula/,"[""dogs"", ""beaches"", ""pet-friendly"", ""mornington-peninsula"", ""outdoors"", ""family""]",False,8,,,,1087,"import AlertBlock from '../../components/AlertBlock.astro'; <AlertBlock type=""danger"" heading=""PAPP fox baiting active across National Park — dogs will die"" Poison Animal Pest Programme (PAPP) baiting and trapping is active from Portsea Ocean Beach to Greens Bush until October…","label: ""Free Things to Do on the Mornington Peninsula | label: ""Things to Do on the Mornington Peninsula | label: ""Dog-Friendly Wineries on the Mornington Peninsula",4,,,False
dog-friendly-cafes-pubs-wineries-mornington-peninsula,live,article,journal,service,"Dog-Friendly Cafés, Pubs and Wineries on the Mornington Peninsula","The cafés, pubs, and cellar doors that actually work when the dog is part of the Peninsula plan. Confirmed venues with known policies — plus the two wineries that explicitly say no.",editorial,2026-04-17,2026-04-22,https://peninsulainsider.com.au/journal/dog-friendly-cafes-pubs-wineries-mornington-peninsula/,"[""dogs"", ""cafes"", ""pubs"", ""wineries"", ""peninsula"", ""pet-friendly"", ""service""]",False,6,,,,666,A lot of venues say they are dog-friendly when what they really mean is that they will tolerate a dog if you stay outside and do not inconvenience anyone. That is not the same as a venue that genuinely works when the dog is part of the plan. What follows is the verified short…,"label: ""Dog-Friendly Wineries on the Mornington Peninsula | label: ""The Dog-Friendly Peninsula — Full Weekend Guide | label: ""Dog-Friendly Beaches on the Mornington Peninsula",3,,,False
dog-friendly-wineries-mornington-peninsula,live,article,journal,service,Dog-Friendly Wineries on the Mornington Peninsula,"The confirmed yes list, the confirmed no list, and the honest unknown list. Stonier Wines and Main Ridge Estate are confirmed dog-friendly. Foxeys Hangout and Quealy Winemakers explicitly say no. Most wineries are unconfirmed — here is the accurate picture.",editorial,2026-04-22,2026-04-22,https://peninsulainsider.com.au/journal/dog-friendly-wineries-mornington-peninsula/,"[""dog-friendly"", ""wineries"", ""cellar-door"", ""mornington-peninsula"", ""pets""]",False,6,,,,601,"Most Peninsula winery websites don't mention dogs. That doesn't mean dogs are welcome — it means the policy is unconfirmed. This page documents what is actually known: the confirmed yes list, the confirmed no list, and an honest statement about the venues where the policy is…","label: ""Dog-Friendly Beaches on the Mornington Peninsula | label: ""The Mornington Peninsula Winery Guide | label: ""Things to Do on the Mornington Peninsula",4,,,False
dromana-valley-wines,draft,article,journal,cellar-door-dispatch,Dromana Valley Wines: A quiet cellar-door lead best treated as a second-stop prospect,Dromana Valley Wines sits in the long tail of Peninsula wine addresses that do not advertise themselves loudly. That usually means either a small producer worth seeking out or a venue whose current public access needs checking before you commit the drive.,editorial,2026-05-02,2026-05-02,https://peninsulainsider.com.au/journal/dromana-valley-wines/,"[""wine"", ""cellar-door"", ""mornington-peninsula""]",False,4,,,,462,"Public information on Dromana Valley Wines is thinner than it is for the Peninsula's headline estates, and that usually tells you something useful straight away. This is unlikely to be a polished all-day destination built for tour buses and long lunches. It is more likely to be…","label: ""The Cellar Door Short List | label: ""Mornington Peninsula Winery Guide",3,"[""dromana-valley-wines""]",,False
dunns-creek-estate,draft,article,journal,cellar-door-dispatch,Dunns Creek Estate: A low-profile Peninsula estate that needs a call-ahead approach,Dunns Creek Estate sits in the long tail of Peninsula wine addresses that do not advertise themselves loudly. That usually means either a small producer worth seeking out or a venue whose current public access needs checking before you commit the drive.,editorial,2026-05-02,2026-05-02,https://peninsulainsider.com.au/journal/dunns-creek-estate/,"[""wine"", ""cellar-door"", ""mornington-peninsula""]",False,4,,,,461,"Public information on Dunns Creek Estate is thinner than it is for the Peninsula's headline estates, and that usually tells you something useful straight away. This is unlikely to be a polished all-day destination built for tour buses and long lunches. It is more likely to be a…","label: ""The Cellar Door Short List | label: ""Mornington Peninsula Winery Guide",3,"[""dunns-creek-estate""]",,False
elan-vineyard-balnarring,draft,article,journal,cellar-door-dispatch,Elan Vineyard: A small-producer stop for readers who prefer substance to spectacle,Elan Vineyard sits in the long tail of Peninsula wine addresses that do not advertise themselves loudly. That usually means either a small producer worth seeking out or a venue whose current public access needs checking before you commit the drive.,editorial,2026-05-02,2026-05-02,https://peninsulainsider.com.au/journal/elan-vineyard-balnarring/,"[""wine"", ""cellar-door"", ""balnarring""]",False,4,,,,455,"Public information on Elan Vineyard is thinner than it is for the Peninsula's headline estates, and that usually tells you something useful straight away. This is unlikely to be a polished all-day destination built for tour buses and long lunches. It is more likely to be a…","label: ""The Cellar Door Short List | label: ""Mornington Peninsula Winery Guide",3,"[""elan-vineyard""]",,False
emergency-vet-pet-help-mornington-peninsula,live,article,journal,service,Emergency Vet and Pet Help on the Mornington Peninsula,"What to do when a Peninsula day with the dog goes wrong. Emergency contacts, the PAPP poisoning antidote, after-hours vet access, and the Animal Poisons Helpline. Calm, practical, verified.",editorial,2026-04-17,2026-04-22,https://peninsulainsider.com.au/journal/emergency-vet-pet-help-mornington-peninsula/,"[""dogs"", ""emergency"", ""vet"", ""peninsula"", ""service"", ""pet-friendly""]",False,4,,,,418,This page exists because not every Peninsula day goes to plan. Use it calmly. --- If your dog has ingested PAPP fox bait Act immediately. PAPP (Poison Animal Pest Programme) bait is active across the Mornington Peninsula National Park until October 2026 and is lethal without…,"label: ""Dog-Friendly Beaches on the Mornington Peninsula | label: ""The Dog-Friendly Peninsula — Full Weekend Guide | label: ""Where to Walk the Dog on the Mornington Peninsula",3,,,False
even-keel-polperro-wines,draft,article,journal,cellar-door-dispatch,Even Keel: A Peninsula producer to verify before you build the day around it,Even Keel sits in the long tail of Peninsula wine addresses that do not advertise themselves loudly. That usually means either a small producer worth seeking out or a venue whose current public access needs checking before you commit the drive.,editorial,2026-05-02,2026-05-02,https://peninsulainsider.com.au/journal/even-keel-polperro-wines/,"[""wine"", ""cellar-door"", ""red-hill""]",False,4,,,,456,"Public information on Even Keel is thinner than it is for the Peninsula's headline estates, and that usually tells you something useful straight away. This is unlikely to be a polished all-day destination built for tour buses and long lunches. It is more likely to be a…","label: ""The Cellar Door Short List | label: ""Mornington Peninsula Winery Guide",3,"[""even-keel""]",,False
first-time-peninsula,live,article,journal,service,First Time on the Peninsula: The Honest Starter Guide,"You have never been to the Mornington Peninsula. You have a free weekend. You want to know what is actually good, what is overrated, and what the people who live here would tell you to do. This is that guide.",editorial,2026-04-10,2026-04-22,https://peninsulainsider.com.au/journal/first-time-peninsula/,"[""first-timers"", ""guide"", ""overview"", ""planning"", ""explore"", ""weekend""]",True,9,,,,1808,"Here is what nobody tells you about the Mornington Peninsula before your first visit: it is much larger than you think, the best parts of it are not the most famous parts, the drive from Melbourne takes longer than Google says on a Saturday morning, and the single biggest…","label: ""The Four-Hour Peninsula — Compact Day Guide | label: ""Where to Stay on the Mornington Peninsula | label: ""Hatted Restaurants on the Mornington Peninsula 2025",3,"[""montalto"", ""ten-minutes-by-tractor"", ""merricks-general-wine-store"", ""commonfolk-coffee"", ""flinders-hotel"", ""hotel-sorrento"", ""red-hill-brewery"", ""alba-thermal-springs"", ""peninsula-hot-springs"", ""polperro"", ""lindenderry"", ""jackalope"", ""flinders-sourdough"", ""red-hill-cheese"", ""sorrento-bakery"", ""sorrento-hotel"", ""portsea-hotel"", ""main-ridge-dairy""]",,False
free-things-to-do-mornington-peninsula,live,article,journal,service,Free Things to Do on the Mornington Peninsula,Free vehicle entry to Point Nepean National Park. Coolart Wetlands open daily at no cost. Cape Schanck lighthouse grounds free from 6am. A complete guide to what costs nothing — and what almost nothing — on the Peninsula.,editorial,2026-04-22,2026-04-22,https://peninsulainsider.com.au/journal/free-things-to-do-mornington-peninsula/,"[""free"", ""budget"", ""outdoors"", ""families"", ""national-park"", ""mornington-peninsula""]",False,7,,,,776,"import AlertBlock from '../../components/AlertBlock.astro'; The Mornington Peninsula's best-known experiences — Peninsula Hot Springs, Arthurs Seat Eagle, Ashcombe Maze, the hatted restaurants — all cost money. But there are genuinely good free options, and several of them rank…","label: ""Things to Do on the Mornington Peninsula | label: ""Point Nepean National Park Guide | label: ""Cape Schanck Guide | label: ""Dog-Friendly Beaches on the Mornington Peninsula",4,,,False
frogspond-winery-mornington,draft,article,journal,cellar-door-dispatch,Frogspond: A Peninsula producer to verify before you build the day around it,Frogspond sits in the long tail of Peninsula wine addresses that do not advertise themselves loudly. That usually means either a small producer worth seeking out or a venue whose current public access needs checking before you commit the drive.,editorial,2026-05-02,2026-05-02,https://peninsulainsider.com.au/journal/frogspond-winery-mornington/,"[""wine"", ""cellar-door"", ""mornington""]",False,4,,,,450,"Public information on Frogspond is thinner than it is for the Peninsula's headline estates, and that usually tells you something useful straight away. This is unlikely to be a polished all-day destination built for tour buses and long lunches. It is more likely to be a…","label: ""The Cellar Door Short List | label: ""Mornington Peninsula Winery Guide",3,"[""frogspond""]",,False
gibson-estate-mornington,draft,article,journal,cellar-door-dispatch,Gibson Estate: A low-profile Peninsula estate that needs a call-ahead approach,Gibson Estate sits in the long tail of Peninsula wine addresses that do not advertise themselves loudly. That usually means either a small producer worth seeking out or a venue whose current public access needs checking before you commit the drive.,editorial,2026-05-02,2026-05-02,https://peninsulainsider.com.au/journal/gibson-estate-mornington/,"[""wine"", ""cellar-door"", ""mornington""]",False,4,,,,455,"Public information on Gibson Estate is thinner than it is for the Peninsula's headline estates, and that usually tells you something useful straight away. This is unlikely to be a polished all-day destination built for tour buses and long lunches. It is more likely to be a…","label: ""The Cellar Door Short List | label: ""Mornington Peninsula Winery Guide",3,"[""gibson-estate""]",,False
handpicked-wines-mornington,draft,article,journal,cellar-door-dispatch,Handpicked Wines: A quiet cellar-door lead best treated as a second-stop prospect,Handpicked Wines sits in the long tail of Peninsula wine addresses that do not advertise themselves loudly. That usually means either a small producer worth seeking out or a venue whose current public access needs checking before you commit the drive.,editorial,2026-05-02,2026-05-02,https://peninsulainsider.com.au/journal/handpicked-wines-mornington/,"[""wine"", ""cellar-door"", ""mornington""]",False,4,,,,456,"Public information on Handpicked Wines is thinner than it is for the Peninsula's headline estates, and that usually tells you something useful straight away. This is unlikely to be a polished all-day destination built for tour buses and long lunches. It is more likely to be a…","label: ""The Cellar Door Short List | label: ""Mornington Peninsula Winery Guide",3,"[""handpicked-wines""]",,False
harlow-park-estate,draft,article,journal,cellar-door-dispatch,Harlow Park Estate: A low-profile Peninsula estate that needs a call-ahead approach,Harlow Park Estate sits in the long tail of Peninsula wine addresses that do not advertise themselves loudly. That usually means either a small producer worth seeking out or a venue whose current public access needs checking before you commit the drive.,editorial,2026-05-02,2026-05-02,https://peninsulainsider.com.au/journal/harlow-park-estate/,"[""wine"", ""cellar-door"", ""mornington-peninsula""]",False,4,,,,461,"Public information on Harlow Park Estate is thinner than it is for the Peninsula's headline estates, and that usually tells you something useful straight away. This is unlikely to be a polished all-day destination built for tour buses and long lunches. It is more likely to be a…","label: ""The Cellar Door Short List | label: ""Mornington Peninsula Winery Guide",3,"[""harlow-park-estate""]",,False
hatted-restaurants-mornington-peninsula-2025,live,article,journal,service,The Hatted Restaurants of the Mornington Peninsula,"Four two-hat venues, seven one-hat tables, and a debut two-hat restaurant that opened in February. The complete Good Food Guide hat list for the Peninsula, with booking realities and what each restaurant actually is.",editorial,2026-04-22,2026-04-22,https://peninsulainsider.com.au/journal/hatted-restaurants-mornington-peninsula-2025/,"[""hatted-restaurants"", ""fine-dining"", ""food-guide"", ""mornington-peninsula"", ""winery-dining""]",True,9,,,,1231,"The Good Food Guide awarded 15 hats to Peninsula restaurants across 11 venues. The Peninsula's hatted scene has changed significantly: Barragunda Dining debuted at two hats in February, Ten Minutes by Tractor has a new head chef (Craig Lunn, ex-Michelin UK), and Tedesca Osteria…","label: ""Where to Eat on the Mornington Peninsula | label: ""Waterfront Restaurants on the Mornington Peninsula | label: ""The Mornington Peninsula Winery Guide",4,,,False
hickinbotham-of-dromana,draft,article,journal,cellar-door-dispatch,Hickinbotham of Dromana: A Peninsula producer to verify before you build the day around it,Hickinbotham of Dromana sits in the long tail of Peninsula wine addresses that do not advertise themselves loudly. That usually means either a small producer worth seeking out or a venue whose current public access needs checking before you commit the drive.,editorial,2026-05-02,2026-05-02,https://peninsulainsider.com.au/journal/hickinbotham-of-dromana/,"[""wine"", ""cellar-door"", ""dromana""]",False,4,,,,460,"Public information on Hickinbotham of Dromana is thinner than it is for the Peninsula's headline estates, and that usually tells you something useful straight away. This is unlikely to be a polished all-day destination built for tour buses and long lunches. It is more likely to…","label: ""The Cellar Door Short List | label: ""Mornington Peninsula Winery Guide",3,"[""hickinbotham-of-dromana""]",,False
how-to-build-a-red-hill-saturday,live,article,plans,service,What to Do in Red Hill This Weekend: The Saturday Plan,"A market morning, one properly chosen cellar door, and a lunch that earns the drive. The clearest version of a Red Hill Saturday.",editorial,2026-04-08,2026-04-22,https://peninsulainsider.com.au/plans/how-to-build-a-red-hill-saturday/,"[""red-hill"", ""wine"", ""long-lunch"", ""weekend""]",False,6,,,,343,"Red Hill is where people get greedy. They arrive with a list of five cellar doors, two lunch possibilities, maybe a produce stop, maybe a quick detour to the coast, and by four o'clock they are tired, overbooked, and somehow still slightly dissatisfied. The fix is not a more…","label: ""The Cellar Door Short List — Five Producers Worth the Appointment | label: ""How to Plan a Peninsula Weekend | label: ""Hatted Restaurants on the Mornington Peninsula 2025",3,"[""montalto"", ""polperro"", ""ten-minutes-by-tractor"", ""lindenderry"", ""red-hill-market"", ""red-hill-bakery"", ""johnny-ripe"", ""red-hill-cheese"", ""foxeys-hangout"", ""paringa-estate"", ""main-ridge-estate""]",,False
how-to-plan-a-peninsula-weekend,live,article,plans,service,How to Plan a Peninsula Weekend: The Decision Framework,"Stop googling. Start here. A step-by-step planning guide that turns 'we should go to the Peninsula' into an actual weekend, with the decisions in the right order.",editorial,2026-04-10,2026-04-22,https://peninsulainsider.com.au/plans/how-to-plan-a-peninsula-weekend/,"[""planning"", ""weekend"", ""guide"", ""accommodation"", ""booking"", ""first-timers"", ""couples"", ""family"", ""groups""]",False,8,,,,1516,"The Peninsula weekend dies in the planning phase more often than it dies on the road. Someone suggests it on a Tuesday. Everyone agrees. Then comes the research - a dozen winery websites, an accommodation search that returns three hundred results, a restaurant that requires…","label: ""First Time on the Peninsula — The Honest Starter Guide | label: ""Where to Stay on the Mornington Peninsula | label: ""Hatted Restaurants on the Mornington Peninsula 2025",3,"[""ten-minutes-by-tractor"", ""montalto"", ""tedesca-osteria"", ""merricks-general-wine-store"", ""lindenderry"", ""jackalope"", ""polperro-villas"", ""crittenden-villas"", ""hotel-sorrento"", ""flinders-hotel"", ""pt-leo-estate"", ""commonfolk-coffee"", ""alba-thermal-springs"", ""peninsula-hot-springs"", ""the-continental-sorrento"", ""rare-hare"", ""paringa-estate"", ""port-phillip-estate-restaurant"", ""doot-doot-doot""]",,False
hpr-wines-mornington-peninsula,draft,article,journal,cellar-door-dispatch,HPR Wines: A quiet cellar-door lead best treated as a second-stop prospect,HPR Wines sits in the long tail of Peninsula wine addresses that do not advertise themselves loudly. That usually means either a small producer worth seeking out or a venue whose current public access needs checking before you commit the drive.,editorial,2026-05-02,2026-05-02,https://peninsulainsider.com.au/journal/hpr-wines-mornington-peninsula/,"[""wine"", ""cellar-door"", ""mornington-peninsula""]",False,4,,,,457,"Public information on HPR Wines is thinner than it is for the Peninsula's headline estates, and that usually tells you something useful straight away. This is unlikely to be a polished all-day destination built for tour buses and long lunches. It is more likely to be a…","label: ""The Cellar Door Short List | label: ""Mornington Peninsula Winery Guide",3,"[""hpr-wines""]",,False
hurley-vineyard-balnarring,draft,article,journal,cellar-door-dispatch,Hurley Vineyard: A small-producer stop for readers who prefer substance to spectacle,Hurley Vineyard sits in the long tail of Peninsula wine addresses that do not advertise themselves loudly. That usually means either a small producer worth seeking out or a venue whose current public access needs checking before you commit the drive.,editorial,2026-05-02,2026-05-02,https://peninsulainsider.com.au/journal/hurley-vineyard-balnarring/,"[""wine"", ""cellar-door"", ""balnarring""]",False,4,,,,455,"Public information on Hurley Vineyard is thinner than it is for the Peninsula's headline estates, and that usually tells you something useful straight away. This is unlikely to be a polished all-day destination built for tour buses and long lunches. It is more likely to be a…","label: ""The Cellar Door Short List | label: ""Mornington Peninsula Winery Guide",3,"[""hurley-vineyard""]",,False
jones-road-winery-dromana,draft,article,journal,cellar-door-dispatch,Jones Road: A Peninsula producer to verify before you build the day around it,Jones Road sits in the long tail of Peninsula wine addresses that do not advertise themselves loudly. That usually means either a small producer worth seeking out or a venue whose current public access needs checking before you commit the drive.,editorial,2026-05-02,2026-05-02,https://peninsulainsider.com.au/journal/jones-road-winery-dromana/,"[""wine"", ""cellar-door"", ""dromana""]",False,4,,,,455,"Public information on Jones Road is thinner than it is for the Peninsula's headline estates, and that usually tells you something useful straight away. This is unlikely to be a polished all-day destination built for tour buses and long lunches. It is more likely to be a…","label: ""The Cellar Door Short List | label: ""Mornington Peninsula Winery Guide",3,"[""jones-road""]",,False
karina-vineyard-dromana,draft,article,journal,cellar-door-dispatch,Karina Vineyard: A small-producer stop for readers who prefer substance to spectacle,Karina Vineyard sits in the long tail of Peninsula wine addresses that do not advertise themselves loudly. That usually means either a small producer worth seeking out or a venue whose current public access needs checking before you commit the drive.,editorial,2026-05-02,2026-05-02,https://peninsulainsider.com.au/journal/karina-vineyard-dromana/,"[""wine"", ""cellar-door"", ""dromana""]",False,4,,,,455,"Public information on Karina Vineyard is thinner than it is for the Peninsula's headline estates, and that usually tells you something useful straight away. This is unlikely to be a polished all-day destination built for tour buses and long lunches. It is more likely to be a…","label: ""The Cellar Door Short List | label: ""Mornington Peninsula Winery Guide",3,"[""karina-vineyard""]",,False
kings-creek-vineyard,draft,article,journal,cellar-door-dispatch,Kings Creek Vineyard: A small-producer stop for readers who prefer substance to spectacle,Kings Creek Vineyard sits in the long tail of Peninsula wine addresses that do not advertise themselves loudly. That usually means either a small producer worth seeking out or a venue whose current public access needs checking before you commit the drive.,editorial,2026-05-02,2026-05-02,https://peninsulainsider.com.au/journal/kings-creek-vineyard/,"[""wine"", ""cellar-door"", ""mornington-peninsula""]",False,4,,,,461,"Public information on Kings Creek Vineyard is thinner than it is for the Peninsula's headline estates, and that usually tells you something useful straight away. This is unlikely to be a polished all-day destination built for tour buses and long lunches. It is more likely to be…","label: ""The Cellar Door Short List | label: ""Mornington Peninsula Winery Guide",3,"[""kings-creek-vineyard""]",,False
lewood-estate-mornington,draft,article,journal,cellar-door-dispatch,Lewood Estate: A low-profile Peninsula estate that needs a call-ahead approach,Lewood Estate sits in the long tail of Peninsula wine addresses that do not advertise themselves loudly. That usually means either a small producer worth seeking out or a venue whose current public access needs checking before you commit the drive.,editorial,2026-05-02,2026-05-02,https://peninsulainsider.com.au/journal/lewood-estate-mornington/,"[""wine"", ""cellar-door"", ""mornington""]",False,4,,,,455,"Public information on Lewood Estate is thinner than it is for the Peninsula's headline estates, and that usually tells you something useful straight away. This is unlikely to be a polished all-day destination built for tour buses and long lunches. It is more likely to be a…","label: ""The Cellar Door Short List | label: ""Mornington Peninsula Winery Guide",3,"[""lewood-estate""]",,False
little-valley-winery,draft,article,journal,cellar-door-dispatch,Little Valley: A Peninsula producer to verify before you build the day around it,Little Valley sits in the long tail of Peninsula wine addresses that do not advertise themselves loudly. That usually means either a small producer worth seeking out or a venue whose current public access needs checking before you commit the drive.,editorial,2026-05-02,2026-05-02,https://peninsulainsider.com.au/journal/little-valley-winery/,"[""wine"", ""cellar-door"", ""mornington-peninsula""]",False,4,,,,456,"Public information on Little Valley is thinner than it is for the Peninsula's headline estates, and that usually tells you something useful straight away. This is unlikely to be a polished all-day destination built for tour buses and long lunches. It is more likely to be a…","label: ""The Cellar Door Short List | label: ""Mornington Peninsula Winery Guide",3,"[""little-valley""]",,False
luxury-hotels-mornington-peninsula,live,article,journal,service,Luxury Hotels on the Mornington Peninsula — The Honest Guide,"One MICHELIN Two Keys hotel, one IHG five-star on a clifftop, and a country house hotel with two AGFG hats. Plus the most common confusion on the Peninsula: Hotel Sorrento and InterContinental Sorrento are not the same property.",editorial,2026-04-22,2026-04-22,https://peninsulainsider.com.au/journal/luxury-hotels-mornington-peninsula/,"[""luxury-hotels"", ""accommodation"", ""boutique-hotels"", ""michelin"", ""mornington-peninsula"", ""sorrento""]",False,8,,,,794,One clarification before anything else Hotel Sorrento (5–15 Hotham Road) and InterContinental Sorrento (23 Constitution Hill Road) are completely separate properties. This confusion affects more bookings than almost any other issue on the Peninsula. Hotel Sorrento is a boutique…,"label: ""Where to Stay on the Mornington Peninsula | label: ""Peninsula Hot Springs vs Alba (Spa Stays) | label: ""The Best Spas on the Mornington Peninsula",4,,,False
mantons-creek-vineyard,draft,article,journal,cellar-door-dispatch,Mantons Creek: A Peninsula producer to verify before you build the day around it,Mantons Creek sits in the long tail of Peninsula wine addresses that do not advertise themselves loudly. That usually means either a small producer worth seeking out or a venue whose current public access needs checking before you commit the drive.,editorial,2026-05-02,2026-05-02,https://peninsulainsider.com.au/journal/mantons-creek-vineyard/,"[""wine"", ""cellar-door"", ""mornington-peninsula""]",False,4,,,,456,"Public information on Mantons Creek is thinner than it is for the Peninsula's headline estates, and that usually tells you something useful straight away. This is unlikely to be a polished all-day destination built for tour buses and long lunches. It is more likely to be a…","label: ""The Cellar Door Short List | label: ""Mornington Peninsula Winery Guide",3,"[""mantons-creek""]",,False
marinda-park-vineyard,draft,article,journal,cellar-door-dispatch,Marinda Park Vineyard: A small-producer stop for readers who prefer substance to spectacle,Marinda Park Vineyard sits in the long tail of Peninsula wine addresses that do not advertise themselves loudly. That usually means either a small producer worth seeking out or a venue whose current public access needs checking before you commit the drive.,editorial,2026-05-02,2026-05-02,https://peninsulainsider.com.au/journal/marinda-park-vineyard/,"[""wine"", ""cellar-door"", ""mornington-peninsula""]",False,4,,,,461,"Public information on Marinda Park Vineyard is thinner than it is for the Peninsula's headline estates, and that usually tells you something useful straight away. This is unlikely to be a polished all-day destination built for tour buses and long lunches. It is more likely to be…","label: ""The Cellar Door Short List | label: ""Mornington Peninsula Winery Guide",3,"[""marinda-park-vineyard""]",,False
maritime-estate-mornington,draft,article,journal,cellar-door-dispatch,Maritime Estate: A low-profile Peninsula estate that needs a call-ahead approach,Maritime Estate sits in the long tail of Peninsula wine addresses that do not advertise themselves loudly. That usually means either a small producer worth seeking out or a venue whose current public access needs checking before you commit the drive.,editorial,2026-05-02,2026-05-02,https://peninsulainsider.com.au/journal/maritime-estate-mornington/,"[""wine"", ""cellar-door"", ""mornington""]",False,4,,,,455,"Public information on Maritime Estate is thinner than it is for the Peninsula's headline estates, and that usually tells you something useful straight away. This is unlikely to be a polished all-day destination built for tour buses and long lunches. It is more likely to be a…","label: ""The Cellar Door Short List | label: ""Mornington Peninsula Winery Guide",3,"[""maritime-estate""]",,False
martha-cove-vineyard,draft,article,journal,cellar-door-dispatch,Martha Cove Vineyard: A small-producer stop for readers who prefer substance to spectacle,Martha Cove Vineyard sits in the long tail of Peninsula wine addresses that do not advertise themselves loudly. That usually means either a small producer worth seeking out or a venue whose current public access needs checking before you commit the drive.,editorial,2026-05-02,2026-05-02,https://peninsulainsider.com.au/journal/martha-cove-vineyard/,"[""wine"", ""cellar-door"", ""mornington-peninsula""]",False,4,,,,461,"Public information on Martha Cove Vineyard is thinner than it is for the Peninsula's headline estates, and that usually tells you something useful straight away. This is unlikely to be a polished all-day destination built for tour buses and long lunches. It is more likely to be…","label: ""The Cellar Door Short List | label: ""Mornington Peninsula Winery Guide",3,"[""martha-cove-vineyard""]",,False
massoni-wines-mornington,draft,article,journal,cellar-door-dispatch,Massoni: A Peninsula producer to verify before you build the day around it,Massoni sits in the long tail of Peninsula wine addresses that do not advertise themselves loudly. That usually means either a small producer worth seeking out or a venue whose current public access needs checking before you commit the drive.,editorial,2026-05-02,2026-05-02,https://peninsulainsider.com.au/journal/massoni-wines-mornington/,"[""wine"", ""cellar-door"", ""mornington""]",False,4,,,,450,"Public information on Massoni is thinner than it is for the Peninsula's headline estates, and that usually tells you something useful straight away. This is unlikely to be a polished all-day destination built for tour buses and long lunches. It is more likely to be a…","label: ""The Cellar Door Short List | label: ""Mornington Peninsula Winery Guide",3,"[""massoni""]",,False
mccrae-mist-wines,draft,article,journal,cellar-door-dispatch,McCrae Mist Wines: A quiet cellar-door lead best treated as a second-stop prospect,McCrae Mist Wines sits in the long tail of Peninsula wine addresses that do not advertise themselves loudly. That usually means either a small producer worth seeking out or a venue whose current public access needs checking before you commit the drive.,editorial,2026-05-02,2026-05-02,https://peninsulainsider.com.au/journal/mccrae-mist-wines/,"[""wine"", ""cellar-door"", ""mornington-peninsula""]",False,4,,,,462,"Public information on McCrae Mist Wines is thinner than it is for the Peninsula's headline estates, and that usually tells you something useful straight away. This is unlikely to be a polished all-day destination built for tour buses and long lunches. It is more likely to be a…","label: ""The Cellar Door Short List | label: ""Mornington Peninsula Winery Guide",3,"[""mccrae-mist-wines""]",,False
merli-wines-mornington,draft,article,journal,cellar-door-dispatch,Merli: A Peninsula producer to verify before you build the day around it,Merli sits in the long tail of Peninsula wine addresses that do not advertise themselves loudly. That usually means either a small producer worth seeking out or a venue whose current public access needs checking before you commit the drive.,editorial,2026-05-02,2026-05-02,https://peninsulainsider.com.au/journal/merli-wines-mornington/,"[""wine"", ""cellar-door"", ""mornington""]",False,4,,,,450,"Public information on Merli is thinner than it is for the Peninsula's headline estates, and that usually tells you something useful straight away. This is unlikely to be a polished all-day destination built for tour buses and long lunches. It is more likely to be a smaller-scale…","label: ""The Cellar Door Short List | label: ""Mornington Peninsula Winery Guide",3,"[""merli""]",,False
merricks-creek-wines,draft,article,journal,cellar-door-dispatch,Merricks Creek Wines: A quiet cellar-door lead best treated as a second-stop prospect,Merricks Creek Wines sits in the long tail of Peninsula wine addresses that do not advertise themselves loudly. That usually means either a small producer worth seeking out or a venue whose current public access needs checking before you commit the drive.,editorial,2026-05-02,2026-05-02,https://peninsulainsider.com.au/journal/merricks-creek-wines/,"[""wine"", ""cellar-door"", ""mornington-peninsula""]",False,4,,,,462,"Public information on Merricks Creek Wines is thinner than it is for the Peninsula's headline estates, and that usually tells you something useful straight away. This is unlikely to be a polished all-day destination built for tour buses and long lunches. It is more likely to be…","label: ""The Cellar Door Short List | label: ""Mornington Peninsula Winery Guide",3,"[""merricks-creek-wines""]",,False
merricks-estate-winery,draft,article,journal,cellar-door-dispatch,Merricks Estate: A low-profile Peninsula estate that needs a call-ahead approach,Merricks Estate sits in the long tail of Peninsula wine addresses that do not advertise themselves loudly. That usually means either a small producer worth seeking out or a venue whose current public access needs checking before you commit the drive.,editorial,2026-05-02,2026-05-02,https://peninsulainsider.com.au/journal/merricks-estate-winery/,"[""wine"", ""cellar-door"", ""mornington-peninsula""]",False,4,,,,456,"Public information on Merricks Estate is thinner than it is for the Peninsula's headline estates, and that usually tells you something useful straight away. This is unlikely to be a polished all-day destination built for tour buses and long lunches. It is more likely to be a…","label: ""The Cellar Door Short List | label: ""Mornington Peninsula Winery Guide",3,"[""merricks-estate""]",,False
miceli-winery-merricks,draft,article,journal,cellar-door-dispatch,Miceli: A Peninsula producer to verify before you build the day around it,Miceli sits in the long tail of Peninsula wine addresses that do not advertise themselves loudly. That usually means either a small producer worth seeking out or a venue whose current public access needs checking before you commit the drive.,editorial,2026-05-02,2026-05-02,https://peninsulainsider.com.au/journal/miceli-winery-merricks/,"[""wine"", ""cellar-door"", ""merricks""]",False,4,,,,450,"Public information on Miceli is thinner than it is for the Peninsula's headline estates, and that usually tells you something useful straight away. This is unlikely to be a polished all-day destination built for tour buses and long lunches. It is more likely to be a…","label: ""The Cellar Door Short List | label: ""Mornington Peninsula Winery Guide",3,"[""miceli""]",,False
morning-star-estate,draft,article,journal,cellar-door-dispatch,Morning Star Estate: A low-profile Peninsula estate that needs a call-ahead approach,Morning Star Estate sits in the long tail of Peninsula wine addresses that do not advertise themselves loudly. That usually means either a small producer worth seeking out or a venue whose current public access needs checking before you commit the drive.,editorial,2026-05-02,2026-05-02,https://peninsulainsider.com.au/journal/morning-star-estate/,"[""wine"", ""cellar-door"", ""mornington-peninsula""]",False,4,,,,461,"Public information on Morning Star Estate is thinner than it is for the Peninsula's headline estates, and that usually tells you something useful straight away. This is unlikely to be a polished all-day destination built for tour buses and long lunches. It is more likely to be a…","label: ""The Cellar Door Short List | label: ""Mornington Peninsula Winery Guide",3,"[""morning-star-estate""]",,False
morning-sun-vineyard,draft,article,journal,cellar-door-dispatch,Morning Sun Vineyard: A small-producer stop for readers who prefer substance to spectacle,Morning Sun Vineyard sits in the long tail of Peninsula wine addresses that do not advertise themselves loudly. That usually means either a small producer worth seeking out or a venue whose current public access needs checking before you commit the drive.,editorial,2026-05-02,2026-05-02,https://peninsulainsider.com.au/journal/morning-sun-vineyard/,"[""wine"", ""cellar-door"", ""mornington-peninsula""]",False,4,,,,461,"Public information on Morning Sun Vineyard is thinner than it is for the Peninsula's headline estates, and that usually tells you something useful straight away. This is unlikely to be a polished all-day destination built for tour buses and long lunches. It is more likely to be…","label: ""The Cellar Door Short List | label: ""Mornington Peninsula Winery Guide",3,"[""morning-sun-vineyard""]",,False
mornington-day-guide,live,article,plans,service,The Mornington Day: How to Treat the Gateway Town as the Destination,"Forget pressing on to the vineyards. A well-built day in Mornington  -  market, coffee, gallery, foreshore  -  is one of the cleanest Peninsula visits you can make.",editorial,2026-04-05,2026-04-22,https://peninsulainsider.com.au/plans/mornington-day-guide/,"[""mornington"", ""bayside"", ""day-trip"", ""coffee"", ""markets""]",False,5,,,,808,"Mornington has a problem and the problem is geography. It is the first stop on the Peninsula when you drive down from Melbourne, and for a long time that meant nobody stayed - you bought a coffee, stretched your legs, and pressed on to the wineries or the tip. The town became a…","label: ""First Time on the Peninsula — The Honest Starter Guide | label: ""The Four-Hour Peninsula — Compact Day Guide | label: ""Dog-Friendly Cafés, Pubs and Wineries on the Mornington Peninsula",3,"[""commonfolk-coffee"", ""mornington-farmers-market"", ""bass-and-flinders"", ""store-ten"", ""rocker"", ""stringers-mornington"", ""sourdough-kitchen"", ""mr-vincenzos"", ""ciao-amici"", ""cedar-and-pine"", ""the-bay-hotel-mornington"", ""afloat-mornington"", ""the-rocks-mornington""]",,False
mornington-peninsula-beach-guide,live,article,journal,hub-guide,The Mornington Peninsula Beach Guide,"Front Beach, Back Beach and Western Port explained: which beaches are patrolled, where the dogs can go, what's currently closed, and how to plan the weekend around all three coastlines.",editorial,2026-04-22,2026-04-22,https://peninsulainsider.com.au/journal/mornington-peninsula-beach-guide/,"[""beaches"", ""outdoors"", ""dog-friendly"", ""swimming"", ""walking"", ""family"", ""accessibility""]",True,14,,,,2302,"import AlertBlock from '../../components/AlertBlock.astro'; Most visitors arrive on the Mornington Peninsula thinking of ""the beach"" as one thing. It isn't. The peninsula has three coastlines, and each one plays by different rules. On the west, Port Phillip Bay laps at calm,…","label: ""Dog-Friendly Beaches (Complete Guide) | label: ""Two Bays Walk (Section-by-Section) | label: ""Cape Schanck: Lighthouse + Boardwalk | label: ""Point Nepean National Park | label: ""Sorrento Beaches | label: ""Portsea Beaches | label: ""Mount Martha Beaches | label: ""Accessible Beaches",4,,,False
mornington-peninsula-golf-guide,live,article,journal,editors-letter,Mornington Peninsula Golf — Why It's Australia's Best Golf Region,"World-ranked public access, serious course architecture, hot springs within fifteen minutes, and a weekend shape that works even if only one person in the group plays.",editorial,2026-04-14,2026-04-22,https://peninsulainsider.com.au/journal/mornington-peninsula-golf-guide/,"[""golf"", ""mornington-peninsula"", ""weekend-escape"", ""architecture"", ""sport""]",False,8,,,,912,"The Mornington Peninsula is not the only place in Australia with good golf. It may, however, be the place where golf makes the most sense as part of an actual weekend. That distinction matters. Too much golf writing assumes the reader is already committed, already fluent,…","label: ""Best Golf Courses on the Mornington Peninsula — Tier Guide | label: ""St Andrews Beach Golf Course | label: ""Peninsula Hot Springs vs Alba — The Honest Comparison",3,,,False
mornington-peninsula-golf-stay-and-play,live,article,plans,service,Mornington Peninsula Stay and Play Golf — Where to Stay Near Every Course,"The accommodation that makes each Peninsula golf course walkable, driveable, or otherwise properly paired. Ten courses, stay recommendations for each, and the package combinations that actually work.",editorial,2026-04-14,2026-04-22,https://peninsulainsider.com.au/plans/mornington-peninsula-golf-stay-and-play/,"[""golf"", ""stay"", ""mornington-peninsula"", ""packages"", ""weekend-escape""]",False,9,,,,1122,"The single best move a Peninsula golf weekend can make is to cut the driving. Most visitors book a random hotel in Mornington, then commute 30–40 minutes each way to the course. That is 60–80 minutes of daily lost time, multiplied across the trip. Stay within 10 minutes of the…","label: ""Best Golf Courses on the Mornington Peninsula — Tier Guide | label: ""Mornington Peninsula Golf — Why It's Australia's Best Golf Region | label: ""Where to Stay on the Mornington Peninsula",3,,,False
mornington-peninsula-stay-and-soak,live,article,plans,service,Mornington Peninsula Stay and Soak — Where to Stay Near the Hot Springs,"The accommodation pairings that make each Peninsula spa weekend work. Hot springs, resort spas, and boutique treatment rooms — matched to the stays within fifteen minutes that actually fit.",editorial,2026-04-14,2026-04-22,https://peninsulainsider.com.au/plans/mornington-peninsula-stay-and-soak/,"[""spa"", ""hot-springs"", ""stay"", ""wellness"", ""mornington-peninsula"", ""packages"", ""weekend-escape""]",False,8,,,,1280,"The single best move a Peninsula spa weekend can make is to cut the driving. Most visitors book a random Mornington hotel, then commute thirty to forty-five minutes each way to Alba or Peninsula Hot Springs. That is ninety minutes of lost relaxation per spa visit, multiplied…","label: ""Peninsula Hot Springs vs Alba — The Honest Comparison | label: ""Best Spas on the Mornington Peninsula — The Tier Guide | label: ""Where to Stay on the Mornington Peninsula",3,"[""peninsula-hot-springs"", ""alba-thermal-springs"", ""one-spa-racv-cape-schanck"", ""spa-by-jackalope""]",,False
mornington-peninsula-winery-guide,live,article,journal,hub-guide,Mornington Peninsula Winery Guide,"200+ vineyards, 9 distinct sub-regions, and a cool maritime climate that makes Pinot Noir and Chardonnay the Peninsula's strongest suit. Here's how the region fits together, which cellar doors are worth the drive, and where you can bring the dog.",editorial,2026-04-22,2026-04-22,https://peninsulainsider.com.au/journal/mornington-peninsula-winery-guide/,"[""wine"", ""cellar-doors"", ""pinot-noir"", ""chardonnay"", ""dog-friendly"", ""winery-dining"", ""sub-regions""]",True,13,,,,1432,"The Mornington Peninsula wine region is often introduced as a single place. It isn't. It's nine distinct sub-regions spread across 792 hectares of vines, from Moorooduc near Frankston in the north to Main Ridge and Balnarring in the south. Where you drink on the Peninsula…","label: ""Dog-Friendly Wineries on the Mornington Peninsula | label: ""Hatted Restaurants 2025 — Winery Dining | label: ""Book a Peninsula Wine Tour",4,,,False
myrtaceae-winery-red-hill,draft,article,journal,cellar-door-dispatch,Myrtaceae: A Peninsula producer to verify before you build the day around it,Myrtaceae sits in the long tail of Peninsula wine addresses that do not advertise themselves loudly. That usually means either a small producer worth seeking out or a venue whose current public access needs checking before you commit the drive.,editorial,2026-05-02,2026-05-02,https://peninsulainsider.com.au/journal/myrtaceae-winery-red-hill/,"[""wine"", ""cellar-door"", ""red-hill""]",False,4,,,,451,"Public information on Myrtaceae is thinner than it is for the Peninsula's headline estates, and that usually tells you something useful straight away. This is unlikely to be a polished all-day destination built for tour buses and long lunches. It is more likely to be a…","label: ""The Cellar Door Short List | label: ""Mornington Peninsula Winery Guide",3,"[""myrtaceae""]",,False
nazaaray-winery-mornington,draft,article,journal,cellar-door-dispatch,Nazaaray: A Peninsula producer to verify before you build the day around it,Nazaaray sits in the long tail of Peninsula wine addresses that do not advertise themselves loudly. That usually means either a small producer worth seeking out or a venue whose current public access needs checking before you commit the drive.,editorial,2026-05-02,2026-05-02,https://peninsulainsider.com.au/journal/nazaaray-winery-mornington/,"[""wine"", ""cellar-door"", ""mornington""]",False,4,,,,450,"Public information on Nazaaray is thinner than it is for the Peninsula's headline estates, and that usually tells you something useful straight away. This is unlikely to be a polished all-day destination built for tour buses and long lunches. It is more likely to be a…","label: ""The Cellar Door Short List | label: ""Mornington Peninsula Winery Guide",3,"[""nazaaray""]",,False
northway-downs-vineyard,draft,article,journal,cellar-door-dispatch,Northway Downs: A Peninsula producer to verify before you build the day around it,Northway Downs sits in the long tail of Peninsula wine addresses that do not advertise themselves loudly. That usually means either a small producer worth seeking out or a venue whose current public access needs checking before you commit the drive.,editorial,2026-05-02,2026-05-02,https://peninsulainsider.com.au/journal/northway-downs-vineyard/,"[""wine"", ""cellar-door"", ""mornington-peninsula""]",False,4,,,,456,"Public information on Northway Downs is thinner than it is for the Peninsula's headline estates, and that usually tells you something useful straight away. This is unlikely to be a polished all-day destination built for tour buses and long lunches. It is more likely to be a…","label: ""The Cellar Door Short List | label: ""Mornington Peninsula Winery Guide",3,"[""northway-downs""]",,False
osborns-winery-mornington,draft,article,journal,cellar-door-dispatch,Osborns: A Peninsula producer to verify before you build the day around it,Osborns sits in the long tail of Peninsula wine addresses that do not advertise themselves loudly. That usually means either a small producer worth seeking out or a venue whose current public access needs checking before you commit the drive.,editorial,2026-05-02,2026-05-02,https://peninsulainsider.com.au/journal/osborns-winery-mornington/,"[""wine"", ""cellar-door"", ""mornington""]",False,4,,,,450,"Public information on Osborns is thinner than it is for the Peninsula's headline estates, and that usually tells you something useful straight away. This is unlikely to be a polished all-day destination built for tour buses and long lunches. It is more likely to be a…","label: ""The Cellar Door Short List | label: ""Mornington Peninsula Winery Guide",3,"[""osborns""]",,False
peninsula-hot-springs-vs-alba,live,article,journal,investigation,Peninsula Hot Springs vs Alba Thermal Springs — Which One Should You Book?,"The two major hot springs on the Mornington Peninsula sit fifteen minutes apart and cost roughly the same. They are not the same experience. Here is the honest, venue-by-venue comparison — and which one to book for which kind of day.",editorial,2026-04-14,2026-04-22,https://peninsulainsider.com.au/journal/peninsula-hot-springs-vs-alba/,"[""hot-springs"", ""spa"", ""wellness"", ""mornington-peninsula"", ""comparison"", ""alba"", ""peninsula-hot-springs""]",False,11,,,,1513,"The Mornington Peninsula now has two serious geothermal bathhouses within fifteen minutes of each other, and deciding between them has become the single most common wellness question Peninsula visitors ask. Both are good. They are not interchangeable. Peninsula Hot Springs…","label: ""Peninsula Hot Springs — full venue guide | label: ""Alba Thermal Springs — full venue guide | label: ""Where to Stay Near the Hot Springs | label: ""The Best Spas on the Mornington Peninsula | label: ""Guided Hot Springs Tours — From Melbourne",3,"[""peninsula-hot-springs"", ""alba-thermal-springs"", ""one-spa-racv-cape-schanck""]",,False
peninsula-this-weekend-april-24,live,article,journal,weekend-picker,Peninsula This Weekend  -  24 to 26 April,"ANZAC dawn is the weekend's clearest call. Around it, the Peninsula is offering a reflective long-weekend mix of writers, walks, warm water, and a few better decisions than the obvious crowd-chase.",editorial,2026-04-24,2026-04-22,https://peninsulainsider.com.au/journal/peninsula-this-weekend-april-24/,"[""weekend-picker"", ""anzac-day"", ""whats-on"", ""service""]",False,6,,,,1146,"_Peninsula This Weekend is our recurring Friday-useful dispatch: the plan we'd actually make, the backup we'd keep in our pocket, and the bit of weekend thinking we'd happily do for you._ This week's recommendation is simple. Build the weekend around one meaningful commitment,…","label: ""The Point Nepean Half-Day | label: ""The Sorrento Weekend | label: ""Peninsula Hot Springs vs Alba — The Honest Comparison",3,[],,False
peninsula-this-weekend-april-26,live,article,journal,weekend-picker,Peninsula This Weekend — 2 to 3 May,"Red Hill Market is this Saturday. After that, stay south.",editorial,2026-04-26,2026-04-26,https://peninsulainsider.com.au/journal/peninsula-this-weekend-april-26/,"[""weekend-picker"", ""autumn"", ""whats-on"", ""may-planning"", ""red-hill-market""]",False,5,,,,558,"_Peninsula This Weekend is our weekly dispatch: the plan we'd actually make for the weekend ahead, the booking worth locking in, and the bit of weekend thinking we'd happily do for you._ The first weekend of May is a good one to plan properly. The school holiday crowd is gone,…","label: ""How to Build a Red Hill Saturday | label: ""The Cellar Door Short List | label: ""Peninsula Hot Springs vs Alba — The Honest Comparison",2,[],,False
peninsula-this-weekend-may-03,live,article,journal,weekend-picker,Peninsula This Weekend — 9 to 10 May,"Mother's Day is the organising principle. Book lunch first, then let the rest of the weekend behave.",editorial,2026-05-03,2026-05-07,https://peninsulainsider.com.au/journal/peninsula-this-weekend-may-03/,"[""weekend-picker"", ""whats-on"", ""may-planning"", ""family-saturday"", ""rainy-day"", ""mothers-day""]",False,5,,,,566,"_Peninsula This Weekend is our weekly dispatch: the plan we'd actually make for the weekend ahead, the booking worth locking in, and the bit of weekend thinking we'd happily do for you._ The second weekend of May has a clear organising principle. Mother's Day is not a side note…","label: ""Peninsula Hot Springs vs Alba — The Honest Comparison | label: ""Things to Do on the Mornington Peninsula | label: ""Mornington Peninsula Beach Guide",2,[],,False
peninsula-this-weekend-may-16,live,article,journal,weekend-picker,Peninsula This Weekend — 16 to 17 May,"The quiet weekend. One forest, one forage, and the last few Sundays of the Shoreham market season.",editorial,2026-05-11,2026-05-11,https://peninsulainsider.com.au/journal/peninsula-this-weekend-may-16/,"[""weekend-picker"", ""whats-on"", ""may-planning"", ""autumn"", ""food-wine"", ""rainy-day""]",True,5,,,,958,"_Peninsula This Weekend is our weekly dispatch: the plan we'd actually make for the weekend ahead, the booking worth locking in, and the bit of weekend thinking we'd happily do for you._ The weekend after Mother's Day is the first genuinely quiet one on the Peninsula calendar.…","label: ""How to Build a Red Hill Saturday | label: ""The Cellar Door Short List | label: ""Things to Do on the Mornington Peninsula",2,[],,False
phaedrus-estate-mornington,draft,article,journal,cellar-door-dispatch,Phaedrus Estate: A low-profile Peninsula estate that needs a call-ahead approach,Phaedrus Estate sits in the long tail of Peninsula wine addresses that do not advertise themselves loudly. That usually means either a small producer worth seeking out or a venue whose current public access needs checking before you commit the drive.,editorial,2026-05-02,2026-05-02,https://peninsulainsider.com.au/journal/phaedrus-estate-mornington/,"[""wine"", ""cellar-door"", ""mornington""]",False,4,,,,455,"Public information on Phaedrus Estate is thinner than it is for the Peninsula's headline estates, and that usually tells you something useful straight away. This is unlikely to be a polished all-day destination built for tour buses and long lunches. It is more likely to be a…","label: ""The Cellar Door Short List | label: ""Mornington Peninsula Winery Guide",3,"[""phaedrus-estate""]",,False
pier-10-wines-mornington,draft,article,journal,cellar-door-dispatch,Pier 10: A Peninsula producer to verify before you build the day around it,Pier 10 sits in the long tail of Peninsula wine addresses that do not advertise themselves loudly. That usually means either a small producer worth seeking out or a venue whose current public access needs checking before you commit the drive.,editorial,2026-05-02,2026-05-02,https://peninsulainsider.com.au/journal/pier-10-wines-mornington/,"[""wine"", ""cellar-door"", ""mornington""]",False,4,,,,455,"Public information on Pier 10 is thinner than it is for the Peninsula's headline estates, and that usually tells you something useful straight away. This is unlikely to be a polished all-day destination built for tour buses and long lunches. It is more likely to be a…","label: ""The Cellar Door Short List | label: ""Mornington Peninsula Winery Guide",3,"[""pier-10""]",,False
point-leo-road-vineyard,draft,article,journal,cellar-door-dispatch,Point Leo Road Vineyard: A small-producer stop for readers who prefer substance to spectacle,Point Leo Road Vineyard sits in the long tail of Peninsula wine addresses that do not advertise themselves loudly. That usually means either a small producer worth seeking out or a venue whose current public access needs checking before you commit the drive.,editorial,2026-05-02,2026-05-02,https://peninsulainsider.com.au/journal/point-leo-road-vineyard/,"[""wine"", ""cellar-door"", ""mornington-peninsula""]",False,4,,,,466,"Public information on Point Leo Road Vineyard is thinner than it is for the Peninsula's headline estates, and that usually tells you something useful straight away. This is unlikely to be a polished all-day destination built for tour buses and long lunches. It is more likely to…","label: ""The Cellar Door Short List | label: ""Mornington Peninsula Winery Guide",3,"[""point-leo-road-vineyard""]",,False
point-nepean-national-park-guide,live,article,journal,trail-guide,Point Nepean National Park — Visitor Guide,Free vehicle and pedestrian entry. Fort Nepean on foot (~3km) or by hop-on hop-off shuttle (~$12 adult). 50+ heritage-listed buildings. Swimming at the Quarantine Station. Two all-terrain beach wheelchairs free to borrow. Dogs not permitted.,editorial,2026-04-22,2026-04-22,https://peninsulainsider.com.au/journal/point-nepean-national-park-guide/,"[""point-nepean"", ""national-park"", ""fort-nepean"", ""free"", ""heritage"", ""portsea"", ""mornington-peninsula""]",False,6,,,,570,Point Nepean is the western tip of the Mornington Peninsula — a narrow headland jutting into Port Phillip Bay with Fort Nepean at the end and The Rip churning past the point where the bay meets Bass Strait. Entry is free. The interior roads and walking tracks are closed to…,"label: ""Free Things to Do on the Mornington Peninsula | label: ""Things to Do on the Mornington Peninsula | label: ""Cape Schanck Guide",4,,,False
poplar-bend-winery,draft,article,journal,cellar-door-dispatch,Poplar Bend: A Peninsula producer to verify before you build the day around it,Poplar Bend sits in the long tail of Peninsula wine addresses that do not advertise themselves loudly. That usually means either a small producer worth seeking out or a venue whose current public access needs checking before you commit the drive.,editorial,2026-05-02,2026-05-02,https://peninsulainsider.com.au/journal/poplar-bend-winery/,"[""wine"", ""cellar-door"", ""mornington-peninsula""]",False,4,,,,456,"Public information on Poplar Bend is thinner than it is for the Peninsula's headline estates, and that usually tells you something useful straight away. This is unlikely to be a polished all-day destination built for tour buses and long lunches. It is more likely to be a…","label: ""The Cellar Door Short List | label: ""Mornington Peninsula Winery Guide",3,"[""poplar-bend""]",,False
portsea-estate-winery,draft,article,journal,cellar-door-dispatch,Portsea Estate: A low-profile Peninsula estate that needs a call-ahead approach,Portsea Estate sits in the long tail of Peninsula wine addresses that do not advertise themselves loudly. That usually means either a small producer worth seeking out or a venue whose current public access needs checking before you commit the drive.,editorial,2026-05-02,2026-05-02,https://peninsulainsider.com.au/journal/portsea-estate-winery/,"[""wine"", ""cellar-door"", ""mornington-peninsula""]",False,4,,,,456,"Public information on Portsea Estate is thinner than it is for the Peninsula's headline estates, and that usually tells you something useful straight away. This is unlikely to be a polished all-day destination built for tour buses and long lunches. It is more likely to be a…","label: ""The Cellar Door Short List | label: ""Mornington Peninsula Winery Guide",3,"[""portsea-estate""]",,False
prancing-horse-estate,draft,article,journal,cellar-door-dispatch,Prancing Horse Estate: A low-profile Peninsula estate that needs a call-ahead approach,Prancing Horse Estate sits in the long tail of Peninsula wine addresses that do not advertise themselves loudly. That usually means either a small producer worth seeking out or a venue whose current public access needs checking before you commit the drive.,editorial,2026-05-02,2026-05-02,https://peninsulainsider.com.au/journal/prancing-horse-estate/,"[""wine"", ""cellar-door"", ""mornington-peninsula""]",False,4,,,,461,"Public information on Prancing Horse Estate is thinner than it is for the Peninsula's headline estates, and that usually tells you something useful straight away. This is unlikely to be a polished all-day destination built for tour buses and long lunches. It is more likely to be…","label: ""The Cellar Door Short List | label: ""Mornington Peninsula Winery Guide",3,"[""prancing-horse-estate""]",,False
quealy-winemakers-balnarring,live,article,journal,cellar-door-dispatch,Quealy Winemakers: The Peninsula pioneer that still feels gloriously unpolished,"If you care about how the Mornington Peninsula became more than a pinot monoculture, start here. Quealy is not glossy and that is exactly the point — this is one of the region's formative tasting rooms, built on curiosity, Italian varieties, and a refusal to behave like a tourist estate.",editorial,2026-05-02,2026-05-02,https://peninsulainsider.com.au/journal/quealy-winemakers-balnarring/,"[""wine"", ""cellar-door"", ""balnarring""]",False,6,,,,604,"Quealy is one of those Peninsula addresses that matters more than the room first suggests. If you arrive expecting architectural theatre, a long driveway, or a restaurant built for anniversary lunches, you have come to the wrong place. If you arrive wanting to understand why the…","label: ""The Cellar Door Short List | label: ""Mornington Peninsula Winery Guide",3,"[""quealy-winemakers""]",,False
rahona-valley-vineyard,draft,article,journal,cellar-door-dispatch,Rahona Valley Vineyard: A small-producer stop for readers who prefer substance to spectacle,Rahona Valley Vineyard sits in the long tail of Peninsula wine addresses that do not advertise themselves loudly. That usually means either a small producer worth seeking out or a venue whose current public access needs checking before you commit the drive.,editorial,2026-05-02,2026-05-02,https://peninsulainsider.com.au/journal/rahona-valley-vineyard/,"[""wine"", ""cellar-door"", ""mornington-peninsula""]",False,4,,,,461,"Public information on Rahona Valley Vineyard is thinner than it is for the Peninsula's headline estates, and that usually tells you something useful straight away. This is unlikely to be a polished all-day destination built for tour buses and long lunches. It is more likely to…","label: ""The Cellar Door Short List | label: ""Mornington Peninsula Winery Guide",3,"[""rahona-valley-vineyard""]",,False
rainy-day-peninsula,live,article,journal,service,The Rainy Day Peninsula: Where to Go When the Weather Turns,"A cold, grey Peninsula weekend is not a ruined one  -  it is the version that gives you back the best rooms, the best fires, and the best reasons to stay inside.",editorial,2026-04-03,2026-04-22,https://peninsulainsider.com.au/journal/rainy-day-peninsula/,"[""winter"", ""rainy-day"", ""indoor"", ""hot-springs"", ""fireplace""]",False,6,,,,927,"There is a version of the Peninsula that only reveals itself in bad weather, and most visitors never meet it. The bay goes grey. The ridge fog closes in on the wineries. The back beaches at Sorrento turn moody in a way that makes photographs impossible but makes walking along…","label: ""A Winter Peninsula Weekend — The Case for Coming in July | label: ""Peninsula Hot Springs vs Alba — The Honest Comparison | label: ""Best Spas on the Mornington Peninsula — The Tier Guide",3,"[""alba-thermal-springs"", ""peninsula-hot-springs"", ""tedesca-osteria"", ""lindenderry"", ""bass-and-flinders"", ""ashcombe-maze"", ""stringers-mornington"", ""mornington-peninsula-chocolates"", ""red-hill-cheese"", ""via-boffe""]",,False
red-ridge-vineyard,draft,article,journal,cellar-door-dispatch,Red Ridge Vineyard: A small-producer stop for readers who prefer substance to spectacle,Red Ridge Vineyard sits in the long tail of Peninsula wine addresses that do not advertise themselves loudly. That usually means either a small producer worth seeking out or a venue whose current public access needs checking before you commit the drive.,editorial,2026-05-02,2026-05-02,https://peninsulainsider.com.au/journal/red-ridge-vineyard/,"[""wine"", ""cellar-door"", ""mornington-peninsula""]",False,4,,,,461,"Public information on Red Ridge Vineyard is thinner than it is for the Peninsula's headline estates, and that usually tells you something useful straight away. This is unlikely to be a polished all-day destination built for tour buses and long lunches. It is more likely to be a…","label: ""The Cellar Door Short List | label: ""Mornington Peninsula Winery Guide",3,"[""red-ridge-vineyard""]",,False
rhinotiger-bear-winery,draft,article,journal,cellar-door-dispatch,RhinoTiger Bear: A Peninsula producer to verify before you build the day around it,RhinoTiger Bear sits in the long tail of Peninsula wine addresses that do not advertise themselves loudly. That usually means either a small producer worth seeking out or a venue whose current public access needs checking before you commit the drive.,editorial,2026-05-02,2026-05-02,https://peninsulainsider.com.au/journal/rhinotiger-bear-winery/,"[""wine"", ""cellar-door"", ""mornington-peninsula""]",False,4,,,,456,"Public information on RhinoTiger Bear is thinner than it is for the Peninsula's headline estates, and that usually tells you something useful straight away. This is unlikely to be a polished all-day destination built for tour buses and long lunches. It is more likely to be a…","label: ""The Cellar Door Short List | label: ""Mornington Peninsula Winery Guide",3,"[""rhinotiger-bear""]",,False
rigel-wines-mornington,draft,article,journal,cellar-door-dispatch,Rigel Wines: A quiet cellar-door lead best treated as a second-stop prospect,Rigel Wines sits in the long tail of Peninsula wine addresses that do not advertise themselves loudly. That usually means either a small producer worth seeking out or a venue whose current public access needs checking before you commit the drive.,editorial,2026-05-02,2026-05-02,https://peninsulainsider.com.au/journal/rigel-wines-mornington/,"[""wine"", ""cellar-door"", ""mornington""]",False,4,,,,456,"Public information on Rigel Wines is thinner than it is for the Peninsula's headline estates, and that usually tells you something useful straight away. This is unlikely to be a polished all-day destination built for tour buses and long lunches. It is more likely to be a…","label: ""The Cellar Door Short List | label: ""Mornington Peninsula Winery Guide",3,"[""rigel-wines""]",,False
scorpo-wines-merricks,draft,article,journal,cellar-door-dispatch,Scorpo Wines: A quiet cellar-door lead best treated as a second-stop prospect,Scorpo Wines sits in the long tail of Peninsula wine addresses that do not advertise themselves loudly. That usually means either a small producer worth seeking out or a venue whose current public access needs checking before you commit the drive.,editorial,2026-05-02,2026-05-02,https://peninsulainsider.com.au/journal/scorpo-wines-merricks/,"[""wine"", ""cellar-door"", ""merricks""]",False,4,,,,456,"Public information on Scorpo Wines is thinner than it is for the Peninsula's headline estates, and that usually tells you something useful straight away. This is unlikely to be a polished all-day destination built for tour buses and long lunches. It is more likely to be a…","label: ""The Cellar Door Short List | label: ""Mornington Peninsula Winery Guide",3,"[""scorpo-wines""]",,False
sea-winds-vineyard,draft,article,journal,cellar-door-dispatch,Sea Winds Vineyard: A small-producer stop for readers who prefer substance to spectacle,Sea Winds Vineyard sits in the long tail of Peninsula wine addresses that do not advertise themselves loudly. That usually means either a small producer worth seeking out or a venue whose current public access needs checking before you commit the drive.,editorial,2026-05-02,2026-05-02,https://peninsulainsider.com.au/journal/sea-winds-vineyard/,"[""wine"", ""cellar-door"", ""mornington-peninsula""]",False,4,,,,461,"Public information on Sea Winds Vineyard is thinner than it is for the Peninsula's headline estates, and that usually tells you something useful straight away. This is unlikely to be a polished all-day destination built for tour buses and long lunches. It is more likely to be a…","label: ""The Cellar Door Short List | label: ""Mornington Peninsula Winery Guide",3,"[""sea-winds-vineyard""]",,False
seaforth-estate-mornington,draft,article,journal,cellar-door-dispatch,Seaforth Estate: A low-profile Peninsula estate that needs a call-ahead approach,Seaforth Estate sits in the long tail of Peninsula wine addresses that do not advertise themselves loudly. That usually means either a small producer worth seeking out or a venue whose current public access needs checking before you commit the drive.,editorial,2026-05-02,2026-05-02,https://peninsulainsider.com.au/journal/seaforth-estate-mornington/,"[""wine"", ""cellar-door"", ""mornington""]",False,4,,,,455,"Public information on Seaforth Estate is thinner than it is for the Peninsula's headline estates, and that usually tells you something useful straight away. This is unlikely to be a polished all-day destination built for tour buses and long lunches. It is more likely to be a…","label: ""The Cellar Door Short List | label: ""Mornington Peninsula Winery Guide",3,"[""seaforth-estate""]",,False
silverwood-wines-mornington,draft,article,journal,cellar-door-dispatch,Silverwood Wines: A quiet cellar-door lead best treated as a second-stop prospect,Silverwood Wines sits in the long tail of Peninsula wine addresses that do not advertise themselves loudly. That usually means either a small producer worth seeking out or a venue whose current public access needs checking before you commit the drive.,editorial,2026-05-02,2026-05-02,https://peninsulainsider.com.au/journal/silverwood-wines-mornington/,"[""wine"", ""cellar-door"", ""mornington""]",False,4,,,,456,"Public information on Silverwood Wines is thinner than it is for the Peninsula's headline estates, and that usually tells you something useful straight away. This is unlikely to be a polished all-day destination built for tour buses and long lunches. It is more likely to be a…","label: ""The Cellar Door Short List | label: ""Mornington Peninsula Winery Guide",3,"[""silverwood-wines""]",,False
somerbury-estate-winery,draft,article,journal,cellar-door-dispatch,Somerbury Estate: A low-profile Peninsula estate that needs a call-ahead approach,Somerbury Estate sits in the long tail of Peninsula wine addresses that do not advertise themselves loudly. That usually means either a small producer worth seeking out or a venue whose current public access needs checking before you commit the drive.,editorial,2026-05-02,2026-05-02,https://peninsulainsider.com.au/journal/somerbury-estate-winery/,"[""wine"", ""cellar-door"", ""mornington-peninsula""]",False,4,,,,456,"Public information on Somerbury Estate is thinner than it is for the Peninsula's headline estates, and that usually tells you something useful straight away. This is unlikely to be a polished all-day destination built for tour buses and long lunches. It is more likely to be a…","label: ""The Cellar Door Short List | label: ""Mornington Peninsula Winery Guide",3,"[""somerbury-estate""]",,False
st-andrews-beach-golf-course,live,article,journal,investigation,St Andrews Beach Golf Course — The World-Ranked Course Anyone Can Book,"If you want one golf story that explains the Peninsula properly, start here. Tom Doak architecture, genuine global ranking, and public-access bookings that turn prestige into a real weekend.",editorial,2026-04-14,2026-04-22,https://peninsulainsider.com.au/journal/st-andrews-beach-golf-course/,"[""golf"", ""st-andrews-beach"", ""public-golf"", ""mornington-peninsula"", ""cape-schanck""]",False,7,,,,883,"If you only need one golf story to understand why the Mornington Peninsula matters, make it St Andrews Beach. Not because it is the most exclusive. Quite the opposite. The reason St Andrews Beach matters is that it gives the Peninsula something extremely rare in Australian golf:…","label: ""Best Golf Courses on the Mornington Peninsula — Tier Guide | label: ""Mornington Peninsula Stay and Play Golf | label: ""Peninsula Hot Springs vs Alba — The Honest Comparison",3,,,False
staindl-wines-mornington,draft,article,journal,cellar-door-dispatch,Staindl Wines: A quiet cellar-door lead best treated as a second-stop prospect,Staindl Wines sits in the long tail of Peninsula wine addresses that do not advertise themselves loudly. That usually means either a small producer worth seeking out or a venue whose current public access needs checking before you commit the drive.,editorial,2026-05-02,2026-05-02,https://peninsulainsider.com.au/journal/staindl-wines-mornington/,"[""wine"", ""cellar-door"", ""mornington""]",False,4,,,,456,"Public information on Staindl Wines is thinner than it is for the Peninsula's headline estates, and that usually tells you something useful straight away. This is unlikely to be a polished all-day destination built for tour buses and long lunches. It is more likely to be a…","label: ""The Cellar Door Short List | label: ""Mornington Peninsula Winery Guide",3,"[""staindl-wines""]",,False
stumpy-gully-vineyard,draft,article,journal,cellar-door-dispatch,Stumpy Gully Vineyard: A small-producer stop for readers who prefer substance to spectacle,Stumpy Gully Vineyard sits in the long tail of Peninsula wine addresses that do not advertise themselves loudly. That usually means either a small producer worth seeking out or a venue whose current public access needs checking before you commit the drive.,editorial,2026-05-02,2026-05-02,https://peninsulainsider.com.au/journal/stumpy-gully-vineyard/,"[""wine"", ""cellar-door"", ""mornington-peninsula""]",False,4,,,,461,"Public information on Stumpy Gully Vineyard is thinner than it is for the Peninsula's headline estates, and that usually tells you something useful straight away. This is unlikely to be a polished all-day destination built for tour buses and long lunches. It is more likely to be…","label: ""The Cellar Door Short List | label: ""Mornington Peninsula Winery Guide",3,"[""stumpy-gully-vineyard""]",,False
summerhill-wines-mornington,draft,article,journal,cellar-door-dispatch,Summerhill Wines: A quiet cellar-door lead best treated as a second-stop prospect,Summerhill Wines sits in the long tail of Peninsula wine addresses that do not advertise themselves loudly. That usually means either a small producer worth seeking out or a venue whose current public access needs checking before you commit the drive.,editorial,2026-05-02,2026-05-02,https://peninsulainsider.com.au/journal/summerhill-wines-mornington/,"[""wine"", ""cellar-door"", ""mornington""]",False,4,,,,456,"Public information on Summerhill Wines is thinner than it is for the Peninsula's headline estates, and that usually tells you something useful straight away. This is unlikely to be a polished all-day destination built for tour buses and long lunches. It is more likely to be a…","label: ""The Cellar Door Short List | label: ""Mornington Peninsula Winery Guide",3,"[""summerhill-wines""]",,False
tanglewood-estate-mornington,draft,article,journal,cellar-door-dispatch,Tanglewood Estate: A low-profile Peninsula estate that needs a call-ahead approach,Tanglewood Estate sits in the long tail of Peninsula wine addresses that do not advertise themselves loudly. That usually means either a small producer worth seeking out or a venue whose current public access needs checking before you commit the drive.,editorial,2026-05-02,2026-05-02,https://peninsulainsider.com.au/journal/tanglewood-estate-mornington/,"[""wine"", ""cellar-door"", ""mornington""]",False,4,,,,455,"Public information on Tanglewood Estate is thinner than it is for the Peninsula's headline estates, and that usually tells you something useful straight away. This is unlikely to be a polished all-day destination built for tour buses and long lunches. It is more likely to be a…","label: ""The Cellar Door Short List | label: ""Mornington Peninsula Winery Guide",3,"[""tanglewood-estate""]",,False
the-birthday-weekend,live,article,plans,service,The Peninsula Birthday Weekend: A Two-Night Plan That Actually Feels Celebratory,"A milestone birthday deserves more than a booking at the usual restaurant. Here is the two-night Peninsula plan that lands the celebration properly  -  one memorable dinner, one surprising morning, and a stay that makes the whole thing feel earned.",editorial,2026-04-16,2026-04-22,https://peninsulainsider.com.au/plans/the-birthday-weekend/,"[""celebration"", ""birthday"", ""anniversary"", ""romance"", ""stay"", ""weekend""]",False,7,,,,2029,"The Peninsula is one of the best places in Australia to stage a significant birthday, and it is also the place where most birthday weekends quietly miss the mark. The reason is that the default version is already good. You book a villa, you eat at a well-known restaurant, you do…","label: ""Hatted Restaurants on the Mornington Peninsula 2025 | label: ""Where to Stay on the Mornington Peninsula | label: ""Peninsula Hot Springs vs Alba — The Honest Comparison",3,"[""jackalope"", ""lindenderry"", ""polperro-villas"", ""crittenden-villas"", ""point-leo-estate-villas"", ""hotel-sorrento"", ""the-continental-sorrento"", ""tedesca-osteria"", ""laura-pt-leo"", ""pt-leo-estate"", ""doot-doot-doot"", ""ten-minutes-by-tractor"", ""polperro"", ""montalto"", ""alba-thermal-springs"", ""peninsula-hot-springs"", ""peninsula-hot-springs-glamping"", ""barragunda-dining"", ""port-phillip-estate-restaurant""]",,False
the-cellar-door-short-list,live,article,journal,cellar-door-dispatch,The Cellar Door Short List: Five Producers Worth the Appointment,"Not the biggest estates, not the flashiest rooms. The five Peninsula cellar doors where the wines  -  and the people pouring them  -  actually change how you think about the region.",editorial,2026-04-06,2026-04-22,https://peninsulainsider.com.au/journal/the-cellar-door-short-list/,"[""wine"", ""red-hill"", ""main-ridge"", ""cellar-door"", ""pinot-noir""]",False,6,,,,849,"Every time someone asks us for a Peninsula cellar door list we have the same quiet argument with ourselves: the big, beautiful estates with lawns and restaurants are not the best places to taste wine. They are excellent places to spend a long lunch. But the experience of…","label: ""Mornington Peninsula Winery Guide | label: ""Dog-Friendly Wineries on the Mornington Peninsula | label: ""How to Plan a Peninsula Weekend",3,"[""kooyong"", ""dexter-wines"", ""ocean-eight"", ""polperro"", ""quealy-winemakers"", ""main-ridge-estate"", ""eldridge-estate"", ""hurley-vineyard"", ""paradigm-hill"", ""moorooduc-estate"", ""scorpo-wines"", ""stonier-wines"", ""avani-wines""]",,False
the-chardonnay-case,live,article,journal,cellar-door-dispatch,The Chardonnay Case: Why the Peninsula's Second Wine Deserves Top Billing,Everyone sells the Mornington Peninsula as a pinot noir region. They are half right. The quiet argument of the last three vintages is that the chardonnay is now the more interesting bottle on the table  -  and the one worth cellaring.,editorial,2026-04-09,2026-04-22,https://peninsulainsider.com.au/journal/the-chardonnay-case/,"[""wine"", ""chardonnay"", ""cellar-door"", ""red-hill"", ""main-ridge"", ""pinot-noir""]",True,8,,,,1552,"The Mornington Peninsula sells itself as pinot noir country and always has. Every tourism brochure, every estate map, every long-lunch menu leans on it. Pinot is the hero varietal, the grape that tells the cool-climate story, the thing the collectors came down from Melbourne to…","label: ""The Cellar Door Short List — Five Producers Worth the Appointment | label: ""Mornington Peninsula Winery Guide | label: ""How to Plan a Peninsula Weekend",3,kooyong | ocean-eight | paringa-estate | port-phillip-estate | ten-minutes-by-tractor | polperro | dexter-wines | moorooduc-estate | yabby-lake | scorpo-wines | stonier-wines | garagiste,,False
the-couples-weekend,live,article,journal,slow-peninsula,The Couples' Weekend: A Two-Night Peninsula Itinerary for People Who Don't Need Activities,"One proper dinner, one long lunch, one afternoon doing nothing useful. The Peninsula couples' weekend that respects the fact that you came here to slow down, not to optimise.",editorial,2026-04-10,2026-04-22,https://peninsulainsider.com.au/journal/the-couples-weekend/,"[""couples"", ""weekend"", ""stay"", ""wine"", ""romance"", ""red-hill"", ""sorrento"", ""flinders""]",False,8,,,,1210,"The mistake most couples make with a Peninsula weekend is treating it like a two-day festival. Six cellar doors. Two long lunches. Hot springs. Sculpture park. A sunset somewhere. By Sunday afternoon you are tired, slightly drunk, and wondering why the weekend felt busier than…","label: ""Peninsula Hot Springs vs Alba — The Honest Comparison | label: ""Hatted Restaurants on the Mornington Peninsula 2025 | label: ""Where to Stay on the Mornington Peninsula",3,jackalope | lindenderry | polperro-villas | sorrento-coastal-retreat | crittenden-villas | point-leo-estate-villas | the-continental-sorrento | flinders-hotel | ten-minutes-by-tractor | tedesca-osteria | laura-pt-leo | doot-doot-doot | montalto | pt-leo-estate | commonfolk-coffee | sorrento-bakery | flinders-sourdough | kooyong | dexter-wines | peninsula-hot-springs | alba-thermal-springs,,False
the-cups-estate-winery,draft,article,journal,cellar-door-dispatch,The Cups Estate: A low-profile Peninsula estate that needs a call-ahead approach,The Cups Estate sits in the long tail of Peninsula wine addresses that do not advertise themselves loudly. That usually means either a small producer worth seeking out or a venue whose current public access needs checking before you commit the drive.,editorial,2026-05-02,2026-05-02,https://peninsulainsider.com.au/journal/the-cups-estate-winery/,"[""wine"", ""cellar-door"", ""mornington-peninsula""]",False,4,,,,461,"Public information on The Cups Estate is thinner than it is for the Peninsula's headline estates, and that usually tells you something useful straight away. This is unlikely to be a polished all-day destination built for tour buses and long lunches. It is more likely to be a…","label: ""The Cellar Door Short List | label: ""Mornington Peninsula Winery Guide",3,"[""the-cups-estate""]",,False
the-dog-friendly-peninsula,live,article,journal,service,The Dog-Friendly Peninsula: A Weekend That Actually Works With the Dog,"Off-leash beaches, vineyard cellar doors that welcome them, pubs that feed them under the table, and a walk that does not end in a hot car. The actual guide to the Peninsula with a dog — and the mistakes that ruin most dog weekends.",editorial,2026-04-15,2026-04-22,https://peninsulainsider.com.au/journal/the-dog-friendly-peninsula/,"[""dogs"", ""beach"", ""families"", ""explore"", ""pubs"", ""red-hill"", ""balnarring"", ""flinders""]",False,8,,,,1235,"import AlertBlock from '../../components/AlertBlock.astro'; <AlertBlock type=""danger"" heading=""PAPP fox baiting active in National Park until October 2026 — dogs will die"" Poison Animal Pest Programme (PAPP) baiting is active from Portsea Ocean Beach through Greens Bush until…","label: ""Dog-Friendly Beaches on the Mornington Peninsula | label: ""Dog-Friendly Wineries on the Mornington Peninsula | label: ""Dog-Friendly Cafés, Pubs and Wineries | label: ""Where to Walk the Dog on the Mornington Peninsula",4,,,False
the-duke-vineyard,draft,article,journal,cellar-door-dispatch,The Duke Vineyard: A small-producer stop for readers who prefer substance to spectacle,The Duke Vineyard sits in the long tail of Peninsula wine addresses that do not advertise themselves loudly. That usually means either a small producer worth seeking out or a venue whose current public access needs checking before you commit the drive.,editorial,2026-05-02,2026-05-02,https://peninsulainsider.com.au/journal/the-duke-vineyard/,"[""wine"", ""cellar-door"", ""mornington-peninsula""]",False,4,,,,461,"Public information on The Duke Vineyard is thinner than it is for the Peninsula's headline estates, and that usually tells you something useful straight away. This is unlikely to be a polished all-day destination built for tour buses and long lunches. It is more likely to be a…","label: ""The Cellar Door Short List | label: ""Mornington Peninsula Winery Guide",3,"[""the-duke-vineyard""]",,False
the-easter-peninsula,live,article,plans,service,The Easter Peninsula: How to Do the Long Weekend Without Losing It to the Crowds,"Easter is the Peninsula's first big four-day stress test of the year  -  the cars from Toorak come down on Thursday afternoon, the cellar doors are full by Friday morning, and the bakeries run out of hot cross buns by Saturday lunch. Here is how to plan a long weekend that uses the holiday properly instead of fighting it.",editorial,2026-04-17,2026-04-22,https://peninsulainsider.com.au/plans/the-easter-peninsula/,"[""easter"", ""long-weekend"", ""seasonal"", ""family"", ""weekend"", ""autumn""]",False,7,,,,1847,The Mornington Peninsula at Easter is one of the most predictable failure modes in Australian short-break travel. The cars start arriving on Thursday afternoon. By Friday morning the cellar doors are running on the same staffing they use for a normal Saturday and have triple the…,"label: ""The Two Bays Walking Track | label: ""Ashcombe Maze — Visitor Guide | label: ""Best Spas on the Mornington Peninsula — The Tier Guide",3,"[""red-hill-bakery"", ""sorrento-bakery"", ""balnarring-bakehouse"", ""flinders-sourdough"", ""johnny-ripe"", ""mornington-peninsula-chocolates"", ""sunny-ridge-strawberry-farm"", ""ashcombe-maze"", ""merricks-general-wine-store"", ""balnarring-pub"", ""flinders-hotel"", ""red-hill-brewery"", ""lindenderry"", ""polperro-villas"", ""crittenden-villas"", ""alba-thermal-springs"", ""peninsula-hot-springs""]",,False
the-four-hour-peninsula,live,article,plans,service,The Four-Hour Peninsula: A Surgical Strike for When the Weekend Is Half a Day,"For the midweek visit, the work trip with a free morning, or the Melbourne friends who have a flight out of Tullamarine at five. Four hours, three stops, one decisive lunch, and no wasted drives. The Peninsula you can actually do in half a day.",editorial,2026-04-15,2026-04-22,https://peninsulainsider.com.au/plans/the-four-hour-peninsula/,"[""day-trip"", ""quick"", ""red-hill"", ""mornington"", ""first-timers"", ""explore""]",False,6,,,,1520,"Most Peninsula writing assumes you have a weekend. A lot of Peninsula visitors do not. They have four hours. Four hours is what you get on a Tuesday if you have driven a client down, or on a Thursday morning before a flight, or on a Sunday when your Melbourne visitors need to be…","label: ""First Time on the Peninsula — The Honest Starter Guide | label: ""Arthurs Seat Eagle — Visitor Guide | label: ""The Couples' Weekend on the Mornington Peninsula",3,"[""merricks-general-wine-store"", ""red-hill-brewery"", ""commonfolk-coffee"", ""montalto"", ""main-ridge-dairy"", ""red-hill-cheese"", ""mornington-peninsula-chocolates"", ""flinders-sourdough"", ""red-hill-bakery"", ""johnny-ripe"", ""somers-general"", ""allis-wine-bar"", ""many-little"", ""bistro-elba""]",,False
the-friday-night-arrival,live,article,plans,service,The Friday Night Arrival: How to Start a Peninsula Weekend Without Wasting the First Evening,You leave the city at four. You hit the freeway. You arrive at six with nothing booked and nothing defrosted. Here is what to do with the first three hours  -  the ones that set the tone for everything that follows.,editorial,2026-04-10,2026-04-22,https://peninsulainsider.com.au/plans/the-friday-night-arrival/,"[""weekend"", ""eat"", ""arrival"", ""mornington"", ""red-hill"", ""flinders"", ""sorrento"", ""practical""]",False,6,,,,1181,"The Peninsula weekend does not start at the cellar door on Saturday morning. It starts at six o'clock on Friday evening when you pull into the driveway of wherever you are staying and realise that you are hungry, the sun is going down, and the weekend has technically begun but…","label: ""How to Plan a Peninsula Weekend | label: ""A Flinders Weekend — The Quiet Side of the Peninsula | label: ""The Couples' Weekend on the Mornington Peninsula",3,red-hill-bakery | epicurean-red-hill | commonfolk-coffee | merricks-general-wine-store | flinders-hotel | flinders-general-store | hotel-sorrento | portsea-hotel | mornington-hotel | dromana-hotel | balnarring-pub | merricks-hotel | sorrento-bakery | small-stone-pantry | tedesca-osteria | rare-hare | bistro-elba | red-gum-bbq | pane-e-vino | the-bay-hotel-mornington,,False
the-garden-vineyard,draft,article,journal,cellar-door-dispatch,The Garden Vineyard: A small-producer stop for readers who prefer substance to spectacle,The Garden Vineyard sits in the long tail of Peninsula wine addresses that do not advertise themselves loudly. That usually means either a small producer worth seeking out or a venue whose current public access needs checking before you commit the drive.,editorial,2026-05-02,2026-05-02,https://peninsulainsider.com.au/journal/the-garden-vineyard/,"[""wine"", ""cellar-door"", ""mornington-peninsula""]",False,4,,,,461,"Public information on The Garden Vineyard is thinner than it is for the Peninsula's headline estates, and that usually tells you something useful straight away. This is unlikely to be a polished all-day destination built for tour buses and long lunches. It is more likely to be a…","label: ""The Cellar Door Short List | label: ""Mornington Peninsula Winery Guide",3,"[""the-garden-vineyard""]",,False
the-long-lunch,live,article,journal,long-lunch-list,The Long Lunch: Why the Mornington Peninsula Does Sunday Better Than Anywhere in Victoria,"Three hatted restaurants, a bay view, and nowhere you need to be until Monday. This is the case for staying the whole weekend.",editorial,2026-03-15,2026-04-22,https://peninsulainsider.com.au/journal/the-long-lunch/,"[""eat"", ""wine"", ""weekend"", ""red-hill"", ""long-lunch""]",True,8,,,,405,"The argument for the Mornington Peninsula long lunch is simple and not particularly contested by anyone who has made the drive: nowhere within ninety minutes of Melbourne can deliver this combination of kitchen ambition, wine pedigree, and landscape. Sydney people know this.…","label: ""Hatted Restaurants on the Mornington Peninsula 2025 | label: ""Where to Stay on the Mornington Peninsula | label: ""The Couples' Weekend on the Mornington Peninsula",3,"[""ten-minutes-by-tractor"", ""montalto"", ""pt-leo-estate"", ""tedesca-osteria"", ""port-phillip-estate-restaurant"", ""paringa-estate"", ""stillwater-crittenden"", ""pt-leo-estate"", ""barragunda-dining"", ""green-olive-red-hill"", ""morning-sun""]",,False
the-market-saturday,live,article,plans,service,The Market Saturday: Two Peninsula Weekends Built Around the Right Hour at the Right Stall,"The Mornington Farmers Market, the Red Hill Community Market, the Balnarring Emu Plains Market, the Somers makers. The Peninsula's market calendar is the region's most under-used event-utility layer  -  and the one that most obviously shapes a good weekend.",editorial,2026-04-13,2026-04-22,https://peninsulainsider.com.au/plans/the-market-saturday/,"[""markets"", ""mornington"", ""red-hill"", ""balnarring"", ""weekend"", ""producers""]",False,8,,,,1640,"There is a quiet rule on the Peninsula that nobody prints on a brochure: if you are already on the ridge on a market Saturday and you have not built the weekend around the market, you have built the weekend wrong. This is not a sentimental claim. Markets are the Peninsula's…","label: ""The Peninsula Pantry — Shopping the Region's Larder | label: ""How to Build a Red Hill Saturday | label: ""How to Plan a Peninsula Weekend",3,"[""mornington-farmers-market"", ""red-hill-market"", ""balnarring-market"", ""red-hill-brewery"", ""red-hill-bakery"", ""merricks-general-wine-store"", ""commonfolk-coffee"", ""red-hill-cheese"", ""main-ridge-dairy"", ""sunny-ridge-strawberry-farm"", ""peninsula-fresh-organics"", ""advance-mussel-supply"", ""small-stone-pantry"", ""somers-general"", ""balnarring-bakehouse"", ""johnny-ripe"", ""mornington-peninsula-chocolates""]",,False
the-one-night-escape,live,article,plans,service,The One-Night Peninsula Escape: How to Make 26 Hours Feel Like Three Days,"A weekend away does not need to be a weekend. Done properly, a single overnight on the Peninsula resets more than a three-day itinerary. Here is the exact shape.",editorial,2026-04-09,2026-04-22,https://peninsulainsider.com.au/plans/the-one-night-escape/,"[""weekend"", ""stay"", ""overnight"", ""wellness"", ""sorrento"", ""red-hill"", ""flinders""]",False,7,,,,1686,"There is a kind of Peninsula weekend that nobody writes about, and it is the most useful one. It is not the Friday-to-Sunday three-night stay. It is not the day trip. It is the single overnight - one room, one dinner, one breakfast, and about twenty-six hours on the ground -…","label: ""The Couples' Weekend on the Mornington Peninsula | label: ""Where to Stay Near the Hot Springs | label: ""Best Spas on the Mornington Peninsula — The Tier Guide",3,the-continental-sorrento | lindenderry | flinders-hotel | alba-thermal-springs | tedesca-osteria | flinders-sourdough | the-continental-sorrento | peninsula-hot-springs-glamping | port-phillip-estate | crittenden-villas | point-leo-estate-villas | bistro-elba,,False
the-peninsula-beach-swimming-guide,live,article,journal,service,"The Peninsula Beach Swimming Guide: Which Beach for Which Swim, From Bay to Back Beach","Thirty kilometres of Port Phillip coastline, fifteen kilometres of Bass Strait back beaches, and four distinct swimming moods that most visitors cannot tell apart. A proper guide to where to actually swim on the Mornington Peninsula, by conditions and by purpose.",editorial,2026-04-14,2026-04-22,https://peninsulainsider.com.au/journal/the-peninsula-beach-swimming-guide/,"[""beach"", ""swim"", ""summer"", ""family"", ""bay"", ""back-beaches"", ""explore""]",False,8,,,,1747,"The Peninsula has more publicly accessible coastline than almost any region within ninety minutes of Melbourne, and one of the quiet scandals of how it is usually written about is that the beaches get treated as interchangeable. They are not. A Peninsula swim at Safety Beach is…","label: ""Dog-Friendly Beaches on the Mornington Peninsula | label: ""First Time on the Peninsula — The Honest Starter Guide | label: ""Point Nepean National Park Guide",3,"[""the-baths-sorrento"", ""sorrento-hotel"", ""hotel-sorrento"", ""portsea-hotel"", ""dromana-hotel""]",,False
the-peninsula-orientation-drive,live,article,plans,service,The Peninsula Orientation Drive: Six Stops That Explain the Region in Half a Day,"The drive to make on your first visit, or the one to send a friend on when you are out of time to explain why you keep coming back. Coffee, ridge, hinterland, ocean, village, bay  -  in that order, in four hours.",editorial,2026-04-10,2026-04-22,https://peninsulainsider.com.au/plans/the-peninsula-orientation-drive/,"[""explore"", ""drive"", ""first-timers"", ""red-hill"", ""sorrento"", ""day-trip""]",False,8,,,,1498,"The hardest question we get from friends planning a first visit to the Peninsula is not where to eat. It is: ""I have one day. What do I actually do?"" The honest answer is that one day is not enough to see the Peninsula properly, because the region is not one landscape. It is…","label: ""First Time on the Peninsula — The Honest Starter Guide | label: ""The Four-Hour Peninsula — Compact Day Guide | label: ""Arthurs Seat Eagle — Visitor Guide",3,"[""commonfolk-coffee"", ""merricks-general-wine-store"", ""red-hill-brewery"", ""flinders-sourdough"", ""pier-street-flinders"", ""dromana-hotel"", ""balnarring-pub"", ""crittenden-estate"", ""yabby-lake"", ""red-hill-bakery"", ""somers-general""]",,False
the-peninsula-pantry,live,article,journal,service,The Peninsula Pantry: A Saturday Shopping List for Anyone Cooking in a Rental,"If you've booked a villa with a kitchen, you've booked one of the great food sourcing weekends in Victoria. Here is the shopping circuit  -  market first, bakery second, wine last  -  that actually does the region justice.",editorial,2026-04-09,2026-04-22,https://peninsulainsider.com.au/journal/the-peninsula-pantry/,"[""eat"", ""produce"", ""markets"", ""cook-in"", ""weekend"", ""mornington"", ""flinders"", ""red-hill""]",False,9,,,,1591,"The best meal of a Peninsula weekend is usually the one you cook yourself. The region is an absurdly generous pantry - sourdough from a wood oven on Friday night, single-origin oil from a grove you can see from the kitchen window, a rib-eye from a farmer whose paddock you drove…","label: ""The Market Saturday — Two Weekends Built Around the Markets | label: ""Breakfast Before the Crowds — Where Locals Eat at 8am | label: ""How to Build a Red Hill Saturday",3,mornington-farmers-market | flinders-sourdough | merricks-general-wine-store | epicurean-red-hill | red-hill-brewery | commonfolk-coffee | bass-and-flinders | quealy-winemakers | ocean-eight | red-hill-market | balnarring-market | red-hill-bakery | sourdough-kitchen | red-hill-cheese | main-ridge-dairy | peninsula-fresh-organics | hastings-fishermens-coop | advance-mussel-supply | pier-street-seafood | stringers-mornington | somers-general,,False
the-peninsula-picnic,live,article,plans,service,The Peninsula Picnic: How to Assemble and Eat One Properly,"The best picnic on the Mornington Peninsula is not a hamper from a winery gift shop. It is a morning circuit through three or four producers, a blanket on the right patch of grass, and a long afternoon that costs half a restaurant lunch.",editorial,2026-04-10,2026-04-22,https://peninsulainsider.com.au/plans/the-peninsula-picnic/,"[""picnic"", ""producers"", ""outdoor"", ""family"", ""couples"", ""budget"", ""autumn""]",False,7,,,,1536,The Peninsula picnic is one of those things that everyone assumes they know how to do and almost nobody does well. The standard version is either too ambitious - a hamper packed in Melbourne with things that wilt in the car - or too minimal: a bag of crisps and a bottle of warm…,"label: ""The Peninsula Pantry — Shopping the Region's Larder | label: ""The Market Saturday — Two Weekends Built Around the Markets | label: ""The Spring Peninsula — What Changes in October",3,"[""red-hill-cheese"", ""main-ridge-dairy"", ""flinders-sourdough"", ""red-hill-bakery"", ""green-olive-red-hill"", ""mornington-peninsula-chocolates"", ""peninsula-fresh-organics"", ""advance-mussel-supply"", ""balnarring-bakehouse"", ""somers-general"", ""johnny-ripe"", ""sorrento-bakery"", ""merricks-general-wine-store"", ""red-hill-market"", ""mornington-farmers-market"", ""small-stone-pantry""]",,False
the-peninsula-with-kids,live,article,journal,service,The Peninsula with Kids: A Day That Doesn't Punish Anyone,"A working plan for parents who want the region to feel like a holiday, not a logistics problem. One lookout, one lunch with a garden, one beach, one coffee on the way home.",editorial,2026-04-10,2026-04-22,https://peninsulainsider.com.au/journal/the-peninsula-with-kids/,"[""family"", ""kids"", ""day-trip"", ""explore"", ""mount-martha"", ""arthurs-seat""]",False,7,,,,1276,The single biggest mistake people make on a Peninsula day with kids is treating it as a compromised version of the grown-up trip. They bring the children along to the cellar-door lunch and hope everyone copes. They drive to the back beach at Sorrento and discover the car park is…,"label: ""Arthurs Seat Eagle — Visitor Guide | label: ""Ashcombe Maze — Visitor Guide | label: ""Free Things to Do on the Mornington Peninsula",3,"[""red-hill-brewery"", ""merricks-general-wine-store"", ""commonfolk-coffee"", ""epicurean-red-hill"", ""sunny-ridge-strawberry-farm"", ""main-ridge-dairy"", ""ashcombe-maze"", ""red-gum-bbq"", ""st-andrews-beach-brewery"", ""dromana-hotel"", ""rye-hotel"", ""sorrento-gelato"", ""johnny-ripe""]",,False
the-peninsulas-best-late-afternoon-walks,live,article,journal,service,The Peninsula's Best Late-Afternoon Walks,"When lunch is over and the light starts improving, these are the walks that make the region feel larger, wilder, and worth staying for.",editorial,2026-04-08,2026-04-22,https://peninsulainsider.com.au/journal/the-peninsulas-best-late-afternoon-walks/,"[""explore"", ""walks"", ""cape-schanck"", ""sorrento""]",False,7,,,,366,"There is a precise hour on the Mornington Peninsula when the region starts making its strongest argument for being more than a lunch destination. The winery terraces empty a little, the wind drops or turns interesting, and the coast begins doing the thing the inland roads only…","label: ""The Bushrangers Bay Walk | label: ""Cape Schanck Guide | label: ""The Point Nepean Half-Day",3,,,False
the-point-nepean-half-day,live,article,plans,service,The Point Nepean Half-Day: The Peninsula's Most Underused National Park,"Quarantine station, fort batteries, the westernmost point of the Mornington Peninsula, and a coastal walk with Port Phillip on one side and Bass Strait on the other. Three hours well spent  -  and the single best landscape move in Sorrento on a weekend.",editorial,2026-04-14,2026-04-22,https://peninsulainsider.com.au/plans/the-point-nepean-half-day/,"[""point-nepean"", ""sorrento"", ""portsea"", ""walks"", ""history"", ""explore"", ""families""]",False,7,,,,1492,"There is a stretch of land at the very tip of the Mornington Peninsula that almost nobody plans a day around, and it is the single best landscape move within an hour's drive of anywhere in the region. It is called Point Nepean National Park, and it sits directly to the west of…","label: ""Point Nepean National Park Guide | label: ""The Sorrento Weekend | label: ""The Four-Hour Peninsula — Compact Day Guide",3,"[""portsea-hotel"", ""hotel-sorrento"", ""the-continental-sorrento"", ""sorrento-bakery"", ""sorrento-gelato""]",,False
the-producer-trail,live,article,plans,service,The Peninsula Producer Trail: A Day Spent Closer to the Source,"Past the cellar doors and the long lunches, the Peninsula has a quieter and more interesting layer: the people who grow, churn, smoke, ferment, and bake the things you eat at the dining rooms. A day built around four producer visits, with a clean route, a small lunch, and the cooler bag full by sundown.",editorial,2026-04-17,2026-04-22,https://peninsulainsider.com.au/plans/the-producer-trail/,"[""producers"", ""food"", ""day-trip"", ""red-hill"", ""main-ridge"", ""balnarring"", ""explore""]",False,8,,,,1998,"The Peninsula's most photographed layer is the dining-room layer - the long lunches, the cellar-door tasting menus, the architect-designed terraces. The Peninsula's most interesting layer is one step behind it. It is the producer layer: the people who grow the strawberries the…","label: ""The Peninsula Pantry — Shopping the Region's Larder | label: ""The Peninsula Picnic — How to Assemble One Properly | label: ""The Market Saturday — Two Weekends Built Around the Markets",3,"[""main-ridge-dairy"", ""red-hill-cheese"", ""red-hill-truffles"", ""advance-mussel-supply"", ""sunny-ridge-strawberry-farm"", ""peninsula-fresh-organics"", ""mornington-peninsula-chocolates"", ""small-stone-pantry"", ""balnarring-bakehouse"", ""flinders-sourdough"", ""red-hill-bakery"", ""somers-general"", ""mornington-peninsula-cider"", ""green-olive-red-hill"", ""epicurean-red-hill"", ""merricks-general-wine-store"", ""balnarring-pub""]",,False
the-pub-crawl,live,article,plans,service,"The Peninsula Pub Crawl: Six Pubs, Three Routes, No Pretension","A drinking guide to the Mornington Peninsula's public houses  -  the fires, the bistros, the beer gardens, the locals, and the argument for building a whole day around them.",editorial,2026-04-10,2026-04-22,https://peninsulainsider.com.au/plans/the-pub-crawl/,"[""pubs"", ""beer"", ""dining"", ""walk-in"", ""locals"", ""groups"", ""casual""]",False,7,,,,1423,"The Mornington Peninsula has a wine reputation, and it deserves it. But underneath the cellar doors and the vineyard restaurants and the pinot noir tastings, the region runs on pubs. The pub is where the locals eat. The pub is where you can turn up without a booking on a…","label: ""The Peninsula Pub Guide | label: ""The Friday Night Arrival | label: ""How to Plan a Peninsula Weekend",3,"[""flinders-hotel"", ""dromana-hotel"", ""rye-hotel"", ""balnarring-pub"", ""merricks-hotel"", ""mornington-hotel"", ""portsea-hotel"", ""sorrento-hotel"", ""hotel-sorrento"", ""the-bay-hotel-mornington"", ""red-hill-brewery"", ""st-andrews-beach-brewery"", ""jetty-road-brewery"", ""two-bays-brewing"", ""mornington-peninsula-brewery"", ""mornington-peninsula-cider""]",,False
the-pub-guide,live,article,journal,insider-edit,The Peninsula Pub Guide: Six Hotels That Still Know What a Pub Is For,"Not a gastropub ranking. Not a beer list. A guide to the six Peninsula pubs that still operate as the social centre of a town  -  where the food is good, the beer is cold, the rooms are clean, and nobody is trying to be anything else.",editorial,2026-04-10,2026-04-22,https://peninsulainsider.com.au/journal/the-pub-guide/,"[""eat"", ""pub"", ""beer"", ""stay"", ""locals"", ""mornington"", ""flinders"", ""sorrento"", ""balnarring""]",False,7,,,,1288,"There is a version of the Mornington Peninsula that has nothing to do with cellar doors, degustation menus, or hot springs - and it runs on pubs. The Peninsula has a density of proper country hotels that is unusual for a coastal region this close to a capital city. Some of them…","label: ""Dog-Friendly Cafés, Pubs and Wineries on the Mornington Peninsula | label: ""Where to Stay on the Mornington Peninsula | label: ""The Dog-Friendly Peninsula — Full Weekend Guide",3,flinders-hotel | hotel-sorrento | portsea-hotel | mornington-hotel | dromana-hotel | balnarring-pub | rye-hotel | merricks-hotel | the-bay-hotel-mornington | sorrento-hotel | red-hill-brewery | two-bays-brewing | st-andrews-beach-brewery,,False
the-rainy-day-peninsula-without-a-booking,live,article,journal,service,The Rainy-Day Peninsula Without a Booking,"For the grey Saturday when the forecast turns, the hot springs are full, and you still want the region to feel worth the drive. Coffee, gallery, bakery, brewery, coast  -  in the right order.",editorial,2026-04-11,2026-04-22,https://peninsulainsider.com.au/journal/the-rainy-day-peninsula-without-a-booking/,"[""rainy-day"", ""winter"", ""local-guide"", ""indoor"", ""day-trip""]",False,7,,,,1345,"The Peninsula in bad weather separates locals from optimists. Optimists keep the same itinerary they had for the blue-sky version of the weekend, then spend half the day running between cellar doors and car parks in wet sneakers, insisting the rain will clear after lunch. Locals…","label: ""The Rainy Day Peninsula — Where to Go When the Weather Turns | label: ""Best Spas on the Mornington Peninsula — The Tier Guide | label: ""How to Plan a Peninsula Weekend",3,"[""commonfolk-coffee"", ""merricks-general-wine-store"", ""red-hill-brewery"", ""flinders-sourdough"", ""flinders-hotel"", ""stringers-mornington"", ""ashcombe-maze"", ""the-bay-hotel-mornington"", ""balnarring-pub"", ""red-hill-cheese"", ""mornington-peninsula-chocolates"", ""via-boffe""]",,False
the-school-holidays-survival-guide,live,article,plans,service,The School Holidays Survival Guide,"Two weeks, restless children, a Peninsula that is busier than usual, and a parent who needs the trip to feel like a holiday for everyone. The plan that works.",editorial,2026-04-10,2026-04-22,https://peninsulainsider.com.au/plans/the-school-holidays-survival-guide/,"[""family"", ""kids"", ""school-holidays"", ""activities"", ""outdoor"", ""rainy-day"", ""budget""]",False,8,,,,1444,"School holidays on the Peninsula follow a pattern, and recognising the pattern early saves you. Week one: the families from Melbourne arrive, mostly on the bay side, mostly in rental houses in Rosebud, Rye, and Dromana. The main beaches fill by 10am. The fish-and-chip shops have…","label: ""The Peninsula with Kids — Family Day Guide | label: ""The Four-Hour Peninsula — Compact Day Guide | label: ""How to Plan a Peninsula Weekend",3,"[""ashcombe-maze"", ""sunny-ridge-strawberry-farm"", ""red-hill-brewery"", ""mornington-peninsula-chocolates"", ""st-andrews-beach-brewery"", ""red-gum-bbq"", ""flinders-pier-takeaway"", ""commonfolk-coffee"", ""dromana-hotel"", ""rye-hotel"", ""sorrento-gelato"", ""johnny-ripe"", ""balnarring-pub"", ""mornington-peninsula-cider""]",,False
the-seafood-list,live,article,journal,insider-edit,The Seafood List: Where the Fish Comes Off the Boat and Onto the Plate,"The Peninsula is a wine region that happens to be surrounded by water. The seafood story is quieter than the pinot story, but it is arguably the more honest one  -  and the best of it is very, very good.",editorial,2026-04-10,2026-04-22,https://peninsulainsider.com.au/journal/the-seafood-list/,"[""eat"", ""seafood"", ""bayside"", ""hastings"", ""mornington"", ""sorrento"", ""flinders""]",False,7,,,,1154,"The Mornington Peninsula's food identity is pinot and long lunches, and that identity is accurate but incomplete. The Peninsula is a literal peninsula - water on three sides, commercial fishing out of Hastings, Mornington, and Flinders, mussel farms in Western Port Bay, oyster…","label: ""The Peninsula Pantry — Shopping the Region's Larder | label: ""The Long Lunch — The Peninsula's Best Format | label: ""A Flinders Weekend — The Quiet Side of the Peninsula",3,advance-mussel-supply | hastings-fishermens-coop | pier-street-seafood | pier-street-flinders | flinders-pier-takeaway | hotel-sorrento | the-baths-sorrento | the-rocks-mornington | rocker | portsea-hotel | flinders-hotel | barragunda-dining | stringers-mornington | afloat-mornington,,False
the-sorrento-weekend,live,article,journal,slow-peninsula,The Sorrento Weekend: How to Do the Tip Without Treating It Like a Summer Strip,"Sorrento in January is a queue. Sorrento in April, September, or a still blue June morning is one of the most complete small towns in Victoria. Here is the version of the weekend that uses the village properly and refuses to drive back up the ridge for dinner.",editorial,2026-04-12,2026-04-22,https://peninsulainsider.com.au/journal/the-sorrento-weekend/,"[""sorrento"", ""portsea"", ""weekend"", ""stay"", ""bayside"", ""back-beaches""]",False,8,,,,1798,"Sorrento has two problems, and they are the same problem at different volumes. The first is that in the three weeks between Boxing Day and Australia Day, the town disappears under a tide of weekenders from Brighton and Toorak. The queues outside the bakery reach the kerb. The…","label: ""Point Nepean National Park Guide | label: ""Where to Stay on the Mornington Peninsula | label: ""Waterfront Restaurants on the Mornington Peninsula",3,"[""hotel-sorrento"", ""the-continental-sorrento"", ""sorrento-hotel"", ""polperro"", ""polperro-villas"", ""sorrento-bakery"", ""sorrento-gelato"", ""portsea-hotel"", ""the-baths-sorrento"", ""sorrento-coastal-retreat"", ""pt-leo-estate"", ""barragunda-dining""]",,False
the-spring-peninsula,live,article,journal,editors-letter,The Spring Peninsula: Why September and October Are the Region's Most Underrated Weekends,"The vines coming back into leaf, the back beaches at their cleanest, the cellar doors quiet enough to actually talk to the winemakers, and the first warm afternoons of the year. The case for coming down in spring, before everyone else remembers to.",editorial,2026-04-16,2026-04-22,https://peninsulainsider.com.au/journal/the-spring-peninsula/,"[""spring"", ""seasonal"", ""weekend"", ""red-hill"", ""markets"", ""walks""]",False,7,,,,1670,"There is a three-week window in the middle of October when the Mornington Peninsula is arguably at its best, and almost no one comes down for it. The vines are a week past bud-burst. The paddocks are fluorescent green in a way they are not any other month. The ridge mornings are…","label: ""The Bushrangers Bay Walk | label: ""Arthurs Seat Eagle — Visitor Guide | label: ""Hatted Restaurants on the Mornington Peninsula 2025",3,"[""montalto"", ""merricks-general-wine-store"", ""lindenderry"", ""ten-minutes-by-tractor"", ""polperro"", ""crittenden-estate"", ""paringa-estate"", ""red-hill-brewery"", ""flinders-hotel"", ""tedesca-osteria"", ""pt-leo-estate"", ""sunny-ridge-strawberry-farm"", ""mornington-farmers-market"", ""red-hill-market"", ""balnarring-market""]",,False
the-sunset-drink,live,article,journal,insider-edit,The Sunset Drink: Where to Watch the Light Drop on the Peninsula,"The bay side goes gold at about five. The ocean side goes pink at about half past. You need a glass in your hand for both versions, and these are the seven places that understand the assignment.",editorial,2026-04-10,2026-04-22,https://peninsulainsider.com.au/journal/the-sunset-drink/,"[""wine"", ""eat"", ""sunset"", ""bayside"", ""ocean-coast"", ""red-hill"", ""sorrento""]",False,7,,,,1425,"The Mornington Peninsula has a structural advantage that no other wine region within two hours of a capital city can match: it faces two ways. The bay side catches the afternoon light coming in flat across Port Phillip, turning everything amber from about four-thirty onwards.…","label: ""The Sunset Hour — Where to Be at the End of the Day | label: ""The Couples' Weekend on the Mornington Peninsula | label: ""The Sorrento Weekend",3,hotel-sorrento | portsea-hotel | pt-leo-estate | point-leo-wine-terrace | flinders-hotel | montalto | paringa-estate | dromana-hotel | mornington-hotel | the-continental-sorrento | foxeys-hangout | polperro | red-hill-brewery,,False
the-sunset-hour,live,article,journal,service,The Sunset Hour: Where to Be at the End of the Day,"The Peninsula's evenings are its most under-scheduled hours. Where to stand, sit, drink, or walk in the forty minutes before dark  -  the guide to the best light on the Mornington Peninsula.",editorial,2026-04-10,2026-04-22,https://peninsulainsider.com.au/journal/the-sunset-hour/,"[""sunset"", ""walks"", ""views"", ""evening"", ""couples"", ""romance"", ""photography""]",False,6,,,,1336,"The Peninsula's evenings are wasted by almost everyone who visits. The standard plan runs the day hard - cellar doors, lunch, a producer stop, maybe a beach - and then drives home at four-thirty in the fading light, or retreats to the rental house to cook dinner while the best…","label: ""The Couples' Weekend on the Mornington Peninsula | label: ""The Sorrento Weekend | label: ""The Peninsula's Best Late-Afternoon Walks",3,"[""hotel-sorrento"", ""portsea-hotel"", ""the-baths-sorrento"", ""the-continental-sorrento"", ""point-leo-wine-terrace"", ""laura-pt-leo"", ""montalto"", ""polperro"", ""flinders-hotel"", ""pier-street-flinders"", ""lindenderry""]",,False
the-thermal-springs-weekend,live,article,plans,service,The Thermal Springs Weekend: How to Do Wellness on the Peninsula Without Wasting It,Most people arrive at the Peninsula's thermal baths with a ticket and no plan. That is why most people leave faintly disappointed. Here is the version that actually works.,editorial,2026-04-09,2026-04-22,https://peninsulainsider.com.au/plans/the-thermal-springs-weekend/,"[""wellness"", ""thermal-springs"", ""weekend"", ""fingal"", ""red-hill"", ""autumn""]",True,8,,,,1344,"There is a version of the Peninsula wellness weekend that gets sold to people and a version that actually works. The one that gets sold is a ticket. You book a two-hour session at one of the thermal complexes, drive down from the city, move through the pools photographing the…","label: ""Peninsula Hot Springs vs Alba — The Honest Comparison | label: ""Best Spas on the Mornington Peninsula — The Tier Guide | label: ""Where to Stay Near the Hot Springs | label: ""Guided Hot Springs Tours — From Melbourne | label: ""Thermal Springs Wine Weekend Package",3,alba-thermal-springs | peninsula-hot-springs | lindenderry | hillview-cottages | polperro-villas | tedesca-osteria | peninsula-hot-springs-glamping | barragunda-dining | allis-wine-bar,,False
the-vineyard-villa-weekend,live,article,journal,stay-notes,The Vineyard Villa Weekend: The Peninsula's Quietest Luxury,"The best Peninsula stay right now is not a design hotel. It is a cottage on a working farm with a fire, a kitchen, and nobody checking on you. Here is the case, and the short list.",editorial,2026-04-09,2026-04-22,https://peninsulainsider.com.au/journal/the-vineyard-villa-weekend/,"[""stay"", ""weekend"", ""villa"", ""cottage"", ""red-hill"", ""main-ridge"", ""slow""]",False,7,,,,1522,"The Peninsula weekend has a default shape, and most people do not question it. You book a design hotel on the ridge. You arrive mid-afternoon on Friday. You have a drink in the hotel bar, a three-course dinner in the hotel dining room, breakfast in the hotel terrace, a booked…","label: ""Where to Stay on the Mornington Peninsula | label: ""The One-Night Peninsula Escape | label: ""The Peninsula Pantry — Shopping the Region's Larder",3,polperro-villas | hillview-cottages | lindenderry | jackalope | flinders-sourdough | merricks-general-wine-store | crittenden-villas | port-phillip-estate | point-leo-estate-villas | peninsula-hot-springs-glamping,,False
things-to-do-mornington-peninsula,live,article,journal,hub-guide,Things to Do on the Mornington Peninsula,"From Australia's #1-ranked wildlife sanctuary to geothermal hot springs drawn from 637 metres underground, here's what's genuinely worth your time — including what's open, what's shut, and what's free.",editorial,2026-04-22,2026-04-22,https://peninsulainsider.com.au/journal/things-to-do-mornington-peninsula/,"[""things-to-do"", ""family"", ""outdoors"", ""hot-springs"", ""wildlife"", ""free"", ""gondola""]",True,12,,,,1300,"import AlertBlock from '../../components/AlertBlock.astro'; Most visitors arrive on the Mornington Peninsula for beaches and wine. They leave having also done one of Australasia's better cable car rides, visited a wildlife sanctuary with free-roaming kangaroos, or soaked in…","label: ""Peninsula Hot Springs vs Alba (Which to Choose) | label: ""Arthurs Seat Eagle: Visitor Guide | label: ""Ashcombe Maze: Visitor Guide | label: ""Free Things to Do on the Mornington Peninsula | label: ""Cape Schanck Lighthouse + Boardwalk | label: ""Point Nepean National Park Guide",4,,,False
three-italian-dinners,live,article,journal,insider-edit,"Tedesca, Tractor, Laura: The Three Peninsula Dinners and the Argument Between Them","A comparative review of the three most serious dining rooms on the Mornington Peninsula, and a specific case for which one is which occasion.",editorial,2026-04-07,2026-04-22,https://peninsulainsider.com.au/journal/three-italian-dinners/,"[""eat"", ""wine"", ""red-hill"", ""long-lunch"", ""review""]",False,9,,,,1051,"The Mornington Peninsula has four or five serious dining rooms at any given moment, and three of them do the same thing in almost entirely different ways. The question of which one you book depends on a set of variables people don't usually name out loud: the mood of the group,…","label: ""Hatted Restaurants on the Mornington Peninsula 2025 | label: ""The Long Lunch — The Peninsula's Best Format | label: ""How to Plan a Peninsula Weekend",3,"[""tedesca-osteria"", ""ten-minutes-by-tractor"", ""laura-pt-leo"", ""doot-doot-doot"", ""mr-vincenzos"", ""via-boffe"", ""la-baracca-tgallant"", ""ciao-amici"", ""pane-e-vino""]",,False
trofeo-estate-dromana,draft,article,journal,cellar-door-dispatch,Trofeo Estate: A low-profile Peninsula estate that needs a call-ahead approach,Trofeo Estate sits in the long tail of Peninsula wine addresses that do not advertise themselves loudly. That usually means either a small producer worth seeking out or a venue whose current public access needs checking before you commit the drive.,editorial,2026-05-02,2026-05-02,https://peninsulainsider.com.au/journal/trofeo-estate-dromana/,"[""wine"", ""cellar-door"", ""dromana""]",False,4,,,,455,"Public information on Trofeo Estate is thinner than it is for the Peninsula's headline estates, and that usually tells you something useful straight away. This is unlikely to be a polished all-day destination built for tour buses and long lunches. It is more likely to be a…","label: ""The Cellar Door Short List | label: ""Mornington Peninsula Winery Guide",3,"[""trofeo-estate""]",,False
tucks-ridge-winery-red-hill,draft,article,journal,cellar-door-dispatch,Tucks Ridge: A Peninsula producer to verify before you build the day around it,Tucks Ridge sits in the long tail of Peninsula wine addresses that do not advertise themselves loudly. That usually means either a small producer worth seeking out or a venue whose current public access needs checking before you commit the drive.,editorial,2026-05-02,2026-05-02,https://peninsulainsider.com.au/journal/tucks-ridge-winery-red-hill/,"[""wine"", ""cellar-door"", ""red-hill""]",False,4,,,,456,"Public information on Tucks Ridge is thinner than it is for the Peninsula's headline estates, and that usually tells you something useful straight away. This is unlikely to be a polished all-day destination built for tour buses and long lunches. It is more likely to be a…","label: ""The Cellar Door Short List | label: ""Mornington Peninsula Winery Guide",3,"[""tucks-ridge""]",,False
turramurra-estate-red-hill,draft,article,journal,cellar-door-dispatch,Turramurra Estate: A low-profile Peninsula estate that needs a call-ahead approach,Turramurra Estate sits in the long tail of Peninsula wine addresses that do not advertise themselves loudly. That usually means either a small producer worth seeking out or a venue whose current public access needs checking before you commit the drive.,editorial,2026-05-02,2026-05-02,https://peninsulainsider.com.au/journal/turramurra-estate-red-hill/,"[""wine"", ""cellar-door"", ""red-hill""]",False,4,,,,456,"Public information on Turramurra Estate is thinner than it is for the Peninsula's headline estates, and that usually tells you something useful straight away. This is unlikely to be a polished all-day destination built for tour buses and long lunches. It is more likely to be a…","label: ""The Cellar Door Short List | label: ""Mornington Peninsula Winery Guide",3,"[""turramurra-estate""]",,False
two-bays-walk-mornington-peninsula,live,article,journal,trail-guide,Two Bays Walking Track — Complete Trail Guide,"26 kilometres from Dromana to Cape Schanck (Parks Victoria's official figure — some sources say 28km, which is incorrect). Grade 3. No water on the trail. One camping area at Lightwood Creek. Dogs not permitted.",editorial,2026-04-22,2026-04-22,https://peninsulainsider.com.au/journal/two-bays-walk-mornington-peninsula/,"[""two-bays"", ""walking-track"", ""hiking"", ""national-park"", ""mornington-peninsula"", ""cape-schanck"", ""dromana""]",False,7,,,,745,"import AlertBlock from '../../components/AlertBlock.astro'; <AlertBlock type=""warning"" heading=""No water on the trail — carry all water from the start"" There is no reliable water source on the Two Bays Walking Track other than tank water at Lightwood Creek Camping Area (boil…","label: ""Cape Schanck Guide | label: ""Point Nepean National Park Guide | label: ""Things to Do on the Mornington Peninsula | label: ""Free Things to Do on the Mornington Peninsula",4,,,False
underground-wine-makers-mornington,draft,article,journal,cellar-door-dispatch,Underground Wine Makers: A Peninsula producer to verify before you build the day around it,Underground Wine Makers sits in the long tail of Peninsula wine addresses that do not advertise themselves loudly. That usually means either a small producer worth seeking out or a venue whose current public access needs checking before you commit the drive.,editorial,2026-05-02,2026-05-02,https://peninsulainsider.com.au/journal/underground-wine-makers-mornington/,"[""wine"", ""cellar-door"", ""mornington""]",False,4,,,,460,"Public information on Underground Wine Makers is thinner than it is for the Peninsula's headline estates, and that usually tells you something useful straight away. This is unlikely to be a polished all-day destination built for tour buses and long lunches. It is more likely to…","label: ""The Cellar Door Short List | label: ""Mornington Peninsula Winery Guide",3,"[""underground-wine-makers""]",,False
vale-wines-mornington,draft,article,journal,cellar-door-dispatch,Vale Wines: A quiet cellar-door lead best treated as a second-stop prospect,Vale Wines sits in the long tail of Peninsula wine addresses that do not advertise themselves loudly. That usually means either a small producer worth seeking out or a venue whose current public access needs checking before you commit the drive.,editorial,2026-05-02,2026-05-02,https://peninsulainsider.com.au/journal/vale-wines-mornington/,"[""wine"", ""cellar-door"", ""mornington""]",False,4,,,,456,"Public information on Vale Wines is thinner than it is for the Peninsula's headline estates, and that usually tells you something useful straight away. This is unlikely to be a polished all-day destination built for tour buses and long lunches. It is more likely to be a…","label: ""The Cellar Door Short List | label: ""Mornington Peninsula Winery Guide",3,"[""vale-wines""]",,False
vidoni-estate-vineyard,draft,article,journal,cellar-door-dispatch,Vidoni Estate: A low-profile Peninsula estate that needs a call-ahead approach,Vidoni Estate sits in the long tail of Peninsula wine addresses that do not advertise themselves loudly. That usually means either a small producer worth seeking out or a venue whose current public access needs checking before you commit the drive.,editorial,2026-05-02,2026-05-02,https://peninsulainsider.com.au/journal/vidoni-estate-vineyard/,"[""wine"", ""cellar-door"", ""mornington-peninsula""]",False,4,,,,456,"Public information on Vidoni Estate is thinner than it is for the Peninsula's headline estates, and that usually tells you something useful straight away. This is unlikely to be a polished all-day destination built for tour buses and long lunches. It is more likely to be a…","label: ""The Cellar Door Short List | label: ""Mornington Peninsula Winery Guide",3,"[""vidoni-estate""]",,False
walks-bushrangers-bay-walk-guide,live,article,journal,service,The Bushrangers Bay Walk: Everything You Need to Know,"A 5.4km return walk from Cape Schanck Lighthouse to one of the Peninsula's wildest and least-crowded beaches. Basalt cliffs, a creek-mouth bay, and a genuine reason to be this far south.",editorial,2026-04-19,2026-04-22,https://peninsulainsider.com.au/journal/walks-bushrangers-bay-walk-guide/,"[""walks"", ""cape-schanck"", ""hikes"", ""coastal"", ""explore"", ""families""]",True,7,,,,656,"import AlertBlock from '../../components/AlertBlock.astro'; <AlertBlock type=""danger"" heading=""PAPP fox baiting active — dogs not permitted"" PAPP poison baiting and trapping is active in the Mornington Peninsula National Park, including the Bushrangers Bay walk corridor, until…","label: ""Cape Schanck Guide | label: ""Walk Then Hot Springs: The Cape Schanck Day | label: ""Two Bays Walking Track | label: ""Free Things to Do on the Mornington Peninsula",4,,,False
walks-cape-schanck-hot-springs-day,live,article,plans,service,Walk Then Hot Springs: The Cape Schanck Day,"The Peninsula's most satisfying day combination — Bushrangers Bay in the morning, lunch on the drive north, and a long afternoon at Peninsula Hot Springs. The structure that earns the second half.",editorial,2026-04-19,2026-04-22,https://peninsulainsider.com.au/plans/walks-cape-schanck-hot-springs-day/,"[""walks"", ""spa"", ""cape-schanck"", ""day-trip"", ""explore"", ""itinerary""]",True,6,,,,820,"import AlertBlock from '../../components/AlertBlock.astro'; <AlertBlock type=""warning"" heading=""Cape Schanck boardwalk — upgrade works in progress"" Parks Victoria is completing upgrades to the Cape Schanck visitor precinct: track resurfacing, improved lookouts, and boardwalk…","label: ""Cape Schanck Guide | label: ""Peninsula Hot Springs vs Alba | label: ""The Bushrangers Bay Walk | label: ""Guided Hot Springs Tours — From Melbourne",3,,,False
waterfront-restaurants-mornington-peninsula,live,article,journal,service,Waterfront Restaurants on the Mornington Peninsula,"The Baths at Sorrento, The Rocks at Mornington, and the Portsea Hotel all have genuine waterfront positions on Port Phillip Bay. Here is what each actually is, what to order, and when each one makes sense.",editorial,2026-04-22,2026-04-22,https://peninsulainsider.com.au/journal/waterfront-restaurants-mornington-peninsula/,"[""waterfront"", ""seafood"", ""restaurants"", ""sorrento"", ""mornington"", ""portsea"", ""mornington-peninsula""]",False,5,,,,572,"The Mornington Peninsula's waterfront dining is concentrated on Port Phillip Bay — the calmer, bay-facing side of the Peninsula rather than the ocean. Three venues define the category: The Baths at Sorrento for special occasion seafood with panoramic bay views, The Rocks at…","label: ""Where to Eat on the Mornington Peninsula | label: ""Hatted Restaurants on the Mornington Peninsula",4,,,False
weddings-mornington-peninsula-weekend-planning,live,article,plans,service,How to Plan a Mornington Peninsula Wedding Weekend,"The Peninsula wedding weekend only works when the event, the guest base, the food, and the next-day recovery all belong to the same idea. Here is how to shape it properly.",editorial,2026-04-19,2026-04-22,https://peninsulainsider.com.au/plans/weddings-mornington-peninsula-weekend-planning/,"[""weddings"", ""weekend"", ""planning"", ""stay"", ""wine"", ""peninsula""]",True,8,,,,585,"The best Peninsula weddings feel like more than a ceremony and reception. They feel like a small destination experience with a clear centre of gravity. The region is built for that, but it only works if the weekend is shaped intentionally. The mistake is to think of a wedding…","label: ""Where Wedding Guests Should Stay on the Mornington Peninsula | label: ""Where to Stay on the Mornington Peninsula | label: ""Hatted Restaurants on the Mornington Peninsula 2025",3,,,False
weddings-where-guests-stay-mornington-peninsula,live,article,journal,service,Where Wedding Guests Should Stay on the Mornington Peninsula,"The best towns, hotels, and guest-base logic for a Peninsula wedding weekend, from Red Hill winery weddings to Sorrento coastal celebrations.",editorial,2026-04-19,2026-04-22,https://peninsulainsider.com.au/journal/weddings-where-guests-stay-mornington-peninsula/,"[""weddings"", ""stay"", ""planning"", ""red-hill"", ""sorrento"", ""peninsula""]",True,7,,,,706,"One of the easiest ways to make a Peninsula wedding feel effortless is to get the guest-stay logic right early. That sounds obvious, but it is where a lot of wedding weekends quietly come apart. A venue can be beautiful, the food can be strong, and the photos can look…","label: ""How to Plan a Mornington Peninsula Wedding Weekend | label: ""Where to Stay on the Mornington Peninsula | label: ""Dog-Friendly Accommodation on the Mornington Peninsula",3,,,False
where-to-eat-mornington-peninsula,live,article,journal,hub-guide,Where to Eat on the Mornington Peninsula,"The Good Food Guide 2025 gave the Peninsula 15 hats across 11 venues. Here's where to book, what to order, and one restaurant you should know has recently changed hands.",editorial,2026-04-22,2026-04-22,https://peninsulainsider.com.au/journal/where-to-eat-mornington-peninsula/,"[""food"", ""restaurants"", ""hatted"", ""fine-dining"", ""waterfront"", ""long-lunch"", ""winery-dining""]",True,14,,,,1394,"import AlertBlock from '../../components/AlertBlock.astro'; The Mornington Peninsula's food scene has been building for two decades. In 2025, the Good Food Guide awarded it 15 hats across 11 venues — and one of those venues, Barragunda Dining at Cape Schanck, debuted straight…","label: ""Hatted Restaurants 2025 — Full Table | label: ""Waterfront Restaurants on the Mornington Peninsula | label: ""Dog-Friendly Wineries (With Dining)",4,,,False
where-to-eat-without-a-booking,live,article,journal,service,Where to Eat Without a Booking,"The walk-in dining guide to the Mornington Peninsula  -  the pubs, cafés, bakeries and bars where you can turn up hungry, without a reservation, and leave properly fed.",editorial,2026-04-10,2026-04-22,https://peninsulainsider.com.au/journal/where-to-eat-without-a-booking/,"[""dining"", ""walk-in"", ""no-booking"", ""pubs"", ""cafes"", ""casual"", ""first-timers""]",False,7,,,,1516,"The Peninsula has a booking problem, and most visitors discover it at the wrong moment. It goes like this: you have driven ninety minutes from Melbourne on a Saturday morning with a vague plan to eat somewhere nice. You pull into a winery car park at 12:15, walk up to the host…","label: ""The Peninsula Pub Guide | label: ""The Peninsula Pub Crawl | label: ""How to Plan a Peninsula Weekend",3,"[""red-hill-brewery"", ""flinders-hotel"", ""dromana-hotel"", ""rye-hotel"", ""balnarring-pub"", ""merricks-hotel"", ""mornington-hotel"", ""portsea-hotel"", ""sorrento-hotel"", ""flinders-sourdough"", ""red-hill-bakery"", ""commonfolk-coffee"", ""johnny-ripe"", ""st-andrews-beach-brewery"", ""jetty-road-brewery"", ""two-bays-brewing"", ""red-gum-bbq"", ""flinders-pier-takeaway"", ""pho-rosebud"", ""mornington-dumpling-house"", ""sorrento-gelato"", ""balnarring-bakehouse"", ""somers-general"", ""flinders-general-store""]",,False
where-to-stay-for-a-two-night-escape,live,article,journal,stay-notes,Where to Stay for a Two-Night Peninsula Escape,"If you only have one weekend, choose your base carefully. These are the stays that shape the trip rather than merely host it.",editorial,2026-04-02,2026-04-22,https://peninsulainsider.com.au/journal/where-to-stay-for-a-two-night-escape/,"[""stay"", ""weekend"", ""sorrento"", ""red-hill""]",False,6,,,,426,"There are two ways to get the Mornington Peninsula wrong. The first is to try to do too much in one weekend, pinballing from cellar door to beach to lunch to another beach until the whole thing feels like a to-do list in expensive linen. The second is to choose a base that works…","label: ""Where to Stay on the Mornington Peninsula | label: ""The Vineyard Villa Weekend | label: ""The Couples' Weekend on the Mornington Peninsula",3,"[""jackalope"", ""lindenderry"", ""the-continental-sorrento"", ""hotel-sorrento"", ""port-phillip-estate"", ""crittenden-villas"", ""peninsula-hot-springs-glamping"", ""the-continental-sorrento"", ""point-leo-estate-villas"", ""polperro-villas"", ""hillview-cottages""]",,False
where-to-stay-mornington-peninsula,live,article,journal,hub-guide,Where to Stay on the Mornington Peninsula,"Australia's first MICHELIN Two Keys hotel, a former Victorian institution turned IHG five-star, and a geothermal glamping village in Fingal. Here's what's actually on the Peninsula, how to choose between them, and how to tell two famous Sorrento properties apart.",editorial,2026-04-22,2026-04-22,https://peninsulainsider.com.au/journal/where-to-stay-mornington-peninsula/,"[""accommodation"", ""luxury"", ""glamping"", ""winery-stay"", ""boutique-hotels"", ""hot-springs"", ""family""]",True,12,,,,1355,"In 2025, Jackalope Hotel became one of the first Australian properties to receive the MICHELIN Two Keys designation. It's a useful marker for where Peninsula accommodation has arrived: 45 rooms in a design-forward winery hotel, two hatted restaurants, and an international…","label: ""Luxury Hotels on the Mornington Peninsula | label: ""Peninsula Hot Springs vs Alba (Glamping + Spa Stays)",4,,,False
where-to-walk-the-dog-mornington-peninsula,live,article,journal,service,Where to Walk the Dog on the Mornington Peninsula,"Foreshore walks, coastal scrub, and the one fenced off-leash utility ground that justifies the drive to Briars. Where dog walks actually work on the Peninsula — and where the National Park prohibits them entirely.",editorial,2026-04-17,2026-04-22,https://peninsulainsider.com.au/journal/where-to-walk-the-dog-mornington-peninsula/,"[""dogs"", ""walks"", ""peninsula"", ""service"", ""explore"", ""outdoors""]",False,6,,,,695,"import AlertBlock from '../../components/AlertBlock.astro'; <AlertBlock type=""danger"" heading=""PAPP fox baiting active in National Park — dogs will die"" PAPP poison baiting is active from Portsea Ocean Beach through Greens Bush until October 2026. Do not take dogs to any…","label: ""Dog-Friendly Beaches on the Mornington Peninsula | label: ""The Dog-Friendly Peninsula — Full Weekend Guide | label: ""Things to Do on the Mornington Peninsula",3,,,False
whinstone-estate-winery,draft,article,journal,cellar-door-dispatch,Whinstone Estate: A low-profile Peninsula estate that needs a call-ahead approach,Whinstone Estate sits in the long tail of Peninsula wine addresses that do not advertise themselves loudly. That usually means either a small producer worth seeking out or a venue whose current public access needs checking before you commit the drive.,editorial,2026-05-02,2026-05-02,https://peninsulainsider.com.au/journal/whinstone-estate-winery/,"[""wine"", ""cellar-door"", ""mornington-peninsula""]",False,4,,,,456,"Public information on Whinstone Estate is thinner than it is for the Peninsula's headline estates, and that usually tells you something useful straight away. This is unlikely to be a polished all-day destination built for tour buses and long lunches. It is more likely to be a…","label: ""The Cellar Door Short List | label: ""Mornington Peninsula Winery Guide",3,"[""whinstone-estate""]",,False
wildcroft-estate-mornington,draft,article,journal,cellar-door-dispatch,Wildcroft Estate: A low-profile Peninsula estate that needs a call-ahead approach,Wildcroft Estate sits in the long tail of Peninsula wine addresses that do not advertise themselves loudly. That usually means either a small producer worth seeking out or a venue whose current public access needs checking before you commit the drive.,editorial,2026-05-02,2026-05-02,https://peninsulainsider.com.au/journal/wildcroft-estate-mornington/,"[""wine"", ""cellar-door"", ""mornington""]",False,4,,,,455,"Public information on Wildcroft Estate is thinner than it is for the Peninsula's headline estates, and that usually tells you something useful straight away. This is unlikely to be a polished all-day destination built for tour buses and long lunches. It is more likely to be a…","label: ""The Cellar Door Short List | label: ""Mornington Peninsula Winery Guide",3,"[""wildcroft-estate""]",,False
winbirra-vineyard-mornington,draft,article,journal,cellar-door-dispatch,Winbirra Vineyard: A small-producer stop for readers who prefer substance to spectacle,Winbirra Vineyard sits in the long tail of Peninsula wine addresses that do not advertise themselves loudly. That usually means either a small producer worth seeking out or a venue whose current public access needs checking before you commit the drive.,editorial,2026-05-02,2026-05-02,https://peninsulainsider.com.au/journal/winbirra-vineyard-mornington/,"[""wine"", ""cellar-door"", ""mornington""]",False,4,,,,455,"Public information on Winbirra Vineyard is thinner than it is for the Peninsula's headline estates, and that usually tells you something useful straight away. This is unlikely to be a polished all-day destination built for tour buses and long lunches. It is more likely to be a…","label: ""The Cellar Door Short List | label: ""Mornington Peninsula Winery Guide",3,"[""winbirra-vineyard""]",,False
yal-yal-estate-winery,draft,article,journal,cellar-door-dispatch,Yal Yal Estate: A low-profile Peninsula estate that needs a call-ahead approach,Yal Yal Estate sits in the long tail of Peninsula wine addresses that do not advertise themselves loudly. That usually means either a small producer worth seeking out or a venue whose current public access needs checking before you commit the drive.,editorial,2026-05-02,2026-05-02,https://peninsulainsider.com.au/journal/yal-yal-estate-winery/,"[""wine"", ""cellar-door"", ""mornington-peninsula""]",False,4,,,,461,"Public information on Yal Yal Estate is thinner than it is for the Peninsula's headline estates, and that usually tells you something useful straight away. This is unlikely to be a polished all-day destination built for tour buses and long lunches. It is more likely to be a…","label: ""The Cellar Door Short List | label: ""Mornington Peninsula Winery Guide",3,"[""yal-yal-estate""]",,False
yrsas-vineyard-mornington,draft,article,journal,cellar-door-dispatch,Yrsa's Vineyard: A small-producer stop for readers who prefer substance to spectacle,Yrsa's Vineyard sits in the long tail of Peninsula wine addresses that do not advertise themselves loudly. That usually means either a small producer worth seeking out or a venue whose current public access needs checking before you commit the drive.,editorial,2026-05-02,2026-05-02,https://peninsulainsider.com.au/journal/yrsas-vineyard-mornington/,"[""wine"", ""cellar-door"", ""mornington""]",False,4,,,,460,"Public information on Yrsa's Vineyard is thinner than it is for the Peninsula's headline estates, and that usually tells you something useful straight away. This is unlikely to be a polished all-day destination built for tour buses and long lunches. It is more likely to be a…","label: ""The Cellar Door Short List | label: ""Mornington Peninsula Winery Guide",3,"[""yrsas-vineyard""]",,False
