slug,status_live,content_type,venue_type,place,zone,name,address,price_band,url,website,booking_url,booking_provider,phone,email,opening_hours,signature,why_we_go,editor_note_excerpt,if_only_one_thing,best_for,tags,awards,hero_image_src,hero_image_alt,hero_credit,featured_partner,last_verified,publish_date,pair_with,sitemap_exclude
advance-mussel-supply,staging,venue,producer,hastings,bayside,Advance Mussel Supply,"55 Oliver St, Hastings VIC 3915",$$,https://peninsulainsider.com.au/explore/producers/advance-mussel-supply/,https://advancemusselsupply.com.au,https://advancemusselsupply.com.au,none,+61 3 5979 1666,,,"Port Phillip blue mussels straight from the lease  -  cooked on site in pots the size of your head, or packed on ice to take home",Advance Mussel Supply is the reason anybody who knows Peninsula seafood drives to Hastings.,"Advance Mussel Supply is the reason anybody who knows Peninsula seafood drives to Hastings. The mussels come straight off the company's own lease in Western Port, the quality is as good as blue mussels get in Australia, and the tiny utilitarian takeaway out the front will cook them for you on site - huge pots of garlic-white-wine mussels with bread on the side - or pack them on ice to take home.…",Order a pot of mussels and eat them there instead of treating this like a retail stop.,families | couples | locals,"mood:waterfront,quick-bite | season:all-year | audience:families,couples,locals",,/images/sourced/venue-polperro-sorrento-pier-01.webp,"Fishing boat at the Peninsula pier — Advance Mussel Supply, Western Port",Peninsula Insider,False,2026-04-09,2026-04-09,Hastings Fishermen's Co-op | Commonfolk Coffee,True
afloat-mornington,staging,venue,cafe,mornington,bayside,Afloat Mornington,"1 Schnapper Point Dr, Mornington VIC 3931",$$,https://peninsulainsider.com.au/explore/cafes/afloat-mornington/,https://afloatmornington.com.au,https://afloatmornington.com.au,direct,,,,"A floating café and bar moored to Mornington Pier  -  all-day menu, fish sandwiches, and the novelty of eggs on toast that bob gently on the tide","Afloat is exactly what it sounds like — a floating café and bar moored to the side of Mornington Pier, with deck seating on top and tables below that genuinely rock with the swell when the wind picks up.","Afloat is exactly what it sounds like - a floating café and bar moored to the side of Mornington Pier, with deck seating on top and tables below that genuinely rock with the swell when the wind picks up. The menu is all-day and leans into the water: chowders, fish sandwiches, bay oysters, a burger for anyone who wants dry land food in a floating room. The novelty does most of the sales work, but…",Order the fish sandwich and eat it on the deck.,couples | families | first Peninsula visit,"mood:waterfront,slow | season:spring,summer,autumn | audience:couples,families,first-timers",,/images/sourced/explore-mornington-foreshore-01.webp,"Mornington foreshore at the pier, editorial placeholder for Afloat Mornington pending venue media",Peninsula Insider,False,2026-04-09,2026-04-09,Garagiste | Mornington Farmers' Market,True
alba-thermal-springs,staging,venue,spa,red-hill,red-hill-plateau,Alba Thermal Springs & Spa,"890 Mornington-Flinders Rd, Fingal VIC 3939",$$$,https://peninsulainsider.com.au/explore/spas/alba-thermal-springs/,https://albathermalsprings.com.au,https://albathermalsprings.com.au/book,direct,+61 3 5911 2100,,,"The Peninsula's second-generation thermal springs complex  -  cleaner architecture, smaller crowds, better pacing than the original",Alba is the thermal springs the Peninsula had been waiting for.,"Alba is the thermal springs the Peninsula had been waiting for. Where Peninsula Hot Springs has become a must-photograph theme park, Alba opened in 2022 with a deliberately stripped-back approach: thirty-one geothermal pools set into a quiet landscape in Fingal, a better spa building, and a ticketing system that caps bather numbers so the experience doesn't collapse into chaos. The architecture…",Book a morning session.,wellness day | wet-weather plan | anniversary weekends,"mood:wellness,rainy-day,slow,anniversary | season:all-year | audience:couples,solo,group,first-timers",,/images/sourced/spa-alba-thermal-springs-01.webp,"Alba Thermal Springs geothermal pools and bathhouse architecture at Fingal, Mornington Peninsula",Alba Thermal Springs,False,2026-04-09,2026-04-09,The Epicurean | Jackalope Hotel,True
allis-wine-bar,staging,venue,restaurant,main-ridge,red-hill-plateau,Allis Wine Bar,"1333 Mornington-Flinders Rd, Main Ridge VIC 3928",$$$,https://peninsulainsider.com.au/explore/restaurants/allis-wine-bar/,https://www.tenminutesbytractor.com.au/allis,https://www.tenminutesbytractor.com.au/allis-reservations,direct,+61 3 5989 6455,,,"The low-waste, low-key sibling of Ten Minutes by Tractor's fine dining room  -  small plates, garden-harvested produce, and a thoughtful wine list","Allis is the casual-hearted sibling to Ten Minutes by Tractor's fine dining room, and for a lot of people who know the Peninsula well it is quietly the better meal of the two.","Allis is the casual-hearted sibling to Ten Minutes by Tractor's fine dining room, and for a lot of people who know the Peninsula well it is quietly the better meal of the two. The format is small-plate and low-waste: vegetables straight out of the Ten Minutes kitchen garden, offcuts from the main restaurant deliberately integrated into the menu, and a wine list built to drink rather than to…",Book the earlier sitting and let the kitchen feed you at its own pace.,couples | date night | long lunch,"mood:first-date,slow,solo | season:all-year | audience:couples,solo",,/images/sourced/category-restaurant-02.webp,"Wine bar interior, editorial placeholder for Allis Wine Bar pending venue media",Peninsula Insider,False,2026-04-09,2026-04-09,Morning Sun Vineyard | Main Ridge Dairy,True
arthurs-views,live,venue,cottage,dromana,bayside,Arthurs Views,Arthurs Seat VIC 3936,$$,https://peninsulainsider.com.au/explore/cottages/arthurs-views/,https://arthursviews.com.au,https://arthursviews.com.au,direct,,,,"Five suites with panoramic Port Phillip Bay views from Arthurs Seat ridge — adults-only, double spas, electric log fires",Panoramic Port Phillip Bay views from Arthurs Seat — the Peninsula's most panoramic B&B position.,"Five suites on the Arthurs Seat ridge with panoramic Port Phillip Bay views, double spas, and electric log fires. AAA 4.5-star rated. Adults-only, child-free. Hosts Helen and Greg. From approximately $265–$330 per night, peak from $369. Arthurs Seat is the geographic mid-point of the Peninsula — convenient for day trips in both directions. Confirm minimum stay and current condition before…",Request a suite with the north-facing bay view rather than the garden-facing room.,view | anniversary weekends | romance,"mood:view,anniversary,romance | season:all-year | audience:couples",,/images/sourced/explore-arthurs-seat-lookout-01.webp,Mornington Peninsula — representative image for Arthurs Views pending venue media,Peninsula Insider,False,2026-05-07,2026-05-08,Crittenden Estate | Dromana,False
ashcombe-maze,staging,venue,producer,shoreham,ocean-coast,Ashcombe Maze & Lavender Gardens,"15 Shoreham Rd, Shoreham VIC 3916",$$,https://peninsulainsider.com.au/explore/producers/ashcombe-maze/,https://www.ashcombemaze.com.au,https://www.ashcombemaze.com.au/visit,direct,+61 3 5989 8387,,,"Lavender fields, Australia's oldest hedge maze, rose garden, and a small café  -  the quiet, slightly wholesome Peninsula detour",Ashcombe Maze is the Peninsula's most unexpectedly charming detour.,"Ashcombe Maze is the Peninsula's most unexpectedly charming detour. The gardens hold Australia's oldest symmetrical hedge maze, a circular rose garden, a lavender labyrinth, and a small café that sells lavender everything - ice cream, scones, shortbread, tisane - from a room that smells exactly like the fields outside. The place is deliberately low-tempo. You walk the maze, you sit in the…",Go early and buy the thing this place is best known for before it sells out.,garden afternoons | family outing | wet-weather plan,"mood:garden,slow,family,rainy-day | season:spring,summer,autumn | audience:families,couples,first-timers",Australia's Oldest Hedge Maze,/images/sourced/venue-ashcombe-maze-01.webp,"Ashcombe Maze and Lavender Gardens, Shoreham — Mornington Peninsula attraction",DenisFrolow / Wikimedia Commons (CC BY-SA 4.0),False,2026-04-09,2026-04-09,Flinders General Store | Flinders Sourdough,True
avani-wines,staging,venue,winery,red-hill,red-hill-plateau,Avani Wines,"112 Shoreham Rd, Red Hill South VIC 3937",$$,https://peninsulainsider.com.au/explore/winerys/avani-wines/,https://avaniwines.com.au,https://avaniwines.com.au/visit,direct,+61 418 555 941,,,Shashi and Rohit Singh's biodynamic family estate  -  home to one of the Peninsula's only serious Syrah programs alongside Amrit single-vineyard Pinot,"Avani is the Peninsula's quiet Syrah specialist, and that alone is reason to visit.","Avani is the Peninsula's quiet Syrah specialist, and that alone is reason to visit. Shashi and Rohit Singh run the estate as a genuinely small family operation - biodynamically farmed, hand-worked, and unusually focused on Syrah at a time when nearly every other cellar door on the ridge has all-in on Pinot Noir. The Amrit single-vineyard wines - Syrah, Chardonnay, Pinot Noir and a skin-contact…",Book ahead.,families | cellar door | couples,"mood:cellar-door,slow | season:all-year | audience:couples,solo",Gourmet Traveller Best Small Cellar Door Mornington 2023 | Biodynamic Family Estate,/images/sourced/venue-avani-wines-01.jpg,A glass of Avani pinot held above a row of barrels in the cellar,C McConville for Avani Wines,False,2026-04-09,2026-04-09,Tedesca Osteria | Red Hill Cheese,True
azuma-japanese,staging,venue,restaurant,mornington,bayside,Azuma Japanese,"89 Main St, Mornington VIC 3931",$$,https://peninsulainsider.com.au/explore/restaurants/azuma-japanese/,,,direct,+61 3 5975 1330,,,"A neighbourhood Japanese on Mornington's main street  -  reliable sushi, sashimi and donburi, and a useful break from the Peninsula's cheese-and-red-wine default","Azuma is a small, reliable neighbourhood Japanese on Mornington's main street and the right answer when a week of Peninsula cheese, charcuterie, and Pinot has pushed you toward something cleaner.","Azuma is a small, reliable neighbourhood Japanese on Mornington's main street and the right answer when a week of Peninsula cheese, charcuterie, and Pinot has pushed you toward something cleaner. The menu is classic middle-market Japanese - sushi and sashimi at the front, a tight list of donburi, tempura and ramen in the back - and the kitchen runs it all at an honest standard without trying to…",Book ahead for dinner.,family outing | families | couples,"mood:quick-bite,family | season:all-year | audience:families,couples,locals",,/images/sourced/category-restaurant-06.webp,"Restaurant interior, editorial placeholder for Azuma Japanese pending venue media",Peninsula Insider,False,2026-04-09,2026-04-09,Garagiste | Mornington Farmers' Market,True
baillieu-vineyard,staging,venue,winery,merricks,red-hill-plateau,Baillieu Vineyard,"51 Stanleys Rd, Merricks VIC 3916",$$,https://peninsulainsider.com.au/explore/winerys/baillieu-vineyard/,https://baillieuvineyard.com.au,https://baillieuvineyard.com.au,direct,,,,A thoughtfully managed Merricks estate making quietly excellent Chardonnay and Pinot Noir that rewards the drive to find it,"Baillieu Vineyard is the kind of place the Peninsula wine crowd refers to in lowered voices — not because it is a secret, but because it is genuinely under-visited.","Baillieu Vineyard is the kind of place the Peninsula wine crowd refers to in lowered voices - not because it is a secret, but because it is genuinely under-visited. Small, thoughtfully managed, and tucked along a quiet back road, Baillieu produces elegant Chardonnay and Pinot Noir from a site that rarely makes the day-trip itineraries. The cellar door is small and the experience rewards people…",Book a tasting and stay long enough for a proper glass afterwards.,cellar door | couples | wine people,"mood:cellar-door,slow,solo | season:all-year | audience:couples,solo",Halliday 5-Red-Star Winery,/images/sourced/article-vineyard-villa-01.webp,Mornington Peninsula landscape — representative image for Baillieu Vineyard,Peninsula Insider,False,2026-04-09,2026-04-09,Elgee Park | Merricks General Wine Store,True
balnarring-bakehouse,staging,venue,bakery,balnarring,red-hill-plateau,Balnarring Bakehouse,"3050 Frankston-Flinders Rd, Balnarring VIC 3926",$,https://peninsulainsider.com.au/explore/bakerys/balnarring-bakehouse/,,,none,+61 3 5983 5060,,,"The village bakehouse for the Balnarring side of the Peninsula  -  pies, pastries, and the breakfast sandwich that fuels the Saturday market crowd",Balnarring Bakehouse is the village bakery the Balnarring side of the Peninsula has relied on for years.,"Balnarring Bakehouse is the village bakery the Balnarring side of the Peninsula has relied on for years. The pies and pastries are proper country-bakery standard - a solid beef-and-mushroom, a honest custard tart, a vanilla slice that will not disappoint anyone over the age of eight - and the weekend breakfast sandwich has become the quiet fuel source for half the Balnarring Market crowd on a…",Order a pie and a sweet pastry and eat at least one of them while it is still warm.,family outing | families | locals,"mood:quick-bite,family | season:all-year | audience:families,locals",,/images/sourced/article-red-hill-saturday-01.webp,Mornington Peninsula landscape — representative image for Balnarring Bakehouse,Peninsula Insider,False,2026-04-09,2026-04-09,Balnarring Market | The Balnarring Pub,True
balnarring-market,staging,venue,market,balnarring,red-hill-plateau,Balnarring Market,"Balnarring Village Green, Frankston-Flinders Rd, Balnarring VIC 3926",$,https://peninsulainsider.com.au/explore/markets/balnarring-market/,https://www.balnarringmarket.com.au,https://www.balnarringmarket.com.au,none,,,,"A relaxed village-scale monthly market on Balnarring's green  -  local produce, makers, and the Peninsula's most family-friendly market morning","Balnarring Market is the smaller, softer cousin of Red Hill Market — a village-scale monthly event on the Balnarring Village Green that runs on the third Saturday of each month through the warmer months.","Balnarring Market is the smaller, softer cousin of Red Hill Market - a village-scale monthly event on the Balnarring Village Green that runs on the third Saturday of each month through the warmer months. The stalls lean more toward local produce and smaller craft makers and the whole event moves at a slower pace than the Red Hill crowd. This is the market to take visiting family to when you want…","Go late morning, buy what looks good, and drift into a long Balnarring afternoon.",family outing | garden afternoons | families,"mood:family,slow,garden | season:spring,summer,autumn | audience:families,couples,locals",,/images/sourced/article-picnic-01.webp,Mornington Peninsula landscape — representative image for Balnarring Market,Peninsula Insider,False,2026-04-09,2026-04-09,Balnarring Bakehouse | Elan Vineyard & Gallery,True
balnarring-pub,staging,venue,pub,balnarring,red-hill-plateau,The Balnarring Pub,"3050 Frankston-Flinders Rd, Balnarring VIC 3926",$$,https://peninsulainsider.com.au/explore/pubs/balnarring-pub/,https://balnarringhotel.com.au,https://balnarringhotel.com.au,direct,+61 3 5983 5258,,,"A proper country pub in the middle of Balnarring village  -  open fires in winter, a shaded beer garden in autumn, and honest counter meals","The Balnarring Pub is the kind of country local the Peninsula still does well — a proper pub in the middle of a proper village, with open fires in winter and a shaded beer garden in autumn.","The Balnarring Pub is the kind of country local the Peninsula still does well - a proper pub in the middle of a proper village, with open fires in winter and a shaded beer garden in autumn. The kitchen runs honest counter meals built on Peninsula produce, the tap line runs through Peninsula breweries, and the clientele is a mix of locals, market-going weekenders, and the occasional Melbourne…",Grab the outdoor table you actually want before you order anything.,family outing | garden afternoons | families,"mood:fireplace,family,garden | season:all-year | audience:families,locals,group",,/images/sourced/explore-balnarring-beach-01.webp,Mornington Peninsula landscape — representative image for The Balnarring Pub,Peninsula Insider,False,2026-04-09,2026-04-09,Elan Vineyard & Gallery | Somers General,True
barmah-park-vineyard,staging,venue,winery,moorooduc,hinterland,Barmah Park Vineyard,"3007 Frankston-Flinders Rd, Moorooduc VIC 3933",$$$,https://peninsulainsider.com.au/explore/winerys/barmah-park-vineyard/,https://www.barmahpark.com.au,https://www.barmahpark.com.au/tasting,direct,+61 3 5978 8049,,,"A rustic, intimate cellar door offering a five-wine, five-canape pairing experience from a hatted kitchen  -  the signature tasting format on the Peninsula",Barmah Park has quietly turned itself into the Peninsula's most serious cellar-door-as-dining-experience.,"Barmah Park has quietly turned itself into the Peninsula's most serious cellar-door-as-dining-experience. The signature tasting is a structured five-wine, five-canape pairing run out of a small kitchen that cooks like a hatted restaurant: one canape designed for each wine, paced and explained, across a single relaxed hour at a communal wooden table. It is the only cellar door on the Peninsula…",Book ahead — the pairing experience runs limited sessions.,cellar door | long lunch | anniversary weekends,"mood:cellar-door,long-lunch,slow,anniversary | season:all-year | audience:couples,solo",Peninsula's Only Canape-Paired Cellar Door,/images/sourced/place-merricks-01.webp,Mornington Peninsula landscape — representative image for Barmah Park Vineyard,Peninsula Insider,False,2026-04-09,2026-04-09,Barmah Park Farm Kitchen | Moorooduc Estate,True
barmah-park,staging,venue,cafe,moorooduc,hinterland,Barmah Park Farm Kitchen,"3007 Frankston-Flinders Rd, Moorooduc VIC 3933",$$,https://peninsulainsider.com.au/explore/cafes/barmah-park/,https://www.barmahpark.com.au,https://www.barmahpark.com.au/kitchen,direct,+61 3 5978 8049,,,"All-day farm kitchen and courtyard  -  brunches, cheese plates, and an easy Peninsula midweek lunch without the wine country theatre",Barmah Park runs a beautifully relaxed farm kitchen and courtyard alongside its more formal canape-paired cellar-door program.,"Barmah Park runs a beautifully relaxed farm kitchen and courtyard alongside its more formal canape-paired cellar-door program. The kitchen opens for brunch and runs an all-day menu that is closer to a village café than a winery restaurant - house-baked pastries, good eggs, cheese and charcuterie boards, a short pasta list at lunch, and a glass of estate Pinot on the side if the mood is right. The…",Go on a weekday if you can.,brunch | long lunch | garden afternoons,"mood:slow,garden | season:spring,summer,autumn | audience:couples,families,locals",,/images/sourced/article-dog-friendly-01.webp,Mornington Peninsula landscape — representative image for Barmah Park Farm Kitchen,Peninsula Insider,False,2026-04-09,2026-04-09,Barmah Park Vineyard | Peninsula Fresh Organics,True
barragunda-dining,staging,venue,restaurant,cape-schanck,ocean-coast,Barragunda Dining,"165 Boneo Rd, Cape Schanck VIC 3939",$$$$,https://peninsulainsider.com.au/explore/restaurants/barragunda-dining/,https://www.barragundadining.com.au,https://www.barragundadining.com.au/reservations,direct,+61 3 5988 6766,,,Chef Simone Watts's farm dining room on a 1000-acre regenerative estate at Cape Schanck  -  one of the Peninsula's most compelling new voices,Barragunda is the Peninsula's most genuinely farm-to-table dining experience and one of the most compelling new voices in the region.,"Barragunda is the Peninsula's most genuinely farm-to-table dining experience and one of the most compelling new voices in the region. Simone Watts's kitchen sits on a 1000-acre regenerative farm property at Cape Schanck, the menu is built almost entirely around what the farm produces that week, and the room is quiet, intimate, and deliberately under-publicised in a way that feels almost rare in…",Book well in advance.,anniversary weekends | long lunch | couples,"mood:anniversary,slow,long-lunch,first-date | season:all-year | audience:couples,solo",,/images/sourced/category-restaurant-04.webp,Mornington Peninsula landscape — representative image for Barragunda Dining,Peninsula Insider,False,2026-04-09,2026-04-09,One Spa at RACV Cape Schanck Resort | Nazaaray Estate,True
bass-and-flinders,staging,venue,distillery,mornington,bayside,Bass & Flinders Distillery,"232 Balnarring Rd, Tuerong VIC 3915",$$,https://peninsulainsider.com.au/explore/distillerys/bass-and-flinders/,https://bassandflindersdistillery.com,https://bassandflindersdistillery.com/book,direct,+61 3 5989 7022,,,A Peninsula gin distillery with a gin-school tasting experience that has quietly become one of the region's best wet weather plans,Bass & Flinders has been quietly building one of the best small distillery operations in Victoria since 2009.,"Bass & Flinders has been quietly building one of the best small distillery operations in Victoria since 2009. The gin range is genuinely varied - a crisp citrus-forward classic, a local-botanical Angry Ant featuring wattle seed and pink pepper, and a maceration gin that rewards closer attention. The cellar door is compact and a little industrial in the best way, and the gin school sessions let…","Book ahead for the gin school — it sells out, especially in winter, and it is one of the Peninsula's better hands-on experiences.",wet-weather plan | cellar door | couples,"mood:rainy-day,cellar-door,slow | season:all-year | audience:couples,group,first-timers",,/images/sourced/article-cellar-door-01.webp,Mornington Peninsula landscape — representative image for Bass & Flinders Distillery,Peninsula Insider,False,2026-04-09,2026-04-09,Mornington Peninsula Brewery | Mornington Dumpling House,True
birch-creek,live,venue,cottage,red-hill,red-hill-plateau,Birch Creek,Red Hill VIC 3937,$$,https://peninsulainsider.com.au/explore/cottages/birch-creek/,https://www.birchcreek.com.au,https://www.birchcreek.com.au,airbnb,,,,"Two self-contained farm cottages on 40 acres near Red Hill — The Mavis (sleeps two) and The June (sleeps four), with open fireplaces and friendly goats","40 acres, open fires, dog-friendly, friendly goats — the most quietly rural cottage stay in the Red Hill hinterland.","Two self-contained farm cottages on 40 acres between Red Hill and Dromana: The Mavis sleeps two, The June sleeps four. Both have open fireplaces and an outdoor tub. The property has friendly goats, which sounds like a detail until you've arrived on a cold afternoon and found that it is, in fact, exactly the right detail. Dog-friendly on 40 acres — the most space per dog in the Peninsula cottage…",Bring the dog — the 40-acre setting is the clearest dog-cottage argument on the Peninsula.,dog-friendly | fireplace | slow,"mood:fireplace,slow,garden,weekend-escape | season:autumn,winter,spring | audience:couples,families",,/images/sourced/place-red-hill-01.webp,Mornington Peninsula — representative image for Birch Creek pending venue media,Peninsula Insider,False,2026-05-07,2026-05-08,Red Hill Community Market | Ten Minutes by Tractor,False
bistro-elba,live,venue,restaurant,sorrento,bayside,Bistro Elba,"152 Ocean Beach Rd, Sorrento VIC 3943",$$$,https://peninsulainsider.com.au/explore/restaurants/bistro-elba/,https://www.bistroelba.com.au,https://www.bistroelba.com.au/bookings,direct,+61 3 5984 4995,,,"A beachy, artfully dilapidated French bistro on Ocean Beach Road  -  twice-baked soufflé, ocean-trout gravlax, and a wine list leaning on small emerging French producers",Bistro Elba is the Sorrento room that makes you feel like you have found the real version of the village.,"Bistro Elba is the Sorrento room that makes you feel like you have found the real version of the village. The space is deliberately low-key - timber floors worn soft, candlelight, a short menu chalked up every day - and the cooking is classic French bistro with enough restraint to make it feel entirely of its place. Twice-baked cheese soufflé, gin-cured ocean trout with cucumber and dill, whole…","Book for dinner on a Friday in autumn, sit at the bar if the dining room is full, and order the soufflé twice.",wet-weather plan | anniversary weekends | couples,"mood:anniversary,fireplace,first-date,slow | season:all-year | audience:couples,group",Good Food Guide 2024,/images/sourced/category-restaurant-01.webp,"Restaurant dining placeholder for Bistro Elba, Mornington Peninsula",Peninsula Insider placeholder,False,2026-04-09,2026-04-09,Sorrento Gelato | The Baths Sorrento,False
blue-moon-cottages,live,venue,cottage,rye,bayside,Blue Moon Cottages,Rye VIC 3941,$$,https://peninsulainsider.com.au/explore/cottages/blue-moon-cottages/,https://www.bluemooncottages.com.au,https://www.bluemooncottages.com.au,direct,,,,Three 1940s cottages 250 metres from Rye bay beach — Sandpiper is the dog-friendly unit with a wood fire and fenced courtyard,"250 metres from Rye bay beach, dog-friendly, 1940s character — the clearest fireplace-and-beach cottage combination on the Peninsula.","Three 1940s cottages sitting 250 metres from Rye's bay beach. The dog-welcoming unit is Sandpiper — one bedroom plus loft, wood fire, fenced courtyard, no extra pet fee listed. The winter fireplace experience is the reason most guests return: load up at the Red Hill Community Market on Saturday morning, light the fire by afternoon. Blue Moon draws one of the highest proportions of repeat visitors…","Book Sandpiper if dogs are coming — fenced courtyard, no extra pet fee.",dog-friendly | beach | fireplace,"mood:beach,fireplace,slow,weekend-escape | season:autumn,winter,spring | audience:couples,families",,/images/sourced/place-rye-01.webp,Mornington Peninsula — representative image for Blue Moon Cottages pending venue media,Peninsula Insider,False,2026-05-07,2026-05-08,Red Hill Community Market | Peninsula Hot Springs,False
brewers-cottage,live,venue,cottage,red-hill,red-hill-plateau,Brewer's Cottage — Red Hill Brewery,"88 Shoreham Rd, Red Hill South VIC 3937",$$,https://peninsulainsider.com.au/explore/cottages/brewers-cottage/,https://www.redhillbrewery.com.au/brewers-cottage/,https://www.redhillbrewery.com.au/brewers-cottage/,direct,,,,"A three-bedroom house on the Red Hill Brewery property — stocked beer fridge, open fire, ten seconds from the bar open Thursday to Sunday","On the brewery property, bar ten seconds away, open fire — the most direct producer-stay on the Peninsula.","A three-bedroom house on the Red Hill Brewery property, with a designer kitchen, open fire, and a stocked beer fridge. The bar is ten seconds from the front door and open Thursday to Sunday. Midweek stays are private and quiet — the brewery is closed and you have the property to yourself. Weekend stays are sociable rather than secluded, with the taproom operating next door. The most-cited…",Midweek for quiet; weekend for access to the taproom.,cellar-door | fireplace | weekend-escape,"mood:cellar-door,fireplace,slow | season:all-year | audience:couples,group",,/images/sourced/place-red-hill-01.webp,Mornington Peninsula — representative image for Brewer's Cottage pending venue media,Peninsula Insider,False,2026-05-07,2026-05-08,Red Hill Estate | Main Ridge Estate,False
cape-retreat,live,venue,villa,cape-schanck,back-beaches,The Cape Retreat,Cape Schanck VIC 3939,$$$$,https://peninsulainsider.com.au/explore/villas/cape-retreat/,https://thecaperetreat.com.au,https://thecaperetreat.com.au,direct,,,,"Twelve luxury suites on a Cape Schanck hilltop with Bass Strait views — primarily exclusive-hire, individual suites may be available on enquiry","Hilltop Cape Schanck position with unbroken Bass Strait views — strongest as a group or retreat venue, enquire for individual availability.","The Cape Retreat sits on a Cape Schanck hilltop with panoramic views across Bass Strait and the RACV golf course. Twelve luxury suites, primarily operated as an exclusive-hire venue for group stays, wellness retreats, and weddings. Individual suite bookings may be available on enquiry, but this is not a standard hotel-style booking. If the appeal is the architectural statement rather than group…",Confirm individual suite availability directly — this is primarily a group-hire venue.,wellness | view | weekend-escape,"mood:view,wellness,slow | season:all-year | audience:couples,group",,/images/sourced/place-cape-schanck-01.webp,Cape Schanck — representative image for The Cape Retreat pending venue media,Peninsula Insider,False,2026-05-07,2026-05-08,Barragunda Dining | Cape Schanck Lighthouse,False
cassis,live,venue,villa,red-hill,red-hill-plateau,Cassis Red Hill,Red Hill VIC 3937,$$$,https://peninsulainsider.com.au/explore/villas/cassis/,https://cassisredhill.com.au,https://cassisredhill.com.au,direct,,,,"Five adults-only villas with private heated mineral plunge pools, on the edge of Red Hill wine country with views over Western Port Bay",Every deck has a private heated plunge pool — the clearest argument for Cassis over any other villa in the Red Hill cluster.,"Cassis is a converted French farmhouse, and the most structurally distinct option in the Red Hill villa cluster. Where Polperro is intimate studio-scale with open fires and Crittenden is estate-on-a-lake, Cassis gives every villa a private heated mineral plunge pool or outdoor concrete bath on its deck. The views run over the Lancemore Lindenderry vineyard and, past that, Western Port Bay — you…",Book the Lodge or Retreat villa for the largest pool configuration. Confirm ownership change status before arrival.,anniversary weekends | weekend-escape | romance,"mood:anniversary,romance,view,slow,garden | season:all-year | audience:couples",,/images/sourced/place-red-hill-01.webp,Mornington Peninsula — representative image for Cassis Red Hill pending venue media,Peninsula Insider,False,2026-05-07,2026-05-08,Lancemore Lindenderry | Foxeys Hangout,False
cedar-and-pine,staging,venue,restaurant,mornington,bayside,Cedar & Pine,"18 Blake St, Mornington VIC 3931",$$$,https://peninsulainsider.com.au/explore/restaurants/cedar-and-pine/,https://cedarandpine.com.au,https://cedarandpine.com.au/bookings,direct,+61 3 5975 7899,,,"Modern Middle Eastern grazing in a warm Mornington room  -  dips, charred flatbreads, slow-cooked lamb, and a table built for sharing",Cedar & Pine is the Mornington answer to the modern Middle Eastern dining-room movement that has swept the Melbourne scene over the past few years.,"Cedar & Pine is the Mornington answer to the modern Middle Eastern dining-room movement that has swept the Melbourne scene over the past few years. The kitchen runs a grazing-style menu - hummus and labneh with house-made flatbreads, smoked eggplant, spiced carrots, slow-cooked lamb shoulder built for the centre of the table - and the room is warm and relaxed rather than fussy. This is the…",Book for six or more.,long lunch | group lunches | families,"mood:big-group,long-lunch,slow | season:all-year | audience:group,families,couples",,/images/sourced/category-restaurant-04.webp,Mornington Peninsula landscape — representative image for Cedar & Pine,Peninsula Insider,False,2026-04-09,2026-04-09,Garagiste | Mornington Farmers' Market,True
ciao-amici,staging,venue,restaurant,mornington,bayside,Ciao Amici,"92 Main St, Mornington VIC 3931",$$,https://peninsulainsider.com.au/explore/restaurants/ciao-amici/,https://ciaoamici.com.au,https://ciaoamici.com.au,direct,+61 3 5976 6500,,,"Dependable neighbourhood Italian on Mornington's main street  -  wood-fired pizza, classic pasta, and the default weeknight answer in town",Ciao Amici is the neighbourhood Italian that every decent town needs and the Peninsula gets in Mornington.,"Ciao Amici is the neighbourhood Italian that every decent town needs and the Peninsula gets in Mornington. The dining room is unpretentious, the wood-fired oven runs through every service, and the menu holds exactly what it should: margherita and diavola, a short list of classic pastas, a veal scallopini, a tiramisu to finish. The kitchen is reliable rather than inventive, and that is exactly its…",Order from the wood-fired side of the menu and keep the wine simple.,family outing | families | couples,"mood:family,quick-bite | season:all-year | audience:families,couples,group",,/images/sourced/category-restaurant-01.webp,Mornington Peninsula landscape — representative image for Ciao Amici,Peninsula Insider,False,2026-04-09,2026-04-09,Garagiste | Mornington Farmers' Market,True
circe-wines,staging,venue,winery,mornington,hinterland,Circe Wines,"81 Harrisons Rd, Mornington VIC 3931",$$$,https://peninsulainsider.com.au/explore/winerys/circe-wines/,https://www.circewines.com.au,https://www.circewines.com.au,direct,,,,"Dan Buckle's small-batch Pinot Noir project  -  individual block bottlings from Peninsula vineyards, on the wine list at the country's best restaurants",Circe is one of those Peninsula producers you encounter on a restaurant list in Sydney or Melbourne long before you encounter it at a cellar door.,"Circe is one of those Peninsula producers you encounter on a restaurant list in Sydney or Melbourne long before you encounter it at a cellar door. Dan Buckle's project is built around small-batch Pinot Noir, with fruit sourced from several carefully chosen Peninsula vineyards and each block treated as its own bottling rather than blended down into one estate label. The wines are benchmark elegant…",Ask your sommelier.,wet-weather plan | cellar door | couples,"mood:cellar-door,slow | season:all-year | audience:couples,solo",Halliday 5-Red-Star Winery | Sommelier Favourite,/images/sourced/place-mornington-01.webp,Mornington Peninsula landscape — representative image for Circe Wines,Peninsula Insider,False,2026-04-09,2026-04-09,Peninsula Fresh Organics | Cedar & Pine,True
commonfolk-coffee,staging,venue,cafe,mornington,bayside,Commonfolk Coffee,"16 Progress St, Mornington VIC 3931",$$,https://peninsulainsider.com.au/explore/cafes/commonfolk-coffee/,https://commonfolkcoffee.com.au,https://commonfolkcoffee.com.au,direct,+61 3 5973 6494,,,"The Peninsula's most serious roaster, hidden in a Mornington warehouse with a cafe out the front",Commonfolk is the Peninsula's best case for treating coffee as infrastructure rather than a product.,"Commonfolk is the Peninsula's best case for treating coffee as infrastructure rather than a product. The roastery occupies a converted warehouse in Mornington's industrial backstreets; the cafe out the front is where locals start their day, freelancers park for the morning, and visitors suddenly understand why people keep describing Mornington as a real town rather than a tourist stop. The coffee…",Come before ten.,brunch | locals | families,"mood:slow,solo,quick-bite | season:all-year | audience:locals,solo,families,first-timers",,/images/sourced/article-sunset-01.webp,Mornington Peninsula landscape — representative image for Commonfolk Coffee,Peninsula Insider,False,2026-04-09,2026-04-09,Garagiste | Sourdough Kitchen,True
crittenden-estate,live,venue,winery,dromana,bayside,Crittenden Estate,"25 Harrisons Rd, Dromana VIC 3936",$$,https://peninsulainsider.com.au/explore/winerys/crittenden-estate/,https://www.crittendenwines.com.au,https://www.crittendenwines.com.au/cellar-door,direct,+61 3 5981 8322,,,"The Peninsula's pioneering estate, now pouring Pinot, Chardonnay and the Spanish-leaning Los Hermanos range from a new lakeside wine centre","Crittenden is one of the founding estates of the Peninsula wine region — Garry Crittenden planted the first vines in 1982 and the property has stayed in the family for four decades, now under second-generation winemaker Rollo.","Crittenden is one of the founding estates of the Peninsula wine region - Garry Crittenden planted the first vines in 1982 and the property has stayed in the family for four decades, now under second-generation winemaker Rollo. That history matters, but it is not why you drive here. You drive here because the Crittenden line-up is one of the few on the Peninsula that genuinely surprises people:…",Ask the team to walk you through the skin-contact and amphora-aged experiments — it is where the second generation is clearly stretching out.,families | cellar door | couples,"mood:cellar-door,waterfront,slow | season:all-year | audience:couples,group,first-timers",James Halliday Top 100 Wineries | Pioneering Peninsula Estate (planted 1982),/images/sourced/place-dromana-01.webp,Mornington Peninsula landscape — representative image for Crittenden Estate,Peninsula Insider,False,2026-04-09,2026-04-09,Stillwater at Crittenden | Small Stone Pantry,False
crittenden-villas,live,venue,villa,dromana,bayside,Crittenden Estate Villas,"25 Harrisons Rd, Dromana VIC 3936",$$$,https://peninsulainsider.com.au/explore/villas/crittenden-villas/,https://www.lakesidevillas.com.au,https://www.lakesidevillas.com.au/book,direct,+61 3 5981 9555,,,"Self-contained vineyard villas on the Crittenden lake  -  wake up, walk to the cellar door, and eat at the on-estate Crittenden Restaurant",Crittenden's lakeside villas are the most unfussed winery stay on the Peninsula and arguably the most complete one-location weekend.,"Crittenden's lakeside villas are the most unfussed winery stay on the Peninsula and arguably the most complete one-location weekend. Each villa is self-contained - kitchen, fireplace, private terrace on the lake - and the layout of the estate means the cellar door and the tasting rooms are all a two-minute walk from your front door. Note: Stillwater at Crittenden is permanently closed. The…",Book for a Sunday-to-Tuesday stay to avoid the weekend wedding schedule.,anniversary weekends | cellar door | couples,"mood:anniversary,waterfront,slow,cellar-door,romance | season:autumn,winter,spring | audience:couples",,/images/sourced/place-dromana-01.webp,Mornington Peninsula landscape — representative image for Crittenden Estate Villas,Peninsula Insider,False,2026-04-09,2026-04-09,Crittenden Estate | Crittenden Restaurant,False
dexter-wines,staging,venue,winery,main-ridge,red-hill-plateau,Dexter Wines,"210 Foxeys Hangout Rd, Red Hill South VIC 3937",$$$,https://peninsulainsider.com.au/explore/winerys/dexter-wines/,https://www.dexterwines.com.au,https://www.dexterwines.com.au/cellar-door,direct,+61 3 1419 2535,,,"Tod Dexter's quiet, considered estate  -  appointment-only tastings for a small, serious pinot and chardonnay program",Dexter is the kind of Peninsula cellar door you find by being told about it.,"Dexter is the kind of Peninsula cellar door you find by being told about it. There's no signage to speak of, no restaurant attached, and the tastings are strictly by appointment. What you get in return is one of the most rewarding hours in Main Ridge: Tod Dexter himself or his team walking you through a focused range of pinot noir and chardonnay that has been built over three decades. The wines…",Book a tasting and stay long enough for a proper glass afterwards.,cellar door | couples | locals,"mood:cellar-door,slow | season:all-year | audience:couples,solo,locals",Halliday 5 Red Stars,/images/sourced/place-main-ridge-01.webp,Dexter Wines vineyard rows on Main Ridge in the upper Peninsula wine country,Wikimedia Commons,False,2026-04-09,2026-04-09,Allis Wine Bar | Main Ridge Dairy,True
doot-doot-doot,staging,venue,restaurant,red-hill,red-hill-plateau,Doot Doot Doot,"166 Balnarring Rd, Merricks North VIC 3926",$$$$,https://peninsulainsider.com.au/explore/restaurants/doot-doot-doot/,https://jackalopehotels.com/doot-doot-doot,https://jackalopehotels.com/doot-doot-doot-reservations,direct,+61 3 5931 2500,,,"Two hats, a chandelier of 10,000 glass orbs, and the Peninsula's most theatrical dining room","Doot Doot Doot is the restaurant at Jackalope, and describing it as such undersells what the room does once the lights drop.","Doot Doot Doot is the restaurant at Jackalope, and describing it as such undersells what the room does once the lights drop. Ten thousand hand-blown glass orbs hang from the ceiling on steel cables, the walls are matte black, and the kitchen is working through a tasting menu that sits somewhere between modern Australian and the New Nordic tradition - precise, seasonal, unafraid of silence between…",Book the degustation over the a la carte.,wet-weather plan | anniversary weekends | couples,"mood:anniversary,first-date,fireplace | season:all-year | audience:couples,group",Good Food Guide Chef Hat × 2 | Best New Restaurant Victoria (Gourmet Traveller),/images/sourced/place-cape-schanck-01.webp,Mornington Peninsula landscape — representative image for Doot Doot Doot,Peninsula Insider,False,2026-04-09,2026-04-09,Jackalope Hotel | Red Hill Estate,True
driftaway-on-dundas,live,venue,cottage,rye,bayside,Driftaway on Dundas,Rye VIC 3941,$$,https://peninsulainsider.com.au/explore/cottages/driftaway-on-dundas/,https://www.driftawayondundas.com,https://www.driftawayondundas.com,direct,,,,"Three self-contained villas on 2.5 acres of tea-tree near Rye beach — breakfast hampers, oversized spa baths, one disability-accessible villa","Tea-tree setting near Rye beach, spa baths included, one accessible villa — the bay-side B&B option with the most complete amenity set.","Three self-contained villas on 2.5 acres of tea-tree near Rye beach. Breakfast hampers and oversized spa baths in each villa; one disability-accessible villa. Quieter than the hinterland B&B set, and positioned for guests whose preference is bay proximity over wine-country walking distance. Confirm current rates, minimum stay, and dog policy directly — the pack notes these as unverified as of May…","Confirm all three: rates, minimum stay, and dog policy before booking.",beach | romance | slow,"mood:beach,romance,slow | season:all-year | audience:couples",,/images/sourced/place-rye-01.webp,Mornington Peninsula — representative image for Driftaway on Dundas pending venue media,Peninsula Insider,False,2026-05-07,2026-05-08,Peninsula Hot Springs | Rye Ocean Beach,False
dromana-estate,staging,venue,winery,tuerong,hinterland,Dromana Estate,"555 Old Moorooduc Rd, Tuerong VIC 3933",$$,https://peninsulainsider.com.au/explore/winerys/dromana-estate/,https://www.dromanaestate.com.au,https://www.dromanaestate.com.au,direct,+61 3 5974 4400,,,One of the Peninsula's longer-standing names  -  cool-climate classics alongside a small run of Italian-leaning bottlings,Dromana Estate is one of the Peninsula's founding names and has quietly reinvented itself more than once across its history.,"Dromana Estate is one of the Peninsula's founding names and has quietly reinvented itself more than once across its history. The current cellar door pours a line-up that leans on the regional classics - Chardonnay, Pinot Noir - alongside a small run of Italian-leaning wines the team has been building out over the past few years. The estate sits on the quieter, eastern side of the Peninsula wine…","Treat Dromana Estate as your decompression stop after a busy morning up on the ridge, or as your first stop on a quieter midweek cellar-door day.",cellar door | couples | group lunches,"mood:cellar-door,slow | season:all-year | audience:couples,group",Founding Peninsula Estate,/images/sourced/explore-arthurs-seat-lookout-01.webp,Mornington Peninsula landscape — representative image for Dromana Estate,Peninsula Insider,False,2026-04-09,2026-04-09,Yabby Lake Vineyard | Barmah Park Farm Kitchen,True
dromana-hotel,staging,venue,pub,dromana,bayside,Dromana Hotel,"121 Point Nepean Rd, Dromana VIC 3936",$$,https://peninsulainsider.com.au/explore/pubs/dromana-hotel/,https://dromanahotel.com.au,https://dromanahotel.com.au/book,direct,+61 3 5987 2029,,,Sprawling beachfront pub with an enormous deck and unbeatable bay views  -  the straightforward bayside pub day done properly,"Dromana Hotel is a pub in the proper Australian coastal sense — huge, slightly informal, with a deck that runs the width of the foreshore and an enormous bay view that does most of the work before you even open the menu.","Dromana Hotel is a pub in the proper Australian coastal sense - huge, slightly informal, with a deck that runs the width of the foreshore and an enormous bay view that does most of the work before you even open the menu. The kitchen does the straightforward things well - parma, schnitzel, steak, fish and chips, a passable pizza - and the bar rotates through reliable Peninsula taps. You do not…",Get a deck table.,long lunch | family outing | families,"mood:waterfront,family,big-group | season:spring,summer,autumn | audience:families,group,locals",,/images/sourced/venue-dromana-pier-01.webp,"Dromana Pier from McCrae, Port Phillip Bay — Dromana Hotel",Michael J Wyllie / Wikimedia Commons (CC BY-SA 4.0),False,2026-04-09,2026-04-09,Two Bays Brewing Co | Small Stone Pantry,True
elan-vineyard,staging,venue,winery,balnarring,red-hill-plateau,Elan Vineyard & Gallery,"17 Turners Rd, Bittern VIC 3918",$$,https://peninsulainsider.com.au/explore/winerys/elan-vineyard/,https://elanvineyard.com.au,https://elanvineyard.com.au,direct,+61 3 5983 1858,,,"Selma and Jonathan Lowther's 1981 planting  -  one of the oldest on the Peninsula, with a cellar door that doubles as a small art gallery",Elan is one of the true hidden gems of the Peninsula wine region.,"Elan is one of the true hidden gems of the Peninsula wine region. Selma and Jonathan Lowther planted the vineyard in 1981 - among the oldest plantings on the Peninsula - and have run it as a two-person estate for more than forty years. The cellar door doubles as a small contemporary art gallery, the welcome is genuinely warm, and the wines are the kind of quiet, well-made cool-climate bottlings…",Book a tasting and stay long enough for a proper glass afterwards.,cellar door | couples | wine people,"mood:cellar-door,slow,solo | season:all-year | audience:couples,solo",Planted 1981  -  Under-the-Radar Peninsula Estate,/images/sourced/place-balnarring-01.webp,Mornington Peninsula landscape — representative image for Elan Vineyard & Gallery,Peninsula Insider,False,2026-04-09,2026-04-09,Balnarring Bakehouse | Balnarring Market,True
eldridge-estate,live,venue,winery,red-hill,red-hill-plateau,Eldridge Estate,"120 Arthurs Seat Rd, Red Hill VIC 3937",$$,https://peninsulainsider.com.au/explore/winerys/eldridge-estate/,https://www.eldridge-estate.com.au,https://www.eldridge-estate.com.au/cellar-door/,direct,+61 3 5989 2644,,,"David Lloyd's tiny cult estate — single-clone Pinot Noirs from individual rows, plus Gamay, for the Burgundy obsessives",Eldridge is where Peninsula Pinot nerds go to geek out.,"Eldridge is where Peninsula Pinot nerds go to geek out. David Lloyd runs the estate almost single-handedly, makes the wine himself, and produces single-clone bottlings - MV6, PTG, 115, 777 - in quantities so small that most of them are sold out by word of mouth before they reach a shelf. The cellar door is deliberately low-key: a shed, a small counter, Dave behind it, the wines lined up for you…",Taste the MV6 Pinot Noir before you buy anything else.,cellar door | couples | wine people,"mood:cellar-door,slow,solo | season:all-year | audience:couples,solo",James Halliday 5-Red-Star Winery | Cult Pinot Producer,/images/sourced/article-cellar-door-01.webp,Mornington Peninsula landscape — representative image for Eldridge Estate,Peninsula Insider,False,2026-04-09,2026-04-09,Port Phillip Estate Restaurant | Foxeys Hangout,False
elgee-park,staging,venue,winery,merricks,red-hill-plateau,Elgee Park,"89 Junction Rd, Merricks North VIC 3926",$$,https://peninsulainsider.com.au/explore/winerys/elgee-park/,https://elgeeparkwines.com.au,https://elgeeparkwines.com.au,direct,+61 3 5989 7338,,,The Baillieu family's 1972 vineyard  -  the planting that started the modern Peninsula wine region,Elgee Park is where the modern Mornington Peninsula wine industry actually began.,"Elgee Park is where the modern Mornington Peninsula wine industry actually began. Baillie Baillieu planted vines here in 1972, three years before Main Ridge Estate, at a time when Victoria's cool-climate wine region had yet to exist as a concept. The estate is still in family hands, the plantings still trace the original blocks, and the wines - Chardonnay, Pinot Noir, and a quietly exceptional…",Book a tasting and stay long enough for a proper glass afterwards.,wet-weather plan | families | cellar door,"mood:cellar-door,slow | season:all-year | audience:couples,solo",Planted 1972  -  Original Modern Peninsula Vineyard,/images/sourced/article-beach-swimming-01.webp,Mornington Peninsula landscape — representative image for Elgee Park,Peninsula Insider,False,2026-04-09,2026-04-09,Baillieu Vineyard | Merricks General Wine Store,True
endota-spa-mornington,staging,venue,spa,mornington,bayside,Endota Spa Mornington,"Main Street, Mornington VIC 3931",$$,https://peninsulainsider.com.au/explore/spas/endota-spa-mornington/,https://endota.com.au/pages/mornington,https://endota.com.au/pages/mornington,direct,+61 3 5973 6000,,,"The Mornington village-side day spa — reliable therapists, sensible pricing, and the short-treatment option that fits before lunch on Main Street","Endota Mornington is the chain's bayside outpost, and for visitors working a Mornington town-centre weekend it is the most practical day-spa option on that end of the Peninsula.","Endota Mornington is the chain's bayside outpost, and for visitors working a Mornington town-centre weekend it is the most practical day-spa option on that end of the Peninsula. The treatment menu is identical to Sorrento's — endota branded skincare, targeted massage, facials, and couples rooms — and the real value is location: a short walk from Main Street restaurants, the farmers market, and…","Bookings two to three weeks out for weekends, shorter notice on weekdays.",long lunch | wellness day | anniversary weekends,"mood:wellness,slow,anniversary | season:all-year | audience:couples,solo,group,first-timers,locals",,/images/sourced/place-mornington-01.webp,"Wellness stones and spa treatment imagery evocative of Endota Spa Mornington, bayside Mornington Peninsula",Peninsula Insider,False,2026-04-14,2026-04-14,Mr Vincenzo's | Garagiste,True
epicurean-red-hill,staging,venue,restaurant,red-hill,red-hill-plateau,The Epicurean,"165 Purves Rd, Red Hill South VIC 3937",$$$,https://peninsulainsider.com.au/explore/restaurants/epicurean-red-hill/,https://epicurean.com.au,https://epicurean.com.au/reservations,direct,+61 3 5989 2000,,,A Red Hill institution that has turned long lunch into a civic duty,"The Epicurean has been doing Red Hill Sunday lunch for longer than most of the ridge's trophy restaurants have existed, and it is finally getting the recognition the food deserves.","The Epicurean has been doing Red Hill Sunday lunch for longer than most of the ridge's trophy restaurants have existed, and it is finally getting the recognition the food deserves. The dining room is unshowy in the best sense - timber, stone, long windows onto vineyard rows - and the cooking is confident Mediterranean with a clear affection for the Peninsula's producers. The pasta course is where…",Order the pasta that sounds most seasonal and do not overthink it.,long lunch | the view | cellar door,"mood:long-lunch,fireplace,view,cellar-door | season:all-year | audience:couples,families,group,first-timers",Good Food Guide 2024,/images/sourced/eat-epicurean-red-hill-01.webp,"The Epicurean Red Hill restaurant exterior with autumn ivy on the corrugated-iron facade, Mornington Peninsula",jem,False,2026-04-09,2026-04-09,Port Phillip Estate | Red Hill Brewery,True
flinders-general-store,staging,venue,cafe,flinders,ocean-coast,Flinders General Store,"45 Cook St, Flinders VIC 3929",$$,https://peninsulainsider.com.au/explore/cafes/flinders-general-store/,https://flindersgeneralstore.com.au,https://flindersgeneralstore.com.au,direct,+61 3 5989 0111,,,"The village general store on Flinders' main street  -  slow-drip coffee, fresh bread, pick-your-own picnics for the Blowhole walk",Flinders General Store is the reason Flinders Village still feels like a village.,"Flinders General Store is the reason Flinders Village still feels like a village. The building is a proper country general store - timber floors, high shelves, a bell on the door - and it holds the things you actually need for a weekend down here: slow-drip coffee, a daily loaf from the on-site bakery, proper breakfast sandwiches to eat in or take to the Blowhole walk, and a small grocery shelf…",Order the coffee first and add food only if you feel like lingering.,couples | families | locals,"mood:slow,walk | season:all-year | audience:couples,families,solo,locals",,/images/sourced/category-cafe-02.webp,"Village cafe interior, editorial placeholder for Flinders General Store pending venue media",Peninsula Insider,False,2026-04-09,2026-04-09,Flinders Sourdough | Mornington Peninsula Chocolates,True
flinders-hotel,staging,venue,hotel,flinders,ocean-coast,Flinders Hotel,"Corner of Cook & Wood St, Flinders VIC 3929",$$$,https://peninsulainsider.com.au/explore/hotels/flinders-hotel/,https://flindershotel.com.au,https://flindershotel.com.au/accommodation,direct,+61 3 5989 0201,,,A polished village-base stay with proper pub energy downstairs and Bass Strait within easy reach,Flinders Hotel works because it understands exactly what it is: a comfortable village anchor rather than a fantasy retreat.,"Flinders Hotel works because it understands exactly what it is: a comfortable village anchor rather than a fantasy retreat. The rooms are contemporary, clean, and well-sized, and the location puts you within walking distance of Flinders' bakery, village shops, and the short drive down to the pier and coast. The attached pub gives the whole property a welcome looseness. Stay here if you want to…",Book the best room category you can justify and stay the second night.,weekend stays | couples | first Peninsula visit,"mood:weekend-escape,slow,walk | season:all-year | audience:couples,first-timers,families",,/images/sourced/venue-flinders-hotel-01.webp,Flinders Hotel — the iconic country pub in the Mornington Peninsula hinterland,Mattinbgn / Wikimedia Commons (CC BY-SA 3.0),False,2026-04-01,2026-04-01,Flinders Sourdough | Flinders General Store,True
flinders-pier-takeaway,staging,venue,cafe,flinders,ocean-coast,Flinders Pier Takeaway,"Flinders Pier Rd, Flinders VIC 3929",$,https://peninsulainsider.com.au/explore/cafes/flinders-pier-takeaway/,,,,,,,"A parcel of flake and chips from the village, eaten on the historic wooden pier with weedy sea dragons drifting under the boards",Flinders Pier Takeaway is less a venue and more a ritual.,"Flinders Pier Takeaway is less a venue and more a ritual. The flake-and-chips parcel from the village takeaway, walked down to the historic wooden pier, eaten sitting on the boards while the weedy sea dragons drift underneath in the clear water - this is one of the Peninsula's best small food moments and it costs less than twenty dollars. The pier is a working heritage structure and the dragons…",Get there early enough to beat the queue and take the best table.,families | couples | locals,"mood:waterfront,quick-bite,walk | season:all-year | audience:families,couples,locals",,/images/sourced/venue-dromana-pier-01.webp,"Wooden Peninsula pier extending over the bay, editorial placeholder for Flinders Pier Takeaway pending venue media",Peninsula Insider,False,2026-04-09,2026-04-09,Flinders Sourdough | Mornington Peninsula Chocolates,True
flinders-sourdough,staging,venue,bakery,flinders,ocean-coast,Flinders Sourdough,"48 Cook St, Flinders VIC 3929",$,https://peninsulainsider.com.au/explore/bakerys/flinders-sourdough/,https://flinderssourdough.com.au,https://flinderssourdough.com.au,none,+61 3 5989 0088,,,A village bakery so good it accidentally became a reason to drive to Flinders,"Flinders Sourdough is what a village bakery should be and increasingly isn't: long queues on weekends, sold out by two, loaves that hold their crust for three days, and a pastry counter that changes with the seasons.","Flinders Sourdough is what a village bakery should be and increasingly isn't: long queues on weekends, sold out by two, loaves that hold their crust for three days, and a pastry counter that changes with the seasons. The miche and the seeded rye are the benchmark loaves. The morning buns are the addiction. The almond croissants are the thing you buy a second of because you already ate the first…",Get there before mid-morning for a loaf and whatever pastry looks best that day.,locals | families | first Peninsula visit,"mood:quick-bite,slow | season:all-year | audience:locals,families,solo,first-timers",,/images/sourced/explore-two-bays-walk-01.webp,Mornington Peninsula landscape — representative image for Flinders Sourdough,Peninsula Insider,False,2026-04-09,2026-04-09,Flinders General Store | Mornington Peninsula Chocolates,True
foxeys-hangout,live,venue,winery,red-hill,red-hill-plateau,Foxeys Hangout,"795 White Hill Rd, Red Hill VIC 3937",$$,https://peninsulainsider.com.au/explore/winerys/foxeys-hangout/,https://www.foxeys-hangout.com.au,https://foxeys-hangout.com.au/visit,direct,+61 3 5989 2022,,,"Biodynamic Red Hill estate with an all-day deck, sunny long lunches, and a sparkling program that holds its own against French fizz","Foxeys is one of the Peninsula's most consistently pleasant cellar doors — sunny, unpretentious, and serious about the wine without making you work for it.","Foxeys is one of the Peninsula's most consistently pleasant cellar doors - sunny, unpretentious, and serious about the wine without making you work for it. The estate is biodynamic-certified, the architect-designed winery sits on a handsome Red Hill slope, and winemaker Chris Strickland was a 2023 Young Gun of Wine finalist, which tells you everything you need to know about the direction the…",Order the sparkling flight.,cellar door | long lunch | garden afternoons,"mood:cellar-door,long-lunch,garden | season:spring,summer,autumn | audience:couples,group,families",Young Gun of Wine Finalist 2023 | Peninsula's First Fully Certified Organic/Biodynamic Winery,/images/sourced/article-red-hill-saturday-01.webp,Mornington Peninsula landscape — representative image for Foxeys Hangout,Peninsula Insider,False,2026-04-09,2026-04-09,Eldridge Estate | Red Hill Bakery,False
garagiste,staging,venue,winery,mornington,bayside,Garagiste,"20 Longview Crescent, Mount Eliza VIC 3930",$$$,https://peninsulainsider.com.au/explore/winerys/garagiste/,https://garagiste.com.au,https://garagiste.com.au,direct,,,,"Barnaby Flanders' micro-production Chardonnay and Pinot project  -  rigour, restraint, and regular appearances in the Halliday Top 100",Garagiste is Barnaby Flanders' solo project and a study in small-batch restraint.,"Garagiste is Barnaby Flanders' solo project and a study in small-batch restraint. Barnaby - who also co-founded Allies Wines - makes tiny quantities of Chardonnay and Pinot Noir under the Garagiste label, sourcing fruit from carefully chosen Peninsula blocks, and the bottles that result routinely punch into the Halliday Top 100 without any marketing theatre behind them. The project is…",Book a tasting and stay long enough for a proper glass afterwards.,wet-weather plan | cellar door | couples,"mood:cellar-door,slow,solo | season:all-year | audience:couples,solo",Halliday Top 100 | 5-Red-Star Winery,/images/sourced/article-long-lunch-01.webp,Mornington Peninsula landscape — representative image for Garagiste,Peninsula Insider,False,2026-04-09,2026-04-09,Thai Orchid | Rocker,True
georgie-bass,live,venue,cafe,flinders,ocean-coast,Georgie Bass Cafe & Cookery,"30 Cook St, Flinders VIC 3929",$$,https://peninsulainsider.com.au/explore/cafes/georgie-bass/,https://www.georgiebass.com.au,https://www.georgiebass.com.au,direct,+61 3 5989 0031,,monFri: 7:00am–2:30pm  satSun: 7:00am–3:00pm,All-day cafe on Cook Street built around produce from their own farm — the natural anchor for a Flinders morning or a post-walk lunch,Georgie Bass is the best all-day cafe in Flinders — built around produce from their own farm and open late enough for a proper post-walk lunch.,"Georgie Bass is the best all-day cafe in Flinders and one of the better ones on the Peninsula. The room is relaxed and the outdoor courtyard works in any weather — it is the kind of place you linger at without planning to. The menu runs on regional produce from Mornington Park, the owners' own farm: proper egg dishes, seasonal vegetable preparations that respect what they are, sourdough that…",Arrive after the cliff walk and order whatever egg dish and seasonal vegetable plate the kitchen is running.,breakfast | post-walk lunch | couples | dog-friendly,"mood:slow,walk,weekend-escape | season:all-year | audience:couples,families,solo,locals",,/images/sourced/category-cafe-02.webp,"Georgie Bass Cafe & Cookery, Cook Street, Flinders — editorial placeholder pending venue media",Peninsula Insider,False,2026-05-11,2026-05-11,Flinders Sourdough | Flinders General Store,False
green-olive-red-hill,staging,venue,restaurant,red-hill,red-hill-plateau,Green Olive at Red Hill,"1180 Mornington-Flinders Rd, Red Hill VIC 3937",$$$,https://peninsulainsider.com.au/explore/restaurants/green-olive-red-hill/,https://greenolive.com.au,https://greenolive.com.au/dine,direct,+61 3 5989 2992,,,"A working olive grove with a produce-driven kitchen  -  grazing boards, wood-fired mains, and a seasonal long lunch under the trees","Green Olive is a working olive grove and smallholding on the ridge, and the on-site kitchen has become one of the more underrated long-lunch destinations in Red Hill.","Green Olive is a working olive grove and smallholding on the ridge, and the on-site kitchen has become one of the more underrated long-lunch destinations in Red Hill. The menu is produce-driven in a genuine way - the olives and oils come from the grove itself, the vegetables are worked out of the kitchen garden, and the wood oven runs through most of the mains. Grazing boards for the middle of…",Go for a long lunch on a sunny Sunday.,long lunch | garden afternoons | cellar door,"mood:long-lunch,garden,slow,cellar-door | season:spring,summer,autumn | audience:couples,group,families",,/images/sourced/category-restaurant-03.webp,Mornington Peninsula landscape — representative image for Green Olive at Red Hill,Peninsula Insider,False,2026-04-09,2026-04-09,Red Hill Truffles | Prancing Horse Estate,True
happy-glamper,live,venue,glamping,merricks,ocean-coast,Happy Glamper,"Peninsula-wide, based Point Leo VIC 3916",$$,https://peninsulainsider.com.au/explore/glampings/happy-glamper/,https://www.happyglamper.com.au/,https://www.happyglamper.com.au/,direct,,,,"Mobile bell-tent glamping service that pitches styled tents at nominated Peninsula foreshore campsites — children welcome, setup handled for you",Mobile glamping pitched at your chosen Peninsula foreshore site — the most flexible glamping format on the Peninsula for families and groups.,"Happy Glamper is a mobile bell-tent service rather than a fixed site: they pitch styled tents at nominated Peninsula foreshore campsites, handle setup and styling, and pack down after your stay. Multiple tent sizes; children welcome; some configurations sleep up to eight guests. Balnarring Deluxe is the most documented fixed-location product, with campsite fees included. The Spa Dreaming Centre…",Ask for the Balnarring Deluxe configuration — site fee included and the most consistent setup.,beach | big-group | family,"mood:beach,slow | season:spring,summer,autumn | audience:families,group",,/images/sourced/place-merricks-01.webp,Mornington Peninsula — representative image for Happy Glamper pending venue media,Peninsula Insider,False,2026-05-07,2026-05-08,Peninsula Hot Springs | Balnarring Beach,False
hastings-fishermens-coop,staging,venue,producer,hastings,bayside,Hastings Fishermen's Co-op,"3 Marine Parade, Hastings VIC 3915",$,https://peninsulainsider.com.au/explore/producers/hastings-fishermens-coop/,,,none,+61 3 5979 1417,,,"A working fishermen's co-op on the Western Port side  -  whatever came off the boats that morning, sold straight from the cabinet","Hastings Fishermen's Co-op is the bayside the Peninsula's tourist map forgets, and that is half the appeal.","Hastings Fishermen's Co-op is the bayside the Peninsula's tourist map forgets, and that is half the appeal. The co-op sits on the working side of Hastings pier, the cabinet is stocked with whatever the boats came in with that morning - whiting, flathead, calamari, Western Port mussels - and the prices are honest because the fish has travelled almost no distance from the water. This is the supply…",Order a pot of mussels and eat them there instead of treating this like a retail stop.,families | locals | couples,"mood:quick-bite | season:all-year | audience:families,locals,couples",,/images/sourced/article-seafood-01.webp,Mornington Peninsula landscape — representative image for Hastings Fishermen's Co-op,Peninsula Insider,False,2026-04-09,2026-04-09,Advance Mussel Supply | Commonfolk Coffee,True
hideaways-red-hill,live,venue,cottage,red-hill,red-hill-plateau,Hideaways at Red Hill,Red Hill VIC 3937,$$,https://peninsulainsider.com.au/explore/cottages/hideaways-red-hill/,https://www.tripadvisor.com/Hotel_Review-g552249-d1437809-Reviews-Hideaways_at_Red_Hill-Red_Hill_Mornington_Peninsula_Victoria.html,,direct,+61 3 5989 2288,,,"Spa cottages for two with gas fires and in-room spa baths, walking distance from Red Hill village and the wine country cluster",Walking distance from Red Hill village — in-room spa baths and a wine-country position without the estate-villa price tag.,"Spa cottages for two with gas fires and in-room spa baths, within walking distance of Red Hill village and the surrounding cellar door cluster. The wine-country position is the primary argument: the Red Hill Community Market on Saturday mornings, cellar doors in every direction, the correct format for a couple whose trip is shaped around the hinterland rather than the beach. Older reviews note…",Call ahead to confirm current condition — older reviews flag inconsistency that may have been resolved.,cellar-door | romance | weekend-escape,"mood:cellar-door,romance,slow,fireplace | season:autumn,winter,spring | audience:couples",,/images/sourced/place-red-hill-01.webp,Mornington Peninsula — representative image for Hideaways at Red Hill pending venue media,Peninsula Insider,False,2026-05-07,2026-05-08,Red Hill Estate | Main Ridge Estate,False
hillview-cottages,staging,venue,cottage,main-ridge,red-hill-plateau,Hillview Farm Cottages,"45 Hillview Rd, Main Ridge VIC 3928",$$$,https://peninsulainsider.com.au/explore/cottages/hillview-cottages/,https://hillviewfarmcottages.com.au,https://hillviewfarmcottages.com.au/book,direct,,,,"Small, quiet cottages on a working Main Ridge farm  -  no hotel, no restaurant, just the plateau and a wood fire",Hillview is the counter-argument to design-hotel weekends.,"Hillview is the counter-argument to design-hotel weekends. Three self-catered cottages on a working farm in Main Ridge, each one with its own paddock view, a wood fire, and enough kitchen to cook dinner rather than book one. The landscape does the heavy lifting: cool mornings, ridge fog, and vineyards visible from the deck. The owners are hands-off in the best way. You check in, collect your eggs…",Book the 'Ridge' cottage if it is available — it has the best view across the pinot blocks.,weekend stays | garden afternoons | couples,"mood:slow,fireplace,weekend-escape,garden | season:all-year | audience:couples,families",,/images/sourced/place-red-hill-01.webp,"Afternoon light on the Peninsula hinterland — Hillview Cottages, Red Hill",Peninsula Insider,False,2026-04-09,2026-04-09,Dexter Wines | Allis Wine Bar,True
hotel-sorrento,staging,venue,hotel,sorrento,tip,Hotel Sorrento,"5-15 Hotham Rd, Sorrento VIC 3943",$$$,https://peninsulainsider.com.au/explore/hotels/hotel-sorrento/,https://hotelsorrento.com.au,https://hotelsorrento.com.au/stay,direct,+61 3 5984 8000,,,A grand old bay-facing pub-hotel whose best rooms still make Sorrento feel gloriously old-school,"Hotel Sorrento has been looking over the bay since the 1870s and, when done right, still delivers the classic Peninsula weekend better than almost anyone.","Hotel Sorrento has been looking over the bay since the 1870s and, when done right, still delivers the classic Peninsula weekend better than almost anyone. The front rooms are the ones to book - high ceilings, balconies, and views over the water that explain why Melbourne has been escaping down here for more than a century. Downstairs, the public bar remains one of the great people-watching rooms…",Book the best room category you can justify and stay the second night.,weekend stays | sunset drinks | couples,"mood:weekend-escape,waterfront,sunset | season:spring,summer,autumn,all-year | audience:couples,group,first-timers",,/images/sourced/venue-sorrento-hotel-01.webp,"Hotel Sorrento — historic heritage building, Sorrento, Mornington Peninsula",Biatch / Wikimedia Commons (Public Domain),False,2026-04-01,2026-04-01,The Baths Sorrento,True
hurley-vineyard,live,venue,winery,balnarring,red-hill-plateau,Hurley Vineyard,"101 Balnarring Rd, Balnarring VIC 3926",$$$,https://peninsulainsider.com.au/explore/winerys/hurley-vineyard/,https://www.hurleyvineyard.com.au,https://www.hurleyvineyard.com.au,direct,+61 3 5931 3000,,,"Kevin Bell's boutique single-vineyard Pinot project — three tiny blocks (Lodestone, Garamond, Hommage) and some of the Peninsula's most sought-after bottles",Hurley is a serious wine person's cellar door.,"Hurley is a serious wine person's cellar door. Kevin Bell's project is built around three tiny, meticulously farmed blocks - Lodestone, Garamond, and Hommage - and the Pinot Noirs that come out of them are allocation-only, routinely top the Peninsula line-ups in blind tastings, and age on the back of a vintage as well as anything in the region. Tastings are by appointment and the experience is…",Taste the Garamond Pinot Noir before you buy anything else.,cellar door | couples | wine people,"mood:cellar-door,slow,solo | season:all-year | audience:couples,solo",James Halliday 5-Red-Star Winery | Allocation-Only Cult Pinot,/images/sourced/place-safety-beach-01.webp,Mornington Peninsula landscape — representative image for Hurley Vineyard,Peninsula Insider,False,2026-04-09,2026-04-09,Quealy Winemakers | Balnarring Bakehouse,False
iluka-retreat,live,venue,glamping,shoreham,ocean-coast,Iluka Retreat & Camp,Red Hill South VIC 3937,$$,https://peninsulainsider.com.au/explore/glampings/iluka-retreat/,https://www.ilukaretreat.com.au/,https://www.ilukaretreat.com.au/,direct,,,,Thirty structures on 36 acres near Shoreham — the Peninsula's only fixed-site multi-tent group glamping venue with a private freshwater lake,The Peninsula's only fixed-site glamping venue with capacity for groups up to 100 — the answer for retreats and social weekends that need outdoor infrastructure.,"Iluka is the Peninsula's group glamping venue. A bell-tent village plus two group lodges on 36 acres near Shoreham, with a private freshwater lake, bird hides, a challenge course, and canoe and SUP hire. Capacity to 100 guests across 30 structures. Shared camp bathrooms and a shared kitchen. This is not a couples-escape product. The rate-per-head calculation changes depending on how many…",Confirm whether you need the full site or just the bell-tent section — capacity and pricing are both much more flexible than the website implies.,big-group | wellness | slow,"mood:wellness,slow | season:spring,summer,autumn | audience:group,couples",,/images/sourced/explore-greens-bush-01.webp,Mornington Peninsula — representative image for Iluka Retreat pending venue media,Peninsula Insider,False,2026-05-07,2026-05-08,Peninsula Hot Springs | Flinders Hotel,False
jackalope,staging,venue,hotel,red-hill,red-hill-plateau,Jackalope Hotel,"166 Balnarring Rd, Merricks North VIC 3926",$$$$,https://peninsulainsider.com.au/explore/hotels/jackalope/,https://jackalopehotels.com/mornington-peninsula,https://jackalopehotels.com/mornington-peninsula/rooms,direct,+61 3 5931 2500,,,"A dramatic art-led design hotel set inside a working vineyard, with Doot Doot Doot's eight-metre chandelier overhead","Jackalope is the most cinematically ambitious thing the Peninsula has built in decades: a black-steel monolith rising out of the Merricks North vineyard, interiors by Carr Design, a giant jackalope sculpture on the lawn, and Doot Doot Doot's extraordinary dining room under a chandelier of 10,000 glass orbs.","Jackalope is the most cinematically ambitious thing the Peninsula has built in decades: a black-steel monolith rising out of the Merricks North vineyard, interiors by Carr Design, a giant jackalope sculpture on the lawn, and Doot Doot Doot's extraordinary dining room under a chandelier of 10,000 glass orbs. It set out to announce that the Peninsula could compete internationally on design, and it…",Book the best room category you can justify and stay the second night.,anniversary weekends | weekend stays | cellar door,"mood:anniversary,weekend-escape,cellar-door | season:all-year | audience:couples",Condé Nast Hot List | AHA Hotel of the Year Victoria,/images/sourced/venue-jackalope-hotel-01.webp,"Dark moody luxury boutique hotel interior evocative of The Jackalope Hotel, Merricks North, Mornington Peninsula",Unsplash,False,2026-04-01,2026-04-01,Doot Doot Doot | Red Hill Estate,True
jetty-road-brewery,staging,venue,brewery,dromana,bayside,Jetty Road Brewery,"12-14 Brasser Ave, Dromana VIC 3936",$$,https://peninsulainsider.com.au/explore/brewerys/jetty-road-brewery/,https://www.jettyroad.com.au,https://www.jettyroad.com.au,direct,+61 3 5981 8080,,,"A polished industrial taproom next door to the Dromana drive-in  -  core beers, a rolling list of seasonals, and the easiest bayside brewery stop","Jetty Road is the most polished of the bayside breweries — an industrial taproom fitted out with enough attention to feel deliberate, right next door to the Dromana drive-in, with enough space on the deck to absorb a weekend crowd.","Jetty Road is the most polished of the bayside breweries - an industrial taproom fitted out with enough attention to feel deliberate, right next door to the Dromana drive-in, with enough space on the deck to absorb a weekend crowd. The core range sits in the accessible craft sweet spot - pale ale, lager, a session XPA - and the rotating list pulls in seasonal experiments the head brewer is…",Use it as your bayside brewery default.,family outing | families | group lunches,"mood:big-group,family,waterfront | season:all-year | audience:families,group,locals",Bayside Craft Brewery,/images/sourced/explore-arthurs-seat-lookout-01.webp,Mornington Peninsula landscape — representative image for Jetty Road Brewery,Peninsula Insider,False,2026-04-09,2026-04-09,Dromana Hotel | Small Stone Pantry,True
johnny-ripe,staging,venue,bakery,main-ridge,red-hill-plateau,Johnny Ripe,"1180 Mornington-Flinders Rd, Main Ridge VIC 3928",$$,https://peninsulainsider.com.au/explore/bakerys/johnny-ripe/,https://johnnyripe.com.au,https://johnnyripe.com.au,none,+61 3 5989 6051,,,"The Peninsula's hinterland pie stop  -  proper beef pies, a sweets cabinet worth detouring for, and a garden café out the back","Johnny Ripe is the pie stop the Peninsula has needed for years, and the one visitors end up returning to on every subsequent trip.","Johnny Ripe is the pie stop the Peninsula has needed for years, and the one visitors end up returning to on every subsequent trip. The savoury case is serious - slow-cooked beef pie, a lamb-and-rosemary number, a sausage roll that respects the form - and the sweets cabinet is the other reason to come: lemon tart, meringues, a rotating set of seasonal fruit tarts that routinely sell out before…",Order a pie and a sweet pastry and eat at least one of them while it is still warm.,family outing | families | couples,"mood:slow,walk,family | season:all-year | audience:families,couples,locals",,/images/sourced/place-red-hill-01.webp,Mornington Peninsula landscape — representative image for Johnny Ripe,Peninsula Insider,False,2026-04-09,2026-04-09,Lightfoot Wines | Mornington Peninsula Cider,True
kanasta-retro-caravans,live,venue,glamping,rye,bayside,Mornington Peninsula Retro Caravans,"Kanasta Caravan Park, Rye VIC 3941",$$,https://peninsulainsider.com.au/explore/glampings/kanasta-retro-caravans/,https://kanastacaravanpark.com.au/retro-caravans/,https://kanastacaravanpark.com.au/retro-caravans/,direct,,,,"Restored 1950s–60s themed caravans 500 metres from Rye beach — dog-friendly in designated units, the clearest glamping-adjacent option on the bay side","Styled retro caravans, 500 metres from Rye beach, dogs welcome — the most accessible glamping-adjacent option on the bay side.","Thirteen themed retro caravans at Kanasta Caravan Park, restored and styled to a 1950s and 1960s aesthetic, 500 metres from Rye's bay beach. Named units — each styled distinctly — with select vans carrying an electric stove-top, fridge, microwave, and air-conditioning. Dogs welcome in designated units at $22 per night. This is not a thermal-wellness proposition. The appeal is character, beach…",Book a unit with air-conditioning for summer and confirm dog policy for your specific breed before booking.,dog-friendly | weekend-escape | beach,"mood:beach,slow,weekend-escape | season:spring,summer,autumn | audience:couples,families",,/images/sourced/place-rye-01.webp,Mornington Peninsula — representative image for Retro Caravans at Rye pending venue media,Peninsula Insider,False,2026-05-07,2026-05-08,Peninsula Hot Springs | Rye Ocean Beach,False
kerri-greens,staging,venue,winery,merricks,red-hill-plateau,Kerri Greens,"235 Stanleys Rd, Red Hill South VIC 3937",$$,https://peninsulainsider.com.au/explore/winerys/kerri-greens/,https://www.kerrigreens.com,https://www.kerrigreens.com,direct,,,,"Tom McCarthy and Lucas Blanck's new-school Peninsula label  -  lighter-style Pinot, approachable Chardonnay, a cellar door that feels like a bar",Kerri Greens is the Peninsula's new-school face.,"Kerri Greens is the Peninsula's new-school face. Tom McCarthy and Lucas Blanck launched the label a few years ago with a clear intent to make lighter, more immediate wines than the regional default - Pinot Noir that doesn't need to be cellared before it can be drunk, Chardonnay that leans into freshness rather than heft - and built a cellar door to match. The experience is closer to a good wine…",Book a tasting and stay long enough for a proper glass afterwards.,cellar door | garden afternoons | couples,"mood:cellar-door,slow,garden | season:spring,summer,autumn | audience:couples,group,solo",Young Gun of Wine Cellar Door of the Year Finalist,/images/sourced/article-peninsula-pantry-01.webp,Mornington Peninsula landscape — representative image for Kerri Greens,Peninsula Insider,False,2026-04-09,2026-04-09,Merricks General Wine Store | Stonier Wines,True
kooyong,live,venue,winery,main-ridge,red-hill-plateau,Kooyong,"263 Red Hill Rd, Red Hill South VIC 3937",$$$,https://peninsulainsider.com.au/explore/winerys/kooyong/,https://www.kooyong.com,https://www.kooyong.com/cellar-door,direct,+61 3 5989 4444,,,Single-vineyard pinot noir and chardonnay from one of the Peninsula's most decorated estates,"Kooyong is the Peninsula's most consistently serious producer of single-vineyard wine, and the cellar door reflects it.","Kooyong is the Peninsula's most consistently serious producer of single-vineyard wine, and the cellar door reflects it. The estate sits on the Main Ridge plateau with forty-odd hectares under vine, split into named single blocks - Haven, Meres, Ferrous, Faultline - that have given the Peninsula some of its most collectible bottles of the past fifteen years. The tasting room is smaller and more…",Book the single-vineyard tasting.,cellar door | couples | wine people,"mood:cellar-door,slow | season:all-year | audience:couples,solo",Halliday 5 Red Stars | James Halliday Top Winery Australia,/images/sourced/article-hatted-restaurants-01.webp,Mornington Peninsula landscape — representative image for Kooyong,Peninsula Insider,False,2026-04-09,2026-04-09,La Baracca at T'Gallant | Johnny Ripe,False
la-baracca-tgallant,staging,venue,restaurant,main-ridge,red-hill-plateau,La Baracca at T'Gallant,"1385 Mornington-Flinders Rd, Main Ridge VIC 3928",$$,https://peninsulainsider.com.au/explore/restaurants/la-baracca-tgallant/,https://www.tgallant.com.au/la-baracca,https://www.tgallant.com.au/dining,direct,+61 3 5989 6565,,,"The Peninsula's original winery pizza barn  -  wood-fired margheritas, handmade pasta, and the estate's Pinot Grigio by the carafe",La Baracca is T'Gallant's on-site trattoria and one of the oldest family-friendly winery lunch rooms on the Peninsula.,"La Baracca is T'Gallant's on-site trattoria and one of the oldest family-friendly winery lunch rooms on the Peninsula. The setting is rustic in the literal sense - it genuinely feels like a Tuscan barn repurposed as a dining room - and the menu is the Italian long-lunch classics: wood-fired margheritas and prosciutto pizzas, a short handmade pasta list, a couple of mains for people who want…",Order from the wood-fired side of the menu and keep the wine simple.,long lunch | family outing | garden afternoons,"mood:long-lunch,big-group,family,garden | season:spring,summer,autumn | audience:families,group,first-timers",,/images/sourced/category-restaurant-03.webp,Mornington Peninsula landscape — representative image for La Baracca at T'Gallant,Peninsula Insider,False,2026-04-09,2026-04-09,T'Gallant | Mornington Peninsula Cider,True
laura-pt-leo,staging,venue,restaurant,red-hill,red-hill-plateau,Laura at Pt. Leo,"3649 Frankston-Flinders Rd, Merricks VIC 3916",$$$$,https://peninsulainsider.com.au/explore/restaurants/laura-pt-leo/,https://www.ptleoestate.com.au/laura,https://www.ptleoestate.com.au/laura-reservations,direct,+61 3 5989 9011,,,A ten-course chef's counter degustation threaded through Phillip Daffara's produce garden,If the main Pt.,"If the main Pt. Leo restaurant is the grand dining room, Laura is the private chef's counter tucked behind it - intimate, considered, and the place where Phillip Daffara's cooking is allowed to stretch out. Ten courses, one seating of around twenty, and the kind of quiet technical precision that only a small room can deliver. The garden and the paddocks do most of the work. There's a disciplined…",Book eight weeks ahead.,wet-weather plan | anniversary weekends | long lunch,"mood:anniversary,long-lunch,view | season:spring,summer,autumn | audience:couples",Good Food Guide 2024 | Chef Hat × 2,/images/sourced/venue-pt-leo-sculpture-01.webp,"Laura at Pt. Leo Estate — sculpture park and vineyard dining, Merricks",Emma White / Wikimedia Commons (CC BY-SA 4.0),False,2026-04-01,2026-04-01,Tuck's Ridge | Jackalope Hotel,True
lightfoot-wines,staging,venue,winery,main-ridge,red-hill-plateau,Lightfoot Wines,"110 Myers Rd, Main Ridge VIC 3928",$$,https://peninsulainsider.com.au/explore/winerys/lightfoot-wines/,https://lightfootwines.com.au,https://lightfootwines.com.au,direct,,,,A small Main Ridge estate with a tight Pinot and Chardonnay range and one of the ridge's most peaceful tasting rooms,Lightfoot is the kind of Main Ridge cellar door that rewards a quiet afternoon visit rather than a Saturday long-weekend one.,"Lightfoot is the kind of Main Ridge cellar door that rewards a quiet afternoon visit rather than a Saturday long-weekend one. The estate is small, the tasting room is unhurried, and the range is deliberately focused: Chardonnay, Pinot Noir, sometimes a Rosé or a sparkling, all made from the surrounding blocks with an obvious restraint and the kind of house style that feels consistent from year to…",Book ahead.,wet-weather plan | cellar door | couples,"mood:cellar-door,slow,solo | season:all-year | audience:couples,solo",,/images/sourced/article-producer-trail-01.webp,Mornington Peninsula landscape — representative image for Lightfoot Wines,Peninsula Insider,False,2026-04-09,2026-04-09,Via Boffe | Johnny Ripe,True
lindenderry,staging,venue,hotel,red-hill,red-hill-plateau,Lindenderry at Red Hill,"142 Arthurs Seat Rd, Red Hill VIC 3937",$$$,https://peninsulainsider.com.au/explore/hotels/lindenderry/,https://lancemore.com.au/lindenderry,https://lancemore.com.au/lindenderry/accommodation,direct,+61 3 5989 2933,,,"40 acres of gardens, a small estate vineyard, and the kind of country-house feel the Peninsula doesn't offer anywhere else","Lindenderry is the quiet, unflashy option on the plateau — and for many travellers it is the best one.","Lindenderry is the quiet, unflashy option on the plateau - and for many travellers it is the best one. A Lancemore property set on 40 acres of English-style gardens with its own small estate vineyard, its sensibility is country-house rather than design-hotel, and its weekend rhythm is set by the rose garden, the pool, and a genuinely excellent little restaurant that doesn't try to be anything…",Choose Lindenderry when you want a weekend away that lets you decompress rather than perform.,weekend stays | garden afternoons | anniversary weekends,"mood:weekend-escape,garden,slow,anniversary | season:spring,summer,autumn | audience:couples",,/images/sourced/venue-lindenderry-01.webp,"English country-house boutique hotel evocative of Lindenderry at Red Hill, Mornington Peninsula",Unsplash,False,2026-04-01,2026-04-01,Foxeys Hangout | Green Olive at Red Hill,True
main-ridge-dairy,staging,venue,producer,main-ridge,red-hill-plateau,Main Ridge Dairy,"295 Main Creek Rd, Main Ridge VIC 3928",$$,https://peninsulainsider.com.au/explore/producers/main-ridge-dairy/,https://www.mainridgedairy.com.au,https://www.mainridgedairy.com.au,none,+61 3 5989 6433,,,"A working goat dairy with a café  -  cheese boards, goat-milk gelato, and a view across the paddocks to the animals that made the lot","Main Ridge Dairy is a working farmhouse goat dairy that has built a small but devoted following for its farm-made cheeses and, more recently, its goat-milk gelato.","Main Ridge Dairy is a working farmhouse goat dairy that has built a small but devoted following for its farm-made cheeses and, more recently, its goat-milk gelato. The setup is simple: a modest café with a view across the paddocks to the herd, a cheese board built around whatever is ready on the day, and a scoop window running gelato flavours made from the farm's own milk. It is one of those…",Order the cheese board first and finish with a scoop of goat-milk gelato.,family outing | garden afternoons | families,"mood:family,garden,slow | season:spring,summer,autumn | audience:families,couples",Working Peninsula Goat Dairy,/images/sourced/article-producer-trail-01.webp,Mornington Peninsula landscape — representative image for Main Ridge Dairy,Peninsula Insider,False,2026-04-09,2026-04-09,Johnny Ripe | Allis Wine Bar,True
main-ridge-estate,live,venue,winery,main-ridge,red-hill-plateau,Main Ridge Estate,"80 William Rd, Red Hill VIC 3937",$$,https://peninsulainsider.com.au/explore/winerys/main-ridge-estate/,https://mre.com.au,https://mre.com.au/visit,direct,+61 3 5989 2686,,,"Planted in 1975 by Nat and Rosalie White — the Peninsula's founding vineyard, still making restrained Pinot and Chardonnay from the original blocks",Main Ridge Estate is the vineyard that started it all.,"Main Ridge Estate is the vineyard that started it all. Nat and Rosalie White planted the first vines up here in 1975 when nobody in Victoria quite believed cool-climate Pinot could be taken seriously, and the property remains a pilgrimage for anyone who cares about how the Peninsula wine region actually came to exist. The cellar door is small, the tasting room sits in a quiet bush setting on top…",Go mid-week in winter if you want the quietest tasting.,wet-weather plan | cellar door | couples,"mood:cellar-door,slow,fireplace | season:all-year | audience:couples,solo",Planted 1975 — The Peninsula's Original Vineyard | James Halliday 5-Red-Star Winery,/images/sourced/article-chardonnay-case-01.webp,Mornington Peninsula landscape — representative image for Main Ridge Estate,Peninsula Insider,False,2026-04-09,2026-04-09,La Baracca at T'Gallant | Johnny Ripe,False
mantons-creek-estate,live,venue,villa,shoreham,ocean-coast,Mantons Creek Estate,"240 Tucks Rd, Shoreham VIC 3916",$$$,https://peninsulainsider.com.au/explore/villas/mantons-creek-estate/,https://mantonscreekestate.com.au,https://mantonscreekestate.com.au,direct,,,,Four adults-only vineyard suites with on-estate Italian dining — the most under-indexed southern Red Hill wine-country stay,On-estate Italian dining plus two minutes from Ten Minutes by Tractor — the southern Red Hill base that does not require a car between your bed and your glass.,"Mantons Creek is positioned two minutes from Ten Minutes by Tractor and three minutes from Montalto (day-only), which makes it the strongest base for the southern Red Hill winery circuit that does not require driving between your bed and your glass. The four adults-only suites are Mediterranean-style with private balconies over the vineyard, espresso makers, and designer toiletries. The decisive…",Book for a midweek stay — fewer day-trippers at the adjacent cellar doors and more table availability at Quattro.,anniversary weekends | cellar-door | long-lunch,"mood:anniversary,cellar-door,slow,romance | season:all-year | audience:couples",,/images/sourced/place-balnarring-01.webp,Mornington Peninsula — representative image for Mantons Creek Estate pending venue media,Peninsula Insider,False,2026-05-07,2026-05-08,Ten Minutes by Tractor | Montalto,False
many-little,staging,venue,restaurant,red-hill,red-hill-plateau,Many Little,"166 Red Hill Rd, Red Hill South VIC 3937",$$$,https://peninsulainsider.com.au/explore/restaurants/many-little/,https://manylittle.com.au,https://manylittle.com.au/book,direct,+61 3 5989 8888,,,"Sri Lankan flavours in a European wine-bar setting  -  from the Polperro team, rotating alongside natural wines and small producers",Many Little is the Peninsula's most unexpected fine-dining cross-pollination.,"Many Little is the Peninsula's most unexpected fine-dining cross-pollination. The project comes from the Polperro winery team, the setting is a European-style wine bar on the ridge, and the menu is built on Sri Lankan flavours and techniques - curry leaves, tamarind chutney, pickled lime, coconut, hoppers, spiced sambols - plated with the discipline of a modern dining room rather than a suburban…",Book for dinner.,anniversary weekends | couples | group lunches,"mood:first-date,anniversary,slow | season:all-year | audience:couples,solo,group",,/images/sourced/category-restaurant-01.webp,Mornington Peninsula landscape — representative image for Many Little,Peninsula Insider,False,2026-04-09,2026-04-09,Red Hill Estate | Red Hill Cheese,True
martha-s-table,staging,venue,restaurant,safety-beach,bayside,Martha's Table,"15 Marine Dr, Safety Beach VIC 3936",$$,https://peninsulainsider.com.au/explore/restaurants/martha-s-table/,https://www.marthastable.com.au,https://www.marthastable.com.au/reservations,direct,+61 3 5981 4277,,,"Bayside all-day bistro across from Safety Beach  -  modern Australian plates, bay-facing deck, and one of the best post-swim lunches on the Peninsula","Martha's Table is the easy, undersold answer to where to eat on the bayside when you have been at the beach all morning.","Martha's Table is the easy, undersold answer to where to eat on the bayside when you have been at the beach all morning. The room sits across the road from Safety Beach with the sand-line visible through the front window, the deck catches the afternoon sun, and the all-day menu leans modern Australian without trying to compete with the ridge dining rooms on complexity. Order the oysters, share a…",Start at the raw bar and keep the rest of lunch light.,family outing | families | couples,"mood:waterfront,family,slow | season:spring,summer,autumn | audience:families,couples,group",Peninsula Bayside Local Favourite,/images/sourced/place-safety-beach-01.webp,Mornington Peninsula landscape — representative image for Martha's Table,Peninsula Insider,False,2026-04-09,2026-04-09,Crittenden Estate | Pier Street Fresh Seafood,True
maxs-red-hill-estate,staging,venue,restaurant,red-hill,red-hill-plateau,Max's at Red Hill Estate,"53 Shoreham Rd, Red Hill South VIC 3937",$$$,https://peninsulainsider.com.au/explore/restaurants/maxs-red-hill-estate/,https://www.redhillestate.com.au/max-s-restaurant,https://www.redhillestate.com.au/book-max-s,direct,+61 3 5931 0177,,,A long-standing Peninsula favourite perched above the Red Hill Estate vineyards  -  sweeping hinterland views and modern Australian cooking leaning hard on Peninsula produce,"Max's has been doing the Red Hill Estate long lunch for decades, and the view from the dining room — the slope dropping away toward Western Port with French Island in the middle distance — is still the reason most people book.","Max's has been doing the Red Hill Estate long lunch for decades, and the view from the dining room - the slope dropping away toward Western Port with French Island in the middle distance - is still the reason most people book. The kitchen runs a reliable modern Australian menu that leans into Peninsula produce and pairs directly with the estate's Chardonnay and Pinot Noir. This is not the most…",Book for a sunny weekend lunch.,long lunch | the view | cellar door,"mood:long-lunch,view,cellar-door,family | season:spring,summer,autumn | audience:couples,families,group",,/images/sourced/category-restaurant-04.webp,Mornington Peninsula landscape — representative image for Max's at Red Hill Estate,Peninsula Insider,False,2026-04-09,2026-04-09,Red Hill Estate | Red Hill Cheese,True
merricks-estate,staging,venue,winery,merricks,red-hill-plateau,Merricks Estate,"1 Merricks-Frankston Rd, Merricks VIC 3916",$$,https://peninsulainsider.com.au/explore/winerys/merricks-estate/,https://merricksestate.com.au,https://merricksestate.com.au,direct,+61 3 5989 8416,,,"A small, long-standing estate with one of the Peninsula's rare serious Shiraz programs and a windswept coastal vineyard",Merricks Estate is one of those Peninsula cellar doors that has resisted all temptation to grow.,"Merricks Estate is one of those Peninsula cellar doors that has resisted all temptation to grow. George and Jacky Kefford planted the estate in 1977 on a windswept block close to Western Port - one of the coolest, most exposed positions in the region - and the estate is still small, still family-run, and still committed to the same short line-up of wines: Chardonnay, Pinot Noir, and, unusually…",Go on a weekday for the quietest experience.,families | cellar door | couples,"mood:cellar-door,slow | season:autumn,winter | audience:couples,solo",Shiraz Specialist,/images/sourced/place-mount-martha-01.webp,Mornington Peninsula landscape — representative image for Merricks Estate,Peninsula Insider,False,2026-04-09,2026-04-09,Merricks General Wine Store | Kerri Greens,True
merricks-general-wine-store,live,venue,restaurant,merricks,red-hill-plateau,Merricks General Wine Store,"3460 Frankston-Flinders Rd, Merricks VIC 3916",$$$,https://peninsulainsider.com.au/explore/restaurants/merricks-general-wine-store/,https://merricksgeneralwinestore.com.au,https://merricksgeneralwinestore.com.au/book,direct,+61 3 5989 8088,,,"The old Merricks store reborn as a cellar door, bakery, and produce-forward lunch room",Merricks General Wine Store occupies what used to be the village's original general store and it has turned that bones into one of the most likeable rooms on the Peninsula.,"Merricks General Wine Store occupies what used to be the village's original general store and it has turned that bones into one of the most likeable rooms on the Peninsula. The front of the building is part cellar door for the Baillieu family's Barragunda wines, part retail for Peninsula producers - chutneys, oils, a few cheeses - and the back is a long, daylit dining room looking out over…",Good for a lunch that isn't trying to be an event.,long lunch | garden afternoons | couples,"mood:slow,long-lunch,garden,fireplace | season:all-year | audience:couples,families,locals,first-timers",,/images/sourced/place-merricks-01.webp,Mornington Peninsula landscape — representative image for Merricks General Wine Store,Peninsula Insider,False,2026-04-09,2026-04-09,Stonier Wines | Rare Hare at Willow Creek,False
merricks-hotel,staging,venue,pub,merricks,red-hill-plateau,Merricks Hotel,"3460 Frankston-Flinders Rd, Merricks Beach VIC 3926",$$,https://peninsulainsider.com.au/explore/pubs/merricks-hotel/,,,direct,+61 3 5989 8346,,,A low-key country local on the Merricks Beach side  -  walkable from the holiday houses and exactly what a sandy afternoon needs,"The Merricks Hotel is a low-key country pub on the Merricks Beach side of the Peninsula — far enough off the main road to feel like a local's find, close enough to the beach that you can walk from the holiday houses in the afternoon.","The Merricks Hotel is a low-key country pub on the Merricks Beach side of the Peninsula - far enough off the main road to feel like a local's find, close enough to the beach that you can walk from the holiday houses in the afternoon. The menu is straightforward bistro - parma, schnitzel, a fish of the day, a proper steak sandwich - and the service is the kind of unhurried country-pub welcome that…",Book or arrive early for lunch and keep the order classic.,family outing | families | locals,"mood:family,fireplace,walk | season:all-year | audience:families,locals",,/images/sourced/explore-gunnamatta-01.webp,Mornington Peninsula landscape — representative image for Merricks Hotel,Peninsula Insider,False,2026-04-09,2026-04-09,Merricks General Wine Store | Stonier Wines,True
moke-dining,staging,venue,restaurant,flinders,ocean-coast,Moke Dining,"60 Cook St, Flinders VIC 3929",$$$$,https://peninsulainsider.com.au/explore/restaurants/moke-dining/,https://mokedining.com.au,https://mokedining.com.au,direct,+61 458 418 524,hello@mokedining.com.au,"thuFri: Dinner from 6:00pm  sat: Lunch 12:30pm, Dinner from 6:00pm  sun: Lunch 12:30pm  monWed: Closed","Family-run fine dining on Cook Street — a weekly-changing set menu built on Peninsula produce, led by a chef who represented Australia at Bocuse d'Or","A weekly-changing set menu at $125 per person, led by a Bocuse d'Or chef in a 20-seat room. The most technically serious cooking in Flinders.","Moke is the most serious restaurant in Flinders. Chef Michael Cole — who represented Australia at Bocuse d'Or in 2019, placing fourteenth globally — runs a weekly-changing set menu at $125 per person from a compact room on Cook Street. Family-owned and operated, which gives the whole experience a quality that larger operations rarely manage: the chef comes out and talks to the room. The cooking…",Book Saturday lunch — pair it with the cliff walk to West Head in the morning.,special occasions | anniversary weekends | couples | serious food travellers,"mood:anniversary,romance,slow | season:all-year | audience:couples,group",Bocuse d'Or Australia 2019 (Chef Michael Cole) | Chef of the Year 2017 | Chef of the Year 2019,/images/sourced/category-restaurant-01.webp,"Moke Dining, Cook Street, Flinders — editorial placeholder pending venue media",Peninsula Insider,False,2026-05-11,2026-05-11,Flinders Hotel | Georgie Bass Cafe & Cookery,True
montalto,live,venue,winery,red-hill,red-hill-plateau,Montalto Vineyard & Olive Grove,"33 Shoreham Rd, Red Hill South VIC 3937",$$$,https://peninsulainsider.com.au/explore/winerys/montalto/,https://www.montalto.com.au,https://www.montalto.com.au/restaurant,direct,+61 3 5989 8412,,,Single Vineyard Pinot Noir and a Sunday lunch beneath the olive grove canopy,Montalto is the Peninsula at its most painterly.,"Montalto is the Peninsula at its most painterly. Drive in and the estate opens up - lake, sculptures, kitchen garden, olive grove - before you've reached the cellar door. This is the place you bring visitors to prove that Victoria does wine country properly. The restaurant earns its hat honestly. Pasta made daily, produce grown on-site or sourced from neighbours within five kilometres, and a wine…",Arrive early for a cellar door tasting before lunch.,long lunch | cellar door | garden afternoons,"mood:long-lunch,cellar-door,garden,sunset | season:spring,summer,autumn,all-year | audience:couples,families,group",James Halliday Winery of the Year 2022,/images/sourced/venue-montalto-banner-01.webp,"Montalto Vineyard and Olive Grove — cellar door, restaurant and estate at Red Hill South, Mornington Peninsula",Montalto,False,2026-04-01,2026-04-01,Port Phillip Estate | Red Gum BBQ,False
moorooduc-estate,live,venue,winery,moorooduc,hinterland,Moorooduc Estate,"501 Derril Rd, Moorooduc VIC 3933",$$$,https://peninsulainsider.com.au/explore/winerys/moorooduc-estate/,https://moorooducestate.com.au,https://moorooducestate.com.au/visit,direct,+61 3 5971 8506,,,"Richard McIntyre's pioneering low-intervention estate — home to the Robinson Chardonnay, one of Australia's genuine Chardonnay reference points",Moorooduc Estate is one of the quietest landmarks in Australian wine.,"Moorooduc Estate is one of the quietest landmarks in Australian wine. Richard McIntyre has been making wine here for more than thirty years and is genuinely one of the country's elder statesmen of low-intervention, wild-yeast winemaking. The Robinson Chardonnay - made from a single block, wild-fermented, aged in old French oak - is a reference point for what Peninsula Chardonnay can be at the…",Ask to taste the Robinson and the Garden Pinot back-to-back.,cellar door | couples | wine people,"mood:cellar-door,slow,solo | season:all-year | audience:couples,solo",James Halliday 5-Red-Star Winery | Halliday Top 100,/images/sourced/article-orientation-drive-01.webp,Mornington Peninsula landscape — representative image for Moorooduc Estate,Peninsula Insider,False,2026-04-09,2026-04-09,Barmah Park Farm Kitchen | Barmah Park Vineyard,False
morning-sun,staging,venue,winery,main-ridge,red-hill-plateau,Morning Sun Vineyard,"337 Main Creek Rd, Main Ridge VIC 3928",$$,https://peninsulainsider.com.au/explore/winerys/morning-sun/,https://morningsunvineyard.com.au,https://morningsunvineyard.com.au/visit,direct,+61 3 5989 6571,,,"Foxeys' second, quieter Main Ridge site  -  Italian-feeling long lunches, stunning valley views, and a Pinot Gris program that rewards attention","Morning Sun is Foxeys Hangout's other face — the quieter, more Italian-feeling sibling a few minutes away on a tumbling Main Ridge slope.","Morning Sun is Foxeys Hangout's other face - the quieter, more Italian-feeling sibling a few minutes away on a tumbling Main Ridge slope. Where Foxeys runs sunny and social, Morning Sun runs slower: an old farmhouse-style dining room, a garden that spills down the hill, and a lunch menu that leans into handmade pasta and simple grilled fish. It is one of the most underrated long lunches on the…",Book a tasting and stay long enough for a proper glass afterwards.,cellar door | long lunch | the view,"mood:cellar-door,long-lunch,view,slow | season:autumn,winter,spring | audience:couples,group",Sister Site of Foxeys Hangout,/images/sourced/article-sunset-01.webp,Mornington Peninsula landscape — representative image for Morning Sun Vineyard,Peninsula Insider,False,2026-04-09,2026-04-09,Allis Wine Bar | Johnny Ripe,True
mornington-dumpling-house,staging,venue,restaurant,mornington,bayside,Mornington Dumpling House,"121 Main St, Mornington VIC 3931",$$,https://peninsulainsider.com.au/explore/restaurants/mornington-dumpling-house/,,,direct,+61 3 5975 7288,,,"Hand-folded dumplings, steamed and pan-fried, plus a short list of Sichuan-leaning classics  -  Mornington's essential Chinese address",Mornington Dumpling House is the Peninsula's essential Chinese room and quietly one of the most reliable dinner stops in town.,"Mornington Dumpling House is the Peninsula's essential Chinese room and quietly one of the most reliable dinner stops in town. The dumplings are hand-folded in the kitchen - pork-and-chive, prawn, vegetable - served steamed or pan-fried, and the Sichuan-leaning mains rotate through the usual suspects done with enough competence to make an honest meal out of them. Mapo tofu, twice-cooked pork,…",Order the pork-and-chive.,family outing | families | group lunches,"mood:quick-bite,family,big-group | season:all-year | audience:families,group,locals",,/images/sourced/category-restaurant-03.webp,Mornington Peninsula landscape — representative image for Mornington Dumpling House,Peninsula Insider,False,2026-04-09,2026-04-09,Garagiste | Mornington Farmers' Market,True
mornington-farmers-market,staging,venue,market,mornington,bayside,Mornington Farmers' Market,"Mornington Park, The Esplanade, Mornington VIC 3931",$,https://peninsulainsider.com.au/explore/markets/mornington-farmers-market/,https://mpfm.com.au,https://mpfm.com.au,none,,,,A weekly bayfront produce market that knows what it is and stays close to its growers,"The Mornington Farmers' Market runs on the second Saturday of each month and is the best functioning produce market on the Peninsula — smaller and more consistent than the Red Hill market, closer to the growers, and set on the bayfront at Mornington Park where the walk in is already half the appeal.","The Mornington Farmers' Market runs on the second Saturday of each month and is the best functioning produce market on the Peninsula - smaller and more consistent than the Red Hill market, closer to the growers, and set on the bayfront at Mornington Park where the walk in is already half the appeal. Come for the stone fruit in summer, the apples and pears in autumn, and the steady year-round…",Arrive by nine.,garden afternoons | locals | families,"mood:slow,quick-bite,garden | season:all-year | audience:locals,families,couples,first-timers",,/images/sourced/article-peninsula-pantry-01.webp,Mornington Peninsula landscape — representative image for Mornington Farmers' Market,Peninsula Insider,False,2026-04-09,2026-04-09,Sourdough Kitchen | Store Ten,True
mornington-hotel,staging,venue,pub,mornington,bayside,The Mornington Hotel,"1 Main St, Mornington VIC 3931",$$,https://peninsulainsider.com.au/explore/pubs/mornington-hotel/,https://morningtonhotel.com.au,https://morningtonhotel.com.au,direct,+61 3 5975 1033,,,"The big Main Street corner pub  -  reliable bistro, lively bar, and the default unfussy meeting point in the middle of Mornington",The Mornington Hotel is the big Main Street corner pub and the default meeting point when you want something unfussy in the middle of town.,"The Mornington Hotel is the big Main Street corner pub and the default meeting point when you want something unfussy in the middle of town. The bistro is reliable - good parma, solid schnitzel, a steak that will not embarrass anybody, a surprisingly honest fish of the day - and the bar runs busy, loud, and social without ever losing its grip on the neighbourhood. It is not the meal you tell…",Use it as your bayside fallback.,family outing | families | group lunches,"mood:family,big-group,quick-bite | season:all-year | audience:families,group,locals",,/images/sourced/explore-mornington-foreshore-01.webp,Mornington Peninsula landscape — representative image for The Mornington Hotel,Peninsula Insider,False,2026-04-09,2026-04-09,Garagiste | Store Ten,True
mornington-peninsula-brewery,staging,venue,brewery,mornington,bayside,Mornington Peninsula Brewery,"72 Watt Rd, Mornington VIC 3931",$$,https://peninsulainsider.com.au/explore/brewerys/mornington-peninsula-brewery/,https://mpbrew.com.au,https://mpbrew.com.au,direct,+61 3 5976 3663,,,"The in-town craft brewery bar  -  a working brewhouse, the full core range on tap, and live music on Friday nights in the warehouse taproom","Mornington Peninsula Brewery is the town's dedicated craft beer room — a warehouse-scale brewhouse with a taproom attached, set slightly back from the main bayside strip and pulling a loyal mix of locals, visiting beer nerds, and families stopping in on the way home from the beach.","Mornington Peninsula Brewery is the town's dedicated craft beer room - a warehouse-scale brewhouse with a taproom attached, set slightly back from the main bayside strip and pulling a loyal mix of locals, visiting beer nerds, and families stopping in on the way home from the beach. The core range is the Peninsula's founding craft list (the IPA and Lager remain the anchor bottles) and the rotating…",Start with the tasting paddle and stay for lunch if the table is working.,garden afternoons | group lunches | locals,"mood:big-group,garden,fireplace | season:all-year | audience:group,locals,couples",Established 2009  -  Peninsula Founding Craft Brewery,/images/sourced/article-chardonnay-case-01.webp,Mornington Peninsula landscape — representative image for Mornington Peninsula Brewery,Peninsula Insider,False,2026-04-09,2026-04-09,The Mornington Hotel | Mornington Dumpling House,True
mornington-peninsula-chocolates,staging,venue,producer,flinders,ocean-coast,Mornington Peninsula Chocolates,"50 Cook St, Flinders VIC 3929",$$,https://peninsulainsider.com.au/explore/producers/mornington-peninsula-chocolates/,https://morningtonpeninsulachocolates.com.au,https://morningtonpeninsulachocolates.com.au,none,+61 3 5989 0988,,,"Handmade chocolates, rich hot chocolates, and a small café  -  a reliable family stop with enough seasonal stock to justify the detour",Mornington Peninsula Chocolates is the sweet stop you slot into a Flinders or hinterland loop without planning to and somehow spend forty minutes in.,"Mornington Peninsula Chocolates is the sweet stop you slot into a Flinders or hinterland loop without planning to and somehow spend forty minutes in. The chocolates are handmade, the hot chocolate is the real thing, and the small café at the front holds enough seasonal stock - Easter, Mother's Day, Christmas - to justify a return visit or three across a year. It is unpretentious and built for…",Buy a mixed box and keep one bar for the drive home.,family outing | wet-weather plan | families,"mood:family,rainy-day | season:all-year | audience:families,couples,first-timers",,/images/sourced/category-producer-02.webp,"Peninsula producer imagery evocative of Mornington Peninsula Chocolates, Mornington Peninsula",Unsplash,False,2026-04-09,2026-04-09,Flinders General Store | Flinders Sourdough,True
mornington-peninsula-cider,live,venue,producer,main-ridge,red-hill-plateau,Mornington Peninsula Cider,"165 Main Creek Rd, Main Ridge VIC 3928",$$,https://peninsulainsider.com.au/explore/producers/mornington-peninsula-cider/,https://mpcider.com.au,https://mpcider.com.au,none,,,,Apple-forward ciders from a working orchard  -  a rustic tasting room and cheese boards in a real hinterland setting,Mornington Peninsula Cider operates out of a working apple orchard on the Main Ridge and is the right hinterland detour for anyone who has hit their limit on Pinot Noir for the day.,"Mornington Peninsula Cider operates out of a working apple orchard on the Main Ridge and is the right hinterland detour for anyone who has hit their limit on Pinot Noir for the day. The ciders are apple-forward, relatively dry by commercial standards, and the tasting room - a low, rustic shed surrounded by the orchard itself - doubles as a cheese and charcuterie stop for anyone ready to sit down…",Start with the driest cider on the list and keep a cheese board on the table.,cellar door | garden afternoons | couples,"mood:cellar-door,slow,garden | season:spring,summer,autumn | audience:couples,group,families",Working Orchard-Based Cidery,/images/sourced/category-producer-03.webp,"Peninsula producer imagery evocative of Mornington Peninsula Cider, Mornington Peninsula",Unsplash,False,2026-04-09,2026-04-09,Johnny Ripe | Via Boffe,False
mp-beach-club-cottages,live,venue,cottage,rye,bayside,Mornington Peninsula Beach Club Cottages,Tootgarook VIC 3941,$$,https://peninsulainsider.com.au/explore/cottages/mp-beach-club-cottages/,https://mpcottages.com,https://mpcottages.com,direct,,,,"Five two-bedroom bay-beach cottages in Tootgarook with EV charging, disability access, and private yards — eight minutes from Peninsula Hot Springs","Bay beach, private yards, EV charging, disability access — the most practically equipped family and accessibility-friendly cottage option on the Peninsula.","Five two-bedroom cottages 200 metres from the bay beach in Tootgarook, with private yards, disability-access features, and EV charging installed. Pet- and family-friendly. Eight minutes to Peninsula Hot Springs — a combination that makes this a practical base for a thermal weekend without the resort price tag. The disability-access provision is notable in a category that mostly does not address…",Confirm EV charging specifications and disability-access features before booking if either is relevant.,dog-friendly | beach | family,"mood:beach,slow,weekend-escape | season:all-year | audience:couples,families",,/images/sourced/place-rye-01.webp,Mornington Peninsula — representative image for MP Beach Club Cottages pending venue media,Peninsula Insider,False,2026-05-07,2026-05-08,Peninsula Hot Springs | Rye Ocean Beach,False
mr-vincenzos,staging,venue,restaurant,mornington,bayside,Mr Vincenzo's,"60 Main St, Mornington VIC 3931",$$$,https://peninsulainsider.com.au/explore/restaurants/mr-vincenzos/,https://mrvincenzos.com,https://mrvincenzos.com/bookings,direct,+61 3 5976 8844,,,"Big-room Italian on Mornington's main street  -  large-format pasta finished in a wheel of parmesan, a loud dining room, and the weekend's most fun long lunch","Mr Vincenzo's is the Peninsula's most unashamed Italian room, and everyone on the bayside has an opinion about it.","Mr Vincenzo's is the Peninsula's most unashamed Italian room, and everyone on the bayside has an opinion about it. The dining room is big, loud and deliberately theatrical - 1970s Italian vibes throughout, mirrored walls, dim lighting, waiters who know what they are doing and are not precious about it. The kitchen does classic southern Italian generously: gnocchi finished tableside in a wheel of…",Book a week out for weekends.,long lunch | couples | group lunches,"mood:long-lunch,big-group,slow | season:all-year | audience:couples,group,families",Time Out Best Regional Italian,/images/sourced/category-restaurant-03.webp,Mornington Peninsula landscape — representative image for Mr Vincenzo's,Peninsula Insider,False,2026-04-09,2026-04-09,Garagiste | Mornington Farmers' Market,True
nazaaray-estate,staging,venue,winery,flinders,ocean-coast,Nazaaray Estate,"266 Meakins Rd, Flinders VIC 3929",$$,https://peninsulainsider.com.au/explore/winerys/nazaaray-estate/,https://nazaaray.com.au,https://nazaaray.com.au,direct,+61 3 5989 0126,,,A tiny Flinders estate with natural-fermented wines and guest accommodation inside reconverted 1930s railway carriages,"Nazaaray is one of the true eccentrics of the Peninsula wine scene, and that is the entire point.","Nazaaray is one of the true eccentrics of the Peninsula wine scene, and that is the entire point. The estate is tiny, the owners are hands-on, the wines are naturally fermented with wild yeast, and the guesthouses on site are made from reconverted 1930s train carriages - the kind of one-of-one experience you cannot contrive in a marketing brief. The wines are genuinely idiosyncratic. They will…",Book a tasting and stay long enough for a proper glass afterwards.,wet-weather plan | cellar door | couples,"mood:cellar-door,slow,solo | season:all-year | audience:couples,solo",Small-Batch Natural Wine,/images/sourced/venue-nazaaray-estate-01.webp,"Nazaaray Estate winery building set among the vines, Merricks, Mornington Peninsula",User:Melburnian / Wikimedia Commons (CC BY-SA 3.0),False,2026-04-09,2026-04-09,Pier Street Kitchen | Flinders General Store,True
ocean-eight,live,venue,winery,main-ridge,red-hill-plateau,Ocean Eight Vineyard,"271 Tucks Road, Shoreham VIC 3916",$$$,https://peninsulainsider.com.au/explore/winerys/ocean-eight/,https://oceaneight.com.au,https://oceaneight.com.au/pages/contact,direct,+61 3 5989 8862,,,"Mike Aylward's precise, minimal cellar door turning out some of the Peninsula's most quietly obsessive pinot noir",Ocean Eight is the kind of cellar door that wine people send other wine people to and casual tasters sometimes overlook.,"Ocean Eight is the kind of cellar door that wine people send other wine people to and casual tasters sometimes overlook. That's a mistake. Mike Aylward grew up in Peninsula wine country - his family founded Kooyong - and Ocean Eight was the project he built when he decided he wanted to do something smaller, quieter, and more single-minded than the big names allow. The Verve and Aylward Pinot…",Book ahead — they keep numbers deliberately small.,families | cellar door | the view,"mood:cellar-door,slow,view | season:all-year | audience:couples,solo,locals",Halliday Top 100 Wineries | Mornington Peninsula Wine Show Pinot Trophy,/images/sourced/place-moorooduc-01.webp,Ocean Eight cellar door tasting room with vineyard views on Main Ridge,Wikimedia Commons,False,2026-04-09,2026-04-09,Allis Wine Bar | Main Ridge Dairy,False
onannon,staging,venue,winery,tuerong,hinterland,Onannon,"110 Tuerong Rd, Tuerong VIC 3933",$$$,https://peninsulainsider.com.au/explore/winerys/onannon/,https://www.onannon.com.au,https://www.onannon.com.au,direct,,,,"Three winemakers, small-batch Pinot Noir and Chardonnay, and cult-favourite status among Australia's best sommeliers",Onannon is the kind of Peninsula producer you find on the lists of the best restaurants in Melbourne and Sydney long before you find it at the supermarket.,"Onannon is the kind of Peninsula producer you find on the lists of the best restaurants in Melbourne and Sydney long before you find it at the supermarket. Three winemakers - Will Byron, Kaspar Hermann and Sam Middleton - formed the project years ago to make tiny batches of restrained, elegant Pinot Noir and Chardonnay, and the wines have become quiet cult favourites among the people who drink…",Book a tasting and stay long enough for a proper glass afterwards.,wet-weather plan | cellar door | couples,"mood:cellar-door,slow,solo | season:all-year | audience:couples,solo",Sommelier Favourite | Halliday 5-Red-Star Winery,/images/sourced/article-point-nepean-01.webp,Mornington Peninsula landscape — representative image for Onannon,Peninsula Insider,False,2026-04-09,2026-04-09,Yabby Lake Vineyard | Barmah Park Farm Kitchen,True
one-spa-racv-cape-schanck,staging,venue,spa,cape-schanck,ocean-coast,One Spa at RACV Cape Schanck Resort,"Trent Jones Dr, Cape Schanck VIC 3939",$$$,https://peninsulainsider.com.au/explore/spas/one-spa-racv-cape-schanck/,https://www.racv.com.au/travel-leisure/racv-resorts/our-destinations/cape-schanck-resort/health-fitness/one-spa.html,https://www.racv.com.au/travel-leisure/racv-resorts/our-destinations/cape-schanck-resort/health-fitness/one-spa.html,direct,+61 3 5950 8000,,,"The Peninsula's best resort-style day spa — proper scale, serious treatment menu, and a cliff-edge location that nobody else on the Peninsula can match",One Spa at RACV Cape Schanck is the Peninsula's most complete resort spa offering.,"One Spa at RACV Cape Schanck is the Peninsula's most complete resort spa offering. It is larger and better equipped than most of the boutique day-spa rooms on the Peninsula, sits inside a resort with an 18-hole golf course and proper infrastructure, and has one of the most dramatic coastal settings of any spa in the country — high on the cliffs above Cape Schanck with Southern Ocean views the…",Book midweek if you want the full circuit without feeling rushed.,wellness day | anniversary weekends | weekend stays,"mood:wellness,slow,anniversary,weekend-escape,view | season:all-year | audience:couples,solo,group",,/images/sourced/explore-cape-schanck-boardwalk-01.webp,"Coastal resort pool and spa vitality circuit at One Spa, RACV Cape Schanck Resort, Mornington Peninsula",Peninsula Insider,False,2026-04-14,2026-04-14,Barragunda Dining | Flinders Hotel,True
ouest-france-bistro,staging,venue,cafe,mornington,bayside,Ouest France Bistro,"5 Blake St, Mornington VIC 3931",$$,https://peninsulainsider.com.au/explore/cafes/ouest-france-bistro/,https://www.ouestfrance.com.au,https://www.ouestfrance.com.au,direct,+61 3 5975 1500,,,"A charming Breton bistro on a Mornington side street  -  galettes, French breakfast, and some of the best coffee in town behind a blue-and-white awning","Ouest France started as a creperie and grew into something much more interesting: a small, properly Breton-feeling bistro tucked into a side street off Mornington's Main, with a blue-and-white awning that you walk past without noticing until someone points it out.","Ouest France started as a creperie and grew into something much more interesting: a small, properly Breton-feeling bistro tucked into a side street off Mornington's Main, with a blue-and-white awning that you walk past without noticing until someone points it out. The galettes are genuine - proper buckwheat, proper garnishes - and the breakfast menu leans honest French: croissants, jambon-beurre,…",Go early on Saturday.,couples | morning stop | locals,"mood:slow | season:all-year | audience:couples,solo",,/images/sourced/place-mount-martha-01.webp,Mornington Peninsula landscape — representative image for Ouest France Bistro,Peninsula Insider,False,2026-04-09,2026-04-09,Garagiste | Sourdough Kitchen,True
pane-e-vino,staging,venue,restaurant,mount-martha,bayside,Pane e Vino,"2 Lochiel Ave, Mount Martha VIC 3934",$$,https://peninsulainsider.com.au/explore/restaurants/pane-e-vino/,https://paneevino.com.au,https://paneevino.com.au,direct,+61 3 5974 2345,,,"Honest Italian on Mount Martha's village strip  -  antipasti boards, wood-fired pizza, a short pasta list, and a loyal bayside local following",Pane e Vino is Mount Martha's quiet Italian — a small room on the village strip that has been feeding the bayside locals reliably for years and deserves to be better known outside the suburb.,"Pane e Vino is Mount Martha's quiet Italian - a small room on the village strip that has been feeding the bayside locals reliably for years and deserves to be better known outside the suburb. The menu is direct: antipasti boards built around good charcuterie and olives, a short wood-fired pizza list, a handful of pasta classics, and a seasonal main or two. The wine list is tight and leans into…",Order from the wood-fired side of the menu and keep the wine simple.,family outing | families | couples,"mood:family,quick-bite,slow | season:all-year | audience:families,couples,locals",,/images/sourced/category-restaurant-03.webp,Mornington Peninsula landscape — representative image for Pane e Vino,Peninsula Insider,False,2026-04-09,2026-04-09,Bass & Flinders Distillery | Garagiste,True
paradigm-hill,live,venue,winery,merricks,red-hill-plateau,Paradigm Hill,"26 Merricks Rd, Merricks VIC 3916",$$$,https://peninsulainsider.com.au/explore/winerys/paradigm-hill/,https://www.paradigmhill.com.au,https://www.paradigmhill.com.au,direct,+61 3 5931 0000,,,George Mihaly's fastidiously farmed single-site Pinot Noir estate — appointment-only tastings with the winemaker,"Paradigm Hill is a single-site Pinot Noir and Chardonnay estate run by George and Ruth Mihaly, and the tasting experience is deliberately small in scale: appointment-only, usually led by George himself, and structured around the kind of slow walk through a single year's wines that you only get at properties where the founders are still on the ground.","Paradigm Hill is a single-site Pinot Noir and Chardonnay estate run by George and Ruth Mihaly, and the tasting experience is deliberately small in scale: appointment-only, usually led by George himself, and structured around the kind of slow walk through a single year's wines that you only get at properties where the founders are still on the ground. The wines are among the more cerebral on the…",Taste the L'ami sage Pinot Noir before you buy anything else.,cellar door | couples | wine people,"mood:cellar-door,slow,solo | season:all-year | audience:couples,solo",Halliday 5-Red-Star Winery,/images/sourced/place-flinders-01.webp,Mornington Peninsula landscape — representative image for Paradigm Hill,Peninsula Insider,False,2026-04-09,2026-04-09,Pt. Leo Estate | Point Leo Wine Terrace,False
paringa-estate,live,venue,winery,red-hill,red-hill-plateau,Paringa Estate,"44 Paringa Rd, Red Hill South VIC 3937",$$$,https://peninsulainsider.com.au/explore/winerys/paringa-estate/,https://paringaestate.com.au,https://paringaestate.com.au/restaurant-cellar-door,direct,+61 3 5989 2669,,,A serious single-vineyard producer with one of the Peninsula's most dependable restaurant terraces,Paringa Estate has the kind of confidence that comes from having done the work for decades.,"Paringa Estate has the kind of confidence that comes from having done the work for decades. Lindsay McCall's pinot noir and shiraz have long been among the Peninsula's benchmark bottles, and the restaurant understands the assignment: sharp produce, proper service, and a terrace that makes lunch feel like it should continue into the evening. The cellar door is compact but smart, with staff who…",Book lunch and taste the 'LJM' Pinot Noir before you leave.,cellar door | long lunch | sunset drinks,"mood:cellar-door,long-lunch,sunset | season:spring,summer,autumn,all-year | audience:couples,locals,first-timers",Halliday Winery of the Year 2024 Finalist,/images/sourced/venue-paringa-estate-01.webp,"Paringa Estate sign and cellar door entrance at Red Hill South, Mornington Peninsula",Paringa Estate,False,2026-04-01,2026-04-01,Montalto Vineyard & Olive Grove | Max's at Red Hill Estate,False
peninsula-fresh-organics,staging,venue,producer,mornington,hinterland,Peninsula Fresh Organics,"170 Baxter-Tooradin Rd, Baxter VIC 3911",$$,https://peninsulainsider.com.au/explore/producers/peninsula-fresh-organics/,https://peninsulafreshorganics.com.au,https://peninsulafreshorganics.com.au,none,,,,A working certified-organic market garden with a farm-gate shop  -  straight-out-of-the-ground vegetables and the best salad of your week,"Peninsula Fresh Organics is the producer behind a lot of what ends up on Peninsula restaurant plates, and the farm-gate shop is open for anyone who wants to source their own ingredients straight from the ground.","Peninsula Fresh Organics is the producer behind a lot of what ends up on Peninsula restaurant plates, and the farm-gate shop is open for anyone who wants to source their own ingredients straight from the ground. The range rotates with the season - leafy greens, roots, herbs, tomatoes in summer, brassicas in winter - and a small dairy fridge alongside the vegetables holds Peninsula-made cheese,…",Go early and buy what was picked that morning.,locals | couples | families,"mood:slow | season:all-year | audience:locals,couples,families",Certified Organic Market Garden,/images/sourced/article-rainy-day-01.webp,Mornington Peninsula landscape — representative image for Peninsula Fresh Organics,Peninsula Insider,False,2026-04-09,2026-04-09,Circe Wines | Ouest France Bistro,True
peninsula-hot-springs-eco-lodges,live,venue,glamping,cape-schanck,back-beaches,Peninsula Hot Springs Eco Lodges,"140 Springs Lane, Fingal VIC 3939",$$$$,https://peninsulainsider.com.au/explore/glampings/peninsula-hot-springs-eco-lodges/,https://www.peninsulahotsprings.com/accommodation/eco-lodges/,https://www.peninsulahotsprings.com/accommodation/eco-lodges/,peninsula-hot-springs,+61 3 5950 8777,,,Fully enclosed eco lodges inside the Peninsula Hot Springs precinct — private in-room geothermal baths and the same 5am access as the glamping tents,"The enclosed version of the PHS Glamping proposition — private in-room geothermal bath, same 5am thermal precinct access.","The Eco Lodges are the step up from PHS Glamping when thermal access is the whole point but canvas is not. Opened 2024, ten fully enclosed structures with private in-room geothermal hot spring baths (Springs Room) or private outdoor hot springs (Peninsula Suite). Breakfast buffet and a wellness activity are included. The bathing-precinct access and age policy (16+) are identical to the glamping…",Book the Peninsula Suite for the private outdoor hot spring on the deck.,wellness | anniversary weekends | couples,"mood:wellness,anniversary,romance,slow | season:all-year | audience:couples",,/images/sourced/spa-peninsula-hot-springs-hilltop-01.webp,Mornington Peninsula — representative image for Peninsula Hot Springs Eco Lodges pending venue media,Peninsula Hot Springs,False,2026-05-07,2026-05-08,Peninsula Hot Springs | Barragunda Dining,False
peninsula-hot-springs-glamping,staging,venue,glamping,cape-schanck,back-beaches,Peninsula Hot Springs Glamping,"140 Springs Lane, Fingal VIC 3939",$$$,https://peninsulainsider.com.au/explore/glampings/peninsula-hot-springs-glamping/,https://www.peninsulahotsprings.com/stay,https://www.peninsulahotsprings.com/stay-packages,peninsula-hot-springs,+61 3 5950 8777,,,"Eco lodges and glamping pods inside the Peninsula Hot Springs precinct  -  wake up, walk thirty seconds to the Spa Dreaming Centre",The glamping-and-lodges precinct at Peninsula Hot Springs is the closest thing the Peninsula has to a genuine wellness retreat stay.,"The glamping-and-lodges precinct at Peninsula Hot Springs is the closest thing the Peninsula has to a genuine wellness retreat stay. The canvas pods sit within the hot springs grounds itself - not a hotel nearby, not a separate resort, but physically inside the precinct - which means that the thirty-second walk to the Spa Dreaming Centre first thing in the morning, before any day guests have…",Book a two-night package if you can.,wellness day | anniversary weekends | couples,"mood:wellness,anniversary,slow,romance | season:all-year | audience:couples,solo",,/images/sourced/spa-peninsula-hot-springs-hilltop-01.webp,Mornington Peninsula landscape — representative image for Peninsula Hot Springs Glamping,Peninsula Hot Springs,False,2026-04-09,2026-04-09,Barragunda Dining | Peninsula Hot Springs,True
peninsula-hot-springs,staging,venue,spa,cape-schanck,ocean-coast,Peninsula Hot Springs,"140 Springs Ln, Fingal VIC 3939",$$$,https://peninsulainsider.com.au/explore/spas/peninsula-hot-springs/,https://www.peninsulahotsprings.com,https://www.peninsulahotsprings.com/book,peninsula-hot-springs,+61 3 5950 8777,,,"The original Peninsula thermal springs  -  still the biggest, still the best for people who want the full ritual",Peninsula Hot Springs has been open since 2005 and in that time it has grown from a few pools in a paddock into the most ambitious wellness complex in the country.,"Peninsula Hot Springs has been open since 2005 and in that time it has grown from a few pools in a paddock into the most ambitious wellness complex in the country. It has also been a victim of its own success: weekends can feel more crowded than relaxing, and the newer Amphitheatre pool is as much about the view as the temperature. None of this changes the fundamental fact that on the right day,…",Book the earliest session you can manage and do the full circuit without rushing it.,wellness day | wet-weather plan | couples,"mood:wellness,slow,rainy-day | season:all-year | audience:couples,group,first-timers,solo",,/images/sourced/spa-peninsula-hot-springs-hilltop-01.webp,"Peninsula Hot Springs Hilltop Pool and thermal bathing complex at Fingal, Mornington Peninsula",Peninsula Hot Springs,False,2026-04-09,2026-04-09,Barragunda Dining | Flinders Hotel,True
phaedrus-estate,staging,venue,winery,dromana,bayside,Phaedrus Estate,"220 Mornington-Flinders Rd, Red Hill VIC 3937",$$,https://peninsulainsider.com.au/explore/winerys/phaedrus-estate/,https://phaedrusestate.com,https://phaedrusestate.com,direct,,,,"A quieter Dromana-side estate making honest, characterful wines with a focus on Italian and Rhône varietals alongside the Peninsula classics","Phaedrus is one of the Peninsula's unsung cellar doors — small, family-run, and deliberately off the main ridge itinerary.","Phaedrus is one of the Peninsula's unsung cellar doors - small, family-run, and deliberately off the main ridge itinerary. The focus is broader than the Peninsula average: alongside the mandatory Pinot and Chardonnay, the estate works with Viognier, Sangiovese and a handful of other varieties that give the tasting flight some genuine range. The cellar door is unpretentious and the wines are…",Book a tasting and stay long enough for a proper glass afterwards.,families | cellar door | couples,"mood:cellar-door,slow | season:all-year | audience:couples,solo",,/images/sourced/article-sorrento-weekend-01.webp,Mornington Peninsula landscape — representative image for Phaedrus Estate,Peninsula Insider,False,2026-04-09,2026-04-09,Stillwater at Crittenden | Small Stone Pantry,True
pho-rosebud,staging,venue,restaurant,rosebud,bayside,Pho Rosebud,"1013 Point Nepean Rd, Rosebud VIC 3939",$,https://peninsulainsider.com.au/explore/restaurants/pho-rosebud/,,,direct,+61 3 5986 1688,,,"Rosebud's go-to Vietnamese  -  big steaming bowls of pho, rice paper rolls, and the deeply satisfying antidote to a heavy winery lunch",Pho Rosebud is the counter-programming the Peninsula's big lunch culture needs.,"Pho Rosebud is the counter-programming the Peninsula's big lunch culture needs. The room is utilitarian, the menu is honest Vietnamese - pho, rice paper rolls, lemongrass chicken, a tight set of classics - and the bowls arrive big enough to solve almost any post-cellar-door situation. This is the place you go on the evening after the winery lunch, when nothing else on the Peninsula map is…",Get the pho dac biet.,family outing | families | locals,"mood:quick-bite,family | season:all-year | audience:families,locals,group",,/images/sourced/place-rosebud-01.webp,Mornington Peninsula landscape — representative image for Pho Rosebud,Peninsula Insider,False,2026-04-09,2026-04-09,Pier Street Fresh Seafood | Phaedrus Estate,True
pier-street-flinders,staging,venue,restaurant,flinders,ocean-coast,Pier Street Kitchen,"39 Cook St, Flinders VIC 3929",$$$,https://peninsulainsider.com.au/explore/restaurants/pier-street-flinders/,https://pierstreetflinders.com.au,https://pierstreetflinders.com.au/reservations,direct,+61 3 5989 0388,,,"Ocean-side bistro cooking in Flinders village, built around Bass Strait seafood and a short but serious wine list",Pier Street Kitchen is what the Peninsula's southern coast has been missing — a proper bistro that understands the ocean starts at the end of the street.,"Pier Street Kitchen is what the Peninsula's southern coast has been missing - a proper bistro that understands the ocean starts at the end of the street. The room is compact and softly lit, the menu changes with whatever the boats have brought in, and the chef knows how to cook a whole flounder without apologising for it. Start with the oysters from Flinders Pier itself. Go to the fish course,…",Book for Friday night in winter if you can.,anniversary weekends | couples | group lunches,"mood:anniversary,fireplace,waterfront | season:all-year | audience:couples,group",Good Food Guide 2024,/images/sourced/place-rye-01.webp,Mornington Peninsula landscape — representative image for Pier Street Kitchen,Peninsula Insider,False,2026-04-09,2026-04-09,Mornington Peninsula Chocolates | Nazaaray Estate,True
pier-street-seafood,staging,venue,producer,dromana,bayside,Pier Street Fresh Seafood,"34 Pier St, Dromana VIC 3936",$$,https://peninsulainsider.com.au/explore/producers/pier-street-seafood/,,,none,+61 3 5981 4085,,,"A proper old-school fishmonger and takeaway on the Dromana foreshore  -  point, pay, walk the parcel to the sand",Pier Street Fresh Seafood is the Peninsula fish-and-chips ritual in one address.,"Pier Street Fresh Seafood is the Peninsula fish-and-chips ritual in one address. The cabinet holds whatever came off the boats that morning, the fryer runs non-stop on a hot afternoon, and the move is the one the locals already know: point at what looks good, pay at the counter, carry the parcel across to the Dromana foreshore and eat it with your feet in the sand. The fish is unglamorous and…",Go in the late afternoon on a clear day.,family outing | families | couples,"mood:waterfront,quick-bite,family | season:all-year | audience:families,couples,locals",,/images/sourced/explore-sorrento-ferry-01.webp,Mornington Peninsula landscape — representative image for Pier Street Fresh Seafood,Peninsula Insider,False,2026-04-09,2026-04-09,Small Stone Pantry | Phaedrus Estate,True
plantation-house-whitecliffs,live,venue,cottage,rye,bayside,Plantation House at Whitecliffs,Rye VIC 3941,$$,https://peninsulainsider.com.au/explore/cottages/plantation-house-whitecliffs/,https://www.plantationhouse.com.au,https://www.plantationhouse.com.au,booking.com,,,,Heritage 1932 sandstone property 150 metres from Rye's front beach — host Charles's cooked breakfasts are named in almost every 2024–2025 review,"150 metres from Rye front beach, 9.7 Booking.com score, host Charles's cooked breakfasts named in every recent review.","Four to five suites in a heritage 1932 sandstone property 150 metres from Rye's front beach. Tennis court and hot tub on site. Booking.com score 9.7. Host Charles's cooked breakfasts are named in nearly every 2024 and 2025 review — it is not routine hospitality, it is the reason people return. Family-friendly; the most family-compatible B&B in the Peninsula set. From approximately $219–$247 per…",Alert Charles to any dietary requirements in advance — same-morning flexibility at a four-room property is limited.,beach | family | slow,"mood:beach,slow,garden | season:all-year | audience:couples,families",,/images/sourced/place-rye-01.webp,Mornington Peninsula — representative image for Plantation House at Whitecliffs pending venue media,Peninsula Insider,False,2026-05-07,2026-05-08,Peninsula Hot Springs | Rye Ocean Beach,False
point-leo-estate-villas,staging,venue,villa,merricks,red-hill-plateau,Point Leo Estate Villas,"3649 Frankston-Flinders Rd, Merricks VIC 3916",$$$$,https://peninsulainsider.com.au/explore/villas/point-leo-estate-villas/,https://www.ptleoestate.com.au/stay,https://www.ptleoestate.com.au/accommodation,direct,+61 3 5989 9011,,,"A small collection of private villas inside the Point Leo Estate property  -  sculpture park access, Laura degustation on your doorstep, and the estate grounds all around",Point Leo Estate's villas are the overnight continuation of one of the Peninsula's most complete destinations.,"Point Leo Estate's villas are the overnight continuation of one of the Peninsula's most complete destinations. The villas are small in number and private in layout - they share the estate's 16-acre sculpture park, the gardens, and the kitchen-to-lawn movement between the three restaurants, but each has its own enclosed terrace and a scale that makes them feel more like retreat accommodation than…",Book a villa around a Laura reservation.,anniversary weekends | the view | cellar door,"mood:anniversary,romance,view,slow,cellar-door | season:all-year | audience:couples",,/images/sourced/venue-pt-leo-sculpture-01.webp,Pt. Leo Estate Sculpture Park overlooking Western Port — Barry Flanagan's hare and other works on the lawn,Emma White / Wikimedia Commons (CC BY-SA 4.0),False,2026-04-09,2026-04-09,Pt. Leo Estate | Point Leo Wine Terrace,True
point-leo-wine-terrace,staging,venue,restaurant,merricks,red-hill-plateau,Point Leo Wine Terrace,"3649 Frankston-Flinders Rd, Merricks VIC 3916",$$$,https://peninsulainsider.com.au/explore/restaurants/point-leo-wine-terrace/,https://www.ptleoestate.com.au,https://www.ptleoestate.com.au/terrace,direct,+61 3 5989 9011,,,"The casual, all-day option at Point Leo Estate  -  wood-fired flatbreads, cheese boards, and Point Leo wines by the glass on one of the Peninsula's most spectacular outdoor decks","Point Leo Wine Terrace is the casual, drop-in face of the sprawling Point Leo Estate — no booking-six-weeks-out commitment, no degustation, no fuss.","Point Leo Wine Terrace is the casual, drop-in face of the sprawling Point Leo Estate - no booking-six-weeks-out commitment, no degustation, no fuss. Walk in, take a table on the deck, order a cheese board and a glass of the estate Chardonnay, and let an hour or two go by while the sculpture park sits in the foreground and the bay stretches out beyond it. The food is deliberately simple:…","Use the terrace as your mid-morning reset on a Point Leo day, or as your complete lunch when you want the estate experience without committing to a full restaurant booking.",cellar door | the view | sunset drinks,"mood:cellar-door,view,slow,sunset | season:spring,summer,autumn | audience:couples,group,first-timers",,/images/sourced/place-main-ridge-01.webp,"Main Ridge wine country and Chardonnay vines — Pt. Leo Wine Terrace, Merricks",CSIRO / Wikimedia Commons (CC BY 3.0),False,2026-04-09,2026-04-09,Pt. Leo Estate | Spa by Jackalope,True
point-nepean-discovery-tents,live,venue,glamping,portsea,tip,Point Nepean Discovery Tents,"Point Nepean National Park, Portsea VIC 3944",$,https://peninsulainsider.com.au/explore/glampings/point-nepean-discovery-tents/,https://www.parks.vic.gov.au/places-to-see/parks/point-nepean-national-park/where-to-stay/point-nepean-discovery-tents,https://www.parks.vic.gov.au/places-to-see/parks/point-nepean-national-park/where-to-stay/point-nepean-discovery-tents,direct,,,,"Forty-six pre-pitched canvas tents inside Point Nepean National Park — September to April, from $115/night, no pets, BYO bedding","The Peninsula's most atmospheric glamping setting — inside the Point Nepean quarantine station precinct, under $130 a night for two.","Forty-six pre-pitched standing-height canvas tents inside the Point Nepean National Park quarantine station precinct at Portsea. The two configurations — 2-person and 4-person — share modern amenities, a camp kitchen, and a recreation room. Under $130 per night for two. BYO bedding and torch; stretcher beds and mattresses provided. This is the Peninsula's clearest budget-gateway glamping product.…",Book the 2-person tent in shoulder season — less competition for the best tent positions and fewer day visitors in the park.,beach | walk | solo,"mood:beach,walk,slow | season:spring,summer,autumn | audience:couples,solo,families",,/images/sourced/article-point-nepean-01.webp,Point Nepean National Park — representative image for Discovery Tents pending venue media,Peninsula Insider,False,2026-05-07,2026-05-08,Point Nepean National Park | Portsea Pub,False
polperro-villas,staging,venue,villa,red-hill,red-hill-plateau,Polperro Villas,"150 Red Hill Rd, Red Hill South VIC 3937",$$$$,https://peninsulainsider.com.au/explore/villas/polperro-villas/,https://www.polperrowines.com.au/villas,https://www.polperrowines.com.au/villa-bookings,direct,+61 3 5989 2471,,,"Two private vineyard villas sleeping four, with the Polperro cellar door at the end of the drive",Polperro Villas might be the Peninsula's most quietly luxurious stay.,"Polperro Villas might be the Peninsula's most quietly luxurious stay. There are only two of them, each a self-contained two-bedroom house sitting in its own vineyard plot with an outdoor bath, a wood fire, a kitchen you'd actually use, and a view back across the rows to the winery. The arrangement is deliberate: check in, drive your car to the villa, and you do not need to see another guest for…",Book a month out for weekends.,anniversary weekends | weekend stays | garden afternoons,"mood:anniversary,slow,fireplace,weekend-escape,garden | season:all-year | audience:couples",,/images/sourced/place-red-hill-01.webp,Mornington Peninsula landscape — representative image for Polperro Villas,Peninsula Insider,False,2026-04-09,2026-04-09,Polperro | Green Olive at Red Hill,True
polperro,live,venue,winery,red-hill,red-hill-plateau,Polperro,"150 Red Hill Rd, Red Hill South VIC 3937",$$$,https://peninsulainsider.com.au/explore/winerys/polperro/,https://www.polperrowines.com.au,https://www.polperrowines.com.au/book,direct,+61 3 5989 2471,,,Small-production cool-climate pinot and chardonnay poured in one of the prettiest tasting rooms on the ridge,"Polperro feels smaller and more intimate than some of the region's trophy estates, which is exactly its appeal.","Polperro feels smaller and more intimate than some of the region's trophy estates, which is exactly its appeal. The cellar door is tucked into the vines with a line of sight over the ridge, the pours are thoughtful, and the whole place carries the tone of a producer that cares more about the wine than the performance around it. The Pennon Hill labels are often the sweet spot if you want quality…",Go midweek if you can.,cellar door | the view | couples,"mood:cellar-door,slow,view | season:spring,summer,autumn,all-year | audience:couples,solo,locals",Halliday Top 100 Wineries,/images/sourced/place-red-hill-01.webp,Mornington Peninsula landscape — representative image for Polperro,Peninsula Insider,False,2026-04-01,2026-04-01,Foxeys Hangout | Green Olive at Red Hill,False
port-phillip-estate-restaurant,staging,venue,restaurant,red-hill,red-hill-plateau,Port Phillip Estate Restaurant,"263 Red Hill Rd, Red Hill South VIC 3937",$$$$,https://peninsulainsider.com.au/explore/restaurants/port-phillip-estate-restaurant/,https://www.portphillipestate.com.au,https://www.portphillipestate.com.au/dine,direct,+61 3 5931 0000,,,"The dining room inside the dramatic rammed-earth Port Phillip Estate building  -  confident, local-produce cooking under one of the Peninsula's most photographed ceilings",Port Phillip Estate's restaurant is the dining room that justifies the architecture — and the architecture is extraordinary.,"Port Phillip Estate's restaurant is the dining room that justifies the architecture - and the architecture is extraordinary. The 120-metre curved rammed-earth wall sweeps out over the hillside, the cellar door and dining room are tucked beneath it, and the view from the main room reaches across the vines to Port Phillip Bay on a clear day. The cooking is hatted, confident, and built around…",Book for lunch on a sunny afternoon.,long lunch | anniversary weekends | the view,"mood:long-lunch,anniversary,view,cellar-door | season:spring,summer,autumn | audience:couples,group",Good Food Guide Chef Hat | Australian Institute of Architects Award,/images/sourced/category-restaurant-04.webp,Mornington Peninsula landscape — representative image for Port Phillip Estate Restaurant,Peninsula Insider,False,2026-04-09,2026-04-09,Eldridge Estate | Tedesca Osteria,True
port-phillip-estate,live,venue,winery,red-hill,red-hill-plateau,Port Phillip Estate,"263 Red Hill Rd, Red Hill South VIC 3937",$$$$,https://peninsulainsider.com.au/explore/winerys/port-phillip-estate/,https://www.portphillipestate.com.au,https://www.portphillipestate.com.au/accommodation,direct,+61 3 5989 4444,,,"Rammed-earth architecture, a one-hat restaurant, and six hotel suites set into the pinot rows of Main Ridge",Port Phillip Estate is the Peninsula's most architecturally serious winery stay.,"Port Phillip Estate is the Peninsula's most architecturally serious winery stay. The building is a Wood Marsh-designed rammed-earth monolith set into the slope of the plateau, and it holds the cellar door, the one-hat restaurant, and six large hotel-grade suites that look out across Main Ridge pinot country. The scale is deliberate: you check in, you eat at the restaurant, and the only time you…",Book the two-night package with dinner included.,anniversary weekends | long lunch | cellar door,"mood:anniversary,long-lunch,cellar-door,weekend-escape,view | season:all-year | audience:couples",AHA Hotel of the Year nominee | Good Food Guide 2025,/images/sourced/article-hatted-restaurants-01.webp,"Hatted Peninsula winery dining room, editorial placeholder for Port Phillip Estate pending venue media",Peninsula Insider,False,2026-04-09,2026-04-09,Montalto Vineyard & Olive Grove | Tedesca Osteria,False
portsea-hotel,staging,venue,pub,portsea,tip,Portsea Hotel,"3746 Point Nepean Rd, Portsea VIC 3944",$$,https://peninsulainsider.com.au/explore/pubs/portsea-hotel/,https://www.portseahotel.com.au,https://www.portseahotel.com.au,direct,+61 3 5984 2213,,,The front-row pub on Port Phillip  -  still the cleanest long lunch at the tip of the Peninsula,"The Portsea Hotel has one of the best views of any pub in Victoria and, more impressively, it has mostly avoided ruining the experience.","The Portsea Hotel has one of the best views of any pub in Victoria and, more impressively, it has mostly avoided ruining the experience. The bistro runs along the front of the building looking directly across the bay, the beer garden drops down toward the front beach, and the menu is still pub-food-done-properly rather than ambitious-bistro-pretending-to-be-pub. Order the fish and chips, a bottle…",Don't bother trying to skip the queue in January.,long lunch | the view | sunset drinks,"mood:long-lunch,waterfront,view,sunset | season:all-year | audience:families,couples,group,first-timers,locals",,/images/sourced/venue-portsea-hotel-01.webp,"Portsea Hotel — fireplace and interior of the iconic Peninsula pub, Portsea",Chris Olszewski (Kgbo) / Wikimedia Commons (CC BY-SA 4.0),False,2026-04-09,2026-04-09,Hotel Sorrento | Sorrento Gelato,True
prancing-horse-estate,staging,venue,winery,red-hill,red-hill-plateau,Prancing Horse Estate,"12 Arthurs Seat Rd, Red Hill VIC 3937",$$$,https://peninsulainsider.com.au/explore/winerys/prancing-horse-estate/,https://www.prancinghorseestate.com,https://www.prancinghorseestate.com/cellar-door,direct,+61 3 5989 2602,,,Organic and biodynamic estate that pours its own Pinot alongside imported Chablis and Burgundy  -  a genuine Old World-New World comparison tasting,Prancing Horse is one of the few Peninsula cellar doors where the tasting deliberately includes wines made thousands of kilometres away.,"Prancing Horse is one of the few Peninsula cellar doors where the tasting deliberately includes wines made thousands of kilometres away. The estate is certified organic and biodynamic, the Pinot Noir and Chardonnay are thoughtful, but the real signature is a comparative flight that pours Prancing Horse's own bottles alongside carefully chosen Chablis and Burgundy from the owners' imported French…",Book a tasting and stay long enough for a proper glass afterwards.,cellar door | couples | wine people,"mood:cellar-door,slow,solo | season:all-year | audience:couples,solo",Certified Organic & Biodynamic,/images/sourced/article-couples-weekend-01.webp,Mornington Peninsula landscape — representative image for Prancing Horse Estate,Peninsula Insider,False,2026-04-09,2026-04-09,Green Olive at Red Hill | Red Hill Bakery,True
pt-leo-estate,live,venue,winery,merricks,red-hill-plateau,Pt. Leo Estate,"3649 Frankston-Flinders Rd, Merricks VIC 3916",$$$,https://peninsulainsider.com.au/explore/winerys/pt-leo-estate/,https://www.ptleoestate.com.au,https://www.ptleoestate.com.au/restaurant,direct,+61 3 5989 9011,,,A sculpture park walk followed by a long bay-view lunch in the glass-walled restaurant,Pt.,Pt. Leo is the Peninsula's great ambition made real: 93 hectares where you can walk among large-scale sculptures before sitting down to a two-hat lunch with one of the best bay views in the state. The setting alone is worth the drive. The restaurant handles the produce-forward brief with real skill. The wine list is exceptional - Peninsula estate wines alongside a sharp selection of European…,Arrive for the sculpture walk before noon.,long lunch | anniversary weekends | the view,"mood:long-lunch,anniversary,view,waterfront | season:spring,summer,autumn,all-year | audience:couples,group,first-timers",Good Food Guide 2024 | Best Rosé MPWA 2024 and 2025,/images/sourced/venue-pt-leo-sculpture-01.webp,Pt. Leo Estate Sculpture Park overlooking Western Port — Barry Flanagan's hare and other large-scale works on the lawn,Emma White / Wikimedia Commons (CC BY-SA 4.0),False,2026-04-01,2026-04-01,Point Leo Wine Terrace | Paradigm Hill,False
quealy-winemakers,live,venue,winery,balnarring,red-hill-plateau,Quealy Winemakers,"62 Bittern-Dromana Rd, Balnarring VIC 3926",$$,https://peninsulainsider.com.au/explore/winerys/quealy-winemakers/,https://quealy.com.au,https://quealy.com.au/pages/cellar-door,direct,+61 3 5983 2483,,,"A foundational Peninsula producer best known for pinot gris, friulano, and a cellar door with real local soul","Quealy is important not because it is flashy, but because it helped teach the Peninsula what it could grow.","Quealy is important not because it is flashy, but because it helped teach the Peninsula what it could grow. Kathleen Quealy and Kevin McCarthy were early believers in alternative Italian varieties here, and the cellar door still feels grounded in that experimental, quietly pioneering spirit. The wines are distinctive, food-friendly, and often better value than the region's higher-profile labels.…",Taste the Pobblebonk before you buy anything else.,cellar door | garden afternoons | locals,"mood:cellar-door,slow,garden | season:spring,summer,autumn,all-year | audience:locals,couples,first-timers",Mornington Peninsula Wine Show Trophy,/images/sourced/venue-wine-tasting-01.webp,Peninsula cellar door wine tasting — Quealy Winemakers,Peninsula Insider,False,2026-04-01,2026-04-01,Hurley Vineyard | Balnarring Bakehouse,False
rare-hare,staging,venue,restaurant,merricks,red-hill-plateau,Rare Hare at Willow Creek,"166 Balnarring Rd, Merricks North VIC 3926",$$$,https://peninsulainsider.com.au/explore/restaurants/rare-hare/,https://jackalopehotels.com/rare-hare,https://jackalopehotels.com/rare-hare-reservations,direct,+61 3 5931 2500,,,"Jackalope's relaxed lunch room  -  wood fire, vineyard views, and plates built for sharing",Rare Hare is the second restaurant at Jackalope and for many people it's the better of the two.,"Rare Hare is the second restaurant at Jackalope and for many people it's the better of the two. Where Doot Doot Doot leans into fine-dining drama, Rare Hare takes the vineyard lunch brief and runs with it: wood-fired grill, long shared plates, a list of Willow Creek estate wines by the glass, and a room that opens onto the pinot rows. The menu is structured around pizza, wood-fire mains, and a…","Book a table on the terrace if you can, order one more bottle than you planned to, and let the afternoon stretch.",long lunch | cellar door | the view,"mood:long-lunch,cellar-door,view,garden | season:spring,summer,autumn | audience:couples,group,families,first-timers",,/images/sourced/venue-jackalope-hotel-01.webp,"Jackalope Hotel and winery estate, Merricks North — Rare Hare Restaurant",Peninsula Insider,False,2026-04-09,2026-04-09,Scorpo Wines | Spa by Jackalope,True
red-gum-bbq,staging,venue,restaurant,red-hill,red-hill-plateau,Red Gum BBQ,"51 Shoreham Rd, Red Hill South VIC 3937",$$,https://peninsulainsider.com.au/explore/restaurants/red-gum-bbq/,https://redgumbbq.com.au,https://redgumbbq.com.au,direct,+61 3 5989 2528,,,"Airy warehouse, picnic tables and low-and-slow American barbecue  -  pulled pork, brisket, smoked chicken  -  a family-friendly antidote to the winery-restaurant circuit",Red Gum is the Peninsula's essential non-wine-restaurant lunch.,"Red Gum is the Peninsula's essential non-wine-restaurant lunch. Martin Blunos and the team smoke low and slow over red gum in a big airy warehouse on the ridge, and for a decade now they have been pulling beef brisket, pork shoulder, and whole chickens out of the smokers at exactly the moment the tables are ready for them. The ordering system is counter-and-tray, the seating is picnic tables, and…",Book for a crowd; go casual; come hungry.,long lunch | family outing | families,"mood:long-lunch,big-group,family | season:all-year | audience:families,group,first-timers",Time Out Best Regional Restaurant,/images/sourced/category-restaurant-01.webp,Mornington Peninsula landscape — representative image for Red Gum BBQ,Peninsula Insider,False,2026-04-09,2026-04-09,Red Hill Estate | Red Hill Cheese,True
red-hill-bakery,staging,venue,bakery,red-hill,red-hill-plateau,Red Hill Bakery,"146 Arthurs Seat Rd, Red Hill VIC 3937",$,https://peninsulainsider.com.au/explore/bakerys/red-hill-bakery/,,,none,+61 3 5989 2777,,,"The hinterland's default morning stop  -  sourdough loaves, vanilla slices, and an endless Saturday queue of Lycra and dogs",Red Hill Bakery is the morning ritual of the hinterland.,"Red Hill Bakery is the morning ritual of the hinterland. The loaves come out of the ovens early, the cabinet fills with the full complement of country bakery classics - vanilla slices, lamingtons, custard tarts, a sausage roll that does the job - and on Saturday mornings the queue runs out the door with cyclists, dog-walkers, and weekenders working on their second coffee of the day. The bread is…",Go early on Saturday to beat the queue.,families | couples | locals,"mood:slow,quick-bite | season:all-year | audience:families,couples,locals",,/images/sourced/venue-red-hill-general-store-01.webp,"Red Hill village streetscape, Mornington Peninsula — Red Hill Bakery",Mrdhrns / Wikimedia Commons (CC BY-SA 4.0),False,2026-04-09,2026-04-09,Red Hill Market | Prancing Horse Estate,True
red-hill-brewery,staging,venue,brewery,red-hill,red-hill-plateau,Red Hill Brewery,"88 Shoreham Rd, Red Hill South VIC 3937",$$,https://peninsulainsider.com.au/explore/brewerys/red-hill-brewery/,https://redhillbrewery.com.au,https://redhillbrewery.com.au,direct,+61 3 5989 2959,,,The Peninsula's original craft brewery  -  Belgian-style ales from the only estate hop farm in Victoria,Red Hill Brewery is the oldest serious craft brewery on the Peninsula and still one of the few in Australia that grows its own hops.,"Red Hill Brewery is the oldest serious craft brewery on the Peninsula and still one of the few in Australia that grows its own hops. That detail matters: the farm-to-glass story here is not marketing, it is infrastructure. Dave and Karen Golding planted the hop garden in 2005 and have been making Belgian-style ales from it ever since - witbier, dubbel, tripel, and the seasonal fresh-hop beers…",Order a tasting paddle before you commit to a full pour.,cellar door | garden afternoons | families,"mood:cellar-door,garden,slow | season:spring,summer,autumn | audience:families,group,locals,couples",,/images/sourced/article-long-lunch-01.webp,Mornington Peninsula landscape — representative image for Red Hill Brewery,Peninsula Insider,False,2026-04-09,2026-04-09,Prancing Horse Estate | Green Olive at Red Hill,True
red-hill-cheese,live,venue,producer,red-hill,red-hill-plateau,Red Hill Cheese,"81 William Rd, Red Hill VIC 3937",$$,https://peninsulainsider.com.au/explore/producers/red-hill-cheese/,https://redhillcheese.com.au,https://redhillcheese.com.au,none,+61 3 5989 2035,,,"Small-batch cheesemaker with a tasting room  -  hard sheep's milk styles, washed rinds, and a rotating seasonal list",Red Hill Cheese is one of the Peninsula's quietest food landmarks.,"Red Hill Cheese is one of the Peninsula's quietest food landmarks. The tasting room is small and the range is deliberately tight: hard sheep's milk styles, a washed rind or two, a rotating seasonal list of whatever the cheesemaker is currently excited about. The pours are generous enough to understand what is happening on the plate, and the team is happy to talk through milk sourcing, ageing, and…",Build your tasting around the hard sheep's milk cheeses and buy an extra wedge for later.,cellar door | couples | locals,"mood:cellar-door,slow | season:all-year | audience:couples,solo,locals",Small-Batch Peninsula Cheesemaker,/images/sourced/article-hatted-restaurants-01.webp,Mornington Peninsula landscape — representative image for Red Hill Cheese,Peninsula Insider,False,2026-04-09,2026-04-09,Green Olive at Red Hill | Red Hill Bakery,False
red-hill-estate,live,venue,winery,red-hill,red-hill-plateau,Red Hill Estate,"1208 Mornington-Flinders Road, Main Ridge VIC 3928",$$$,https://peninsulainsider.com.au/explore/winerys/red-hill-estate/,https://www.redhillestate.com.au,https://www.redhillestate.com.au,direct,+61 3 5931 0177,,,"One of the Peninsula's most photographed cellar-door views, home to Max's Restaurant and a well-regarded traditional-method sparkling program","Red Hill Estate has one of the most arresting cellar-door positions on the Peninsula — the slope falls away toward Western Port, French Island sits in the middle distance, and on clear days Phillip Island comes into view at the horizon.","Red Hill Estate has one of the most arresting cellar-door positions on the Peninsula - the slope falls away toward Western Port, French Island sits in the middle distance, and on clear days Phillip Island comes into view at the horizon. It is one of those rare Peninsula vineyards where the geography does most of the sales work before you even open a bottle. Max's Restaurant has been pouring long…",Book the window seats at Max's for lunch on a sunny autumn day.,cellar door | long lunch | the view,"mood:cellar-door,long-lunch,view,sunset | season:spring,summer,autumn | audience:couples,families,group,first-timers",Peninsula's Most Photographed Cellar Door View | Traditional-Method Sparkling Specialist,/images/sourced/article-picnic-01.webp,Mornington Peninsula landscape — representative image for Red Hill Estate,Peninsula Insider,False,2026-04-09,2026-04-09,Max's at Red Hill Estate | Red Hill Cheese,False
red-hill-market,staging,venue,market,red-hill,red-hill-plateau,Red Hill Market,"Red Hill Recreation Reserve, 172 Arthurs Seat Rd, Red Hill VIC 3937",$,https://peninsulainsider.com.au/explore/markets/red-hill-market/,https://www.redhillmarket.com.au,https://www.redhillmarket.com.au,none,,,,"Victoria's finest artisan craft market, held the first Saturday of each month  -  more than 200 stalls of craft, produce, plants and peninsular makers",Red Hill Market is the single monthly event that pulls the whole Peninsula together.,"Red Hill Market is the single monthly event that pulls the whole Peninsula together. Held on the first Saturday of each month from September through May, the market spreads across the Red Hill Recreation Reserve with more than 200 stalls of handmade craft, gourmet produce, plants, artisan food, and the kind of small-run peninsular makers who do not have retail shops anywhere else. The market is…","Get there in the first hour, do one full lap, then buy on the second.",family outing | garden afternoons | families,"mood:family,big-group,slow,garden | season:spring,summer,autumn | audience:families,group,couples,first-timers",Victoria's Largest Artisan Craft Market,/images/sourced/article-flinders-weekend-01.webp,Mornington Peninsula landscape — representative image for Red Hill Market,Peninsula Insider,False,2026-04-09,2026-04-09,Red Hill Bakery | Red Hill Truffles,True
red-hill-truffles,staging,venue,producer,red-hill,red-hill-plateau,Red Hill Truffles,"42 Prossors Lane, Red Hill VIC 3937",$$$,https://peninsulainsider.com.au/explore/producers/red-hill-truffles/,https://redhilltruffles.com.au,https://redhilltruffles.com.au/book,direct,,,,"Peninsula truffière running seasonal truffle hunts with trained dogs  -  a morning in the field, a cellar-door tasting, and fresh truffles for sale when in season",Red Hill Truffles is a working truffière on the ridge that opens for seasonal truffle hunts from late autumn through winter.,"Red Hill Truffles is a working truffière on the ridge that opens for seasonal truffle hunts from late autumn through winter. The format is the one every winter food-obsessive on the Peninsula eventually books: a morning in the field with the trained dogs, watching them work each row and nose out the black truffle hidden under the inoculated oaks, followed by a small tasting back at the shed where…",Book the winter truffle experience rather than just buying product at the counter.,wet-weather plan | couples | group lunches,"mood:slow,walk | season:autumn,winter | audience:couples,group",Working Peninsula Truffière,/images/sourced/place-moorooduc-01.webp,Mornington Peninsula landscape — representative image for Red Hill Truffles,Peninsula Insider,False,2026-04-09,2026-04-09,Green Olive at Red Hill | Red Hill Bakery,True
rocker,staging,venue,cafe,mornington,bayside,Rocker,"142 Main St, Mornington VIC 3931",$$,https://peninsulainsider.com.au/explore/cafes/rocker/,https://rockercoffee.com.au,https://rockercoffee.com.au,direct,,,,"One of Mornington's consistently busy brunch rooms  -  inventive eggs, a pastry cabinet worth the queue, and a small roastery's worth of specialty coffee",Rocker is one of those Mornington cafés that quietly became a weekend institution without ever quite trying.,"Rocker is one of those Mornington cafés that quietly became a weekend institution without ever quite trying. The menu does the modern brunch moves well - interesting eggs, a grain bowl that is not punishment, a signature breakfast sandwich - and the pastry cabinet is routinely better than anywhere else on the strip. The coffee program runs through a small roastery's worth of single-origin beans…",Use it as your Saturday-morning stop in Mornington before the day gets going.,wet-weather plan | brunch | couples,"mood:slow,quick-bite | season:all-year | audience:couples,solo,families,locals",,/images/sourced/explore-farnsworth-track-01.webp,Mornington Peninsula landscape — representative image for Rocker,Peninsula Insider,False,2026-04-09,2026-04-09,Garagiste | Sourdough Kitchen,True
rye-hotel,staging,venue,pub,rye,back-beaches,Rye Hotel,"2415 Point Nepean Rd, Rye VIC 3941",$$,https://peninsulainsider.com.au/explore/pubs/rye-hotel/,https://ryehotel.com.au,https://ryehotel.com.au,direct,+61 3 5985 2277,,,"An enormous foreshore pub a short walk from Rye's front beach  -  family-friendly, deck-oriented, and the right answer on a warm afternoon","The Rye Hotel is enormous in the best possible sense — a sprawling foreshore pub that absorbs families, locals, and long weekend crowds without anybody noticing the place has filled up.","The Rye Hotel is enormous in the best possible sense - a sprawling foreshore pub that absorbs families, locals, and long weekend crowds without anybody noticing the place has filled up. The main deck catches the afternoon sun, the kids' menu is honest, and the kitchen does the straightforward things well enough that nobody complains. The beer garden fills on a hot Sunday; the bar absorbs the…","Good for the broad, low-key kind of Peninsula afternoon that has nothing to prove.",family outing | families | group lunches,"mood:family,big-group,waterfront | season:spring,summer,autumn | audience:families,group,locals",,/images/sourced/explore-rye-ocean-beach-01.webp,Mornington Peninsula landscape — representative image for Rye Hotel,Peninsula Insider,False,2026-04-09,2026-04-09,St Andrews Beach Brewery | Ocean Eight Vineyard,True
sanctuary-at-alba,live,venue,villa,cape-schanck,back-beaches,The Sanctuary at Alba,Fingal VIC 3939,$$$$,https://peninsulainsider.com.au/explore/villas/sanctuary-at-alba/,https://albathermalsprings.com.au/accommodation,https://albathermalsprings.com.au/accommodation,direct,,,,Five standalone villas on the Alba Thermal Springs estate — the Peninsula's first overnight stay with all-day thermal access built in,"The Peninsula's first thermal-anchored villa stay — sleep on the estate, walk to the springs at 5am.","The Sanctuary at Alba solves the problem that Peninsula Hot Springs never quite did: until June 2025, staying near the hot springs still meant leaving the springs to sleep. The Sanctuary puts five standalone villas and two premium studios on the same 15-hectare coastal dune estate as Alba Thermal Springs, so the thermal bathing is not a day-trip you bolt onto the stay — it is what the stay is…",Book a villa rather than a studio — the standalone structure earns its premium over the studio format.,anniversary weekends | wellness | couples,"mood:wellness,anniversary,romance,slow | season:all-year | audience:couples",,/images/sourced/spa-alba-thermal-springs-01.webp,Mornington Peninsula — representative image for The Sanctuary at Alba pending venue media,Alba Thermal Springs,False,2026-05-07,2026-05-08,Alba Thermal Springs | Ten Minutes by Tractor,False
scorpo-wines,staging,venue,winery,merricks,red-hill-plateau,Scorpo Wines,"23 Old Bittern-Dromana Rd, Merricks North VIC 3926",$$$,https://peninsulainsider.com.au/explore/winerys/scorpo-wines/,https://www.scorpowines.com.au,https://www.scorpowines.com.au,direct,+61 3 5989 7697,,,Paul Scorpo's tightly focused family estate making some of the Peninsula's most acclaimed Pinot Gris alongside elegant Chardonnay and Pinot Noir,"Scorpo is a landscape architect's vineyard, and it shows.","Scorpo is a landscape architect's vineyard, and it shows. Paul Scorpo planted the estate in 1997 on a gently sloping block between Merricks and Dromana, designed the layout himself, and has spent the years since building one of the most tightly focused family wine operations on the Peninsula. The range is small - Pinot Gris, Chardonnay, Pinot Noir, Rosé - and each of those bottles is taken…",Book a tasting and stay long enough for a proper glass afterwards.,families | cellar door | couples,"mood:cellar-door,slow,solo | season:all-year | audience:couples,solo",James Halliday 5-Red-Star Winery | Halliday Top 100,/images/sourced/article-flinders-weekend-01.webp,Mornington Peninsula landscape — representative image for Scorpo Wines,Peninsula Insider,False,2026-04-09,2026-04-09,Rare Hare at Willow Creek | Merricks Estate,True
small-stone-pantry,staging,venue,cafe,dromana,bayside,Small Stone Pantry,"180 Point Nepean Rd, Dromana VIC 3936",$$,https://peninsulainsider.com.au/explore/cafes/small-stone-pantry/,https://smallstonepantry.com.au,https://smallstonepantry.com.au,direct,,,,"A wholefood-leaning pantry and café on the Point Nepean Road  -  grain bowls, good eggs, and a tiny retail shelf of Peninsula producers",Small Stone Pantry is the one Dromana café that feels properly considered.,"Small Stone Pantry is the one Dromana café that feels properly considered. The food leans wholefood without being preachy - grain bowls that actually taste of something, eggs done with a real herb garnish, house-made granola, pastries from a hinterland bakery - and the little retail shelf at the front doubles as a curated pantry of Peninsula producers: olive oils, honey, vinegars, salts, a few…",Useful on a drive from Melbourne when you want to buy your weekend's supplies in one stop.,wet-weather plan | couples | locals,"mood:slow,quick-bite | season:all-year | audience:couples,solo,locals",,/images/sourced/article-kids-peninsula-01.webp,Mornington Peninsula landscape — representative image for Small Stone Pantry,Peninsula Insider,False,2026-04-09,2026-04-09,Pier Street Fresh Seafood | Phaedrus Estate,True
somers-general,staging,venue,cafe,balnarring,red-hill-plateau,Somers General,"1049 Frankston-Flinders Rd, Somers VIC 3927",$$,https://peninsulainsider.com.au/explore/cafes/somers-general/,https://somersgeneral.com.au,https://somersgeneral.com.au,direct,+61 3 5983 0500,,,"A tiny, perfectly curated general store and café in sleepy Somers  -  sourdough, pastries, cheese, pantry goods, Peninsula wines, and a weekend brunch menu",Somers General is the Peninsula's best kept secret in retail form.,"Somers General is the Peninsula's best kept secret in retail form. The room is small, the shelves are tightly curated - Peninsula pantry goods, a cheese counter, a wine shelf that leans local, pastries and sourdough that would hold their own on Mornington's Main Street - and the weekend brunch menu is one of the quiet highlights of the Balnarring side of the Peninsula. What makes the place…",Drive out on a Sunday morning.,brunch | garden afternoons | couples,"mood:slow,garden | season:all-year | audience:couples,families,locals",,/images/sourced/place-balnarring-01.webp,Mornington Peninsula landscape — representative image for Somers General,Peninsula Insider,False,2026-04-09,2026-04-09,Balnarring Bakehouse | Balnarring Market,True
sorrento-bakery,staging,venue,bakery,sorrento,bayside,Sorrento Bakery,"111 Ocean Beach Rd, Sorrento VIC 3943",$,https://peninsulainsider.com.au/explore/bakerys/sorrento-bakery/,,,none,+61 3 5984 2070,,,"An Ocean Beach Road institution that has fed generations of beachgoers  -  pies, pasties, custard scrolls and a proper sourdough loaf",Sorrento Bakery has been in the same spot on Ocean Beach Road long enough that nobody in the village remembers the town without it.,"Sorrento Bakery has been in the same spot on Ocean Beach Road long enough that nobody in the village remembers the town without it. The queue on a summer morning is part of the ritual: pies and pasties moving quickly at the counter, custard scrolls and vanilla slices in the cabinet, a pile of paper bags heading out the door toward the front beach. The bread is solid, the pies are honest, and the…",Use it as your Sorrento breakfast stop or your pre-beach lunch pickup.,family outing | families | couples,"mood:quick-bite,family | season:all-year | audience:families,couples,locals",,/images/sourced/article-sorrento-weekend-01.webp,Mornington Peninsula landscape — representative image for Sorrento Bakery,Peninsula Insider,False,2026-04-09,2026-04-09,Sorrento Gelato | The Sorrento Hotel,True
sorrento-coastal-retreat,live,venue,villa,sorrento,bayside,Sorrento Coastal Retreat,"Kerford Ave, Sorrento VIC 3943",$$$,https://peninsulainsider.com.au/explore/villas/sorrento-coastal-retreat/,https://sorrentocoastalretreat.com.au,https://sorrentocoastalretreat.com.au/book,stayz,,,,A clifftop holiday house between the front and back beaches  -  the quietly perfect Sorrento weekend for couples who want space and a car nearby,"Sorrento is short on honestly-priced boutique accommodation that sits between the tourist hotels and the million-dollar holiday houses, and small retreat-style rentals like this one fill that gap.","Sorrento is short on honestly-priced boutique accommodation that sits between the tourist hotels and the million-dollar holiday houses, and small retreat-style rentals like this one fill that gap. A self-contained clifftop house or pavilion, a five-minute drive to either the front beach or the back beach, enough kitchen to make breakfast, and enough privacy that you do not feel like you are…",Stay the second night so the spa or bathhouse is not crammed into check-in day.,anniversary weekends | couples | group stays,"mood:romance,slow,anniversary,walk | season:all-year | audience:couples",,/images/sourced/explore-sorrento-ocean-baths-01.webp,Mornington Peninsula landscape — representative image for Sorrento Coastal Retreat,Peninsula Insider,False,2026-04-09,2026-04-09,The Baths Sorrento | Sorrento Gelato,False
sorrento-gelato,live,venue,cafe,sorrento,bayside,Sorrento Gelato,"149 Ocean Beach Rd, Sorrento VIC 3943",$,https://peninsulainsider.com.au/explore/cafes/sorrento-gelato/,,,,,,,"The Ocean Beach Road gelato window  -  classic Italian flavours, a rotating seasonal list, and a compulsory stop on any summer evening stroll",Sorrento Gelato is the window on Ocean Beach Road that everybody in Sorrento joins the queue for at least once per visit.,"Sorrento Gelato is the window on Ocean Beach Road that everybody in Sorrento joins the queue for at least once per visit. The flavours are classic Italian done properly - pistachio, stracciatella, hazelnut, seasonal fruit rotations - and the queue moves fast. There is nothing more to say. It is excellent gelato in exactly the right location on the Peninsula's most cheerful main street. Go after…",Go after dinner.,family outing | families | couples,"mood:family,quick-bite,walk | season:spring,summer,autumn | audience:families,couples,first-timers",,/images/sourced/place-sorrento-01.webp,Mornington Peninsula landscape — representative image for Sorrento Gelato,Peninsula Insider,False,2026-04-09,2026-04-09,Sorrento Bakery | Bistro Elba,False
sorrento-hotel,staging,venue,pub,sorrento,bayside,The Sorrento Hotel,"5-15 Hotham Rd, Sorrento VIC 3943",$$,https://peninsulainsider.com.au/explore/pubs/sorrento-hotel/,https://thesorrento.com.au,https://thesorrento.com.au,direct,+61 3 5984 8000,,,"The centre-of-the-village trading post on Ocean Beach Road  -  reliable parmas, a big dining room, and the default Sorrento pub","The Sorrento Hotel is the proper village pub of Ocean Beach Road — big, unfussy, full of people, and unapologetic about doing the pub basics well.","The Sorrento Hotel is the proper village pub of Ocean Beach Road - big, unfussy, full of people, and unapologetic about doing the pub basics well. The bistro menu is the familiar Peninsula country-pub list: a good parma, a reliable steak, a fish and chips that uses real flake, a burger that does the job. The dining room is big enough to absorb the summer crush without losing its local feel, and…",Book or arrive early for lunch and keep the order classic.,family outing | families | group lunches,"mood:family,big-group,quick-bite | season:all-year | audience:families,group,locals",,/images/sourced/explore-portsea-front-beach-01.webp,Mornington Peninsula landscape — representative image for The Sorrento Hotel,Peninsula Insider,False,2026-04-09,2026-04-09,Sorrento Gelato | Bistro Elba,True
sourdough-kitchen,live,venue,bakery,mornington,bayside,Sourdough Kitchen,"231 Main St, Mornington VIC 3931",$$,https://peninsulainsider.com.au/explore/bakerys/sourdough-kitchen/,,,none,+61 3 5975 7600,,,"A small-batch sourdough baker at the top of Mornington's Main Street  -  long-fermented loaves, a tight pastry line, and the best bread in town",Sourdough Kitchen is the Mornington baker that wine-room people quietly recommend when someone asks where the best bread in town is.,"Sourdough Kitchen is the Mornington baker that wine-room people quietly recommend when someone asks where the best bread in town is. The loaves are long-fermented, the crust is proper, and the tight line of pastries in the cabinet - croissants, morning buns, a Danish or two - is pitched at people who actually care about the detail. The coffee is good. The room is small. The locals are loyal. This…",Go early on weekends — the morning bun routinely sells out before 11.,couples | locals | pastry run,"mood:slow,quick-bite | season:all-year | audience:couples,solo,locals",,/images/sourced/place-mornington-01.webp,Mornington Peninsula landscape — representative image for Sourdough Kitchen,Peninsula Insider,False,2026-04-09,2026-04-09,Mornington Farmers' Market | Commonfolk Coffee,False
spa-by-jackalope,staging,venue,spa,merricks,red-hill-plateau,Spa by Jackalope,"166 Balnarring Rd, Merricks North VIC 3926",$$$$,https://peninsulainsider.com.au/explore/spas/spa-by-jackalope/,https://jackalopehotels.com/mornington-peninsula/wellness/spa,https://jackalopehotels.com/mornington-peninsula/wellness/spa,direct,+61 3 5931 2500,,,"The Peninsula's most design-led boutique spa — small, precise, and the natural pairing with a Jackalope stay or a Doot Doot Doot dinner",Spa by Jackalope is not trying to compete on scale.,"Spa by Jackalope is not trying to compete on scale. It is a tight, design-forward boutique spa inside the Jackalope Hotel vineyard, built to serve hotel guests and day visitors with treatments that match the broader Jackalope editorial: considered, unhurried, and quietly uncompromising. The treatment rooms are dark, sculptural, and use Subtle Energies' Australian-made botanical range. The…",Book the earliest session you can manage and do the full circuit without rushing it.,wellness day | anniversary weekends | cellar door,"mood:wellness,anniversary,romance,slow,cellar-door | season:all-year | audience:couples",,/images/sourced/place-merricks-01.webp,"Dark design-led boutique spa treatment room evocative of Spa by Jackalope, Merricks North, Mornington Peninsula",Peninsula Insider,False,2026-04-14,2026-04-14,Point Leo Wine Terrace | Pt. Leo Estate,True
st-andrews-beach-brewery,staging,venue,brewery,rye,back-beaches,St Andrews Beach Brewery,"160 Sandy Rd, Fingal VIC 3939",$$,https://peninsulainsider.com.au/explore/brewerys/st-andrews-beach-brewery/,https://www.standrewsbeachbrewery.com.au,https://www.standrewsbeachbrewery.com.au,direct,+61 3 5988 6854,,,"Former horse-training stables turned sprawling brewery  -  wood-fired pizzas, Sunday roasts, acres of lawn, and the Peninsula's best brewery-day-out address","St Andrews Beach Brewery occupies the former stables of a racehorse training property, and the scale of the place is part of the experience.","St Andrews Beach Brewery occupies the former stables of a racehorse training property, and the scale of the place is part of the experience. Acres of lawn roll out to the former exercise track; the brew house sits in the middle of the site; the kitchen runs wood-fired pizzas, loaded burgers, and a rotating roast on Sundays out of an open pass. Kids run between the tables, dogs run between the…",Book for Sunday lunch in summer.,wet-weather plan | family outing | garden afternoons,"mood:big-group,family,garden,long-lunch | season:spring,summer,autumn | audience:families,group,first-timers",Peninsula's Signature Brewery Day-Out,/images/sourced/explore-cape-schanck-boardwalk-01.webp,Mornington Peninsula landscape — representative image for St Andrews Beach Brewery,Peninsula Insider,False,2026-04-09,2026-04-09,Rye Hotel | Pho Rosebud,True
stillwater-crittenden,staging,venue,restaurant,dromana,bayside,Stillwater at Crittenden,"25 Harrisons Rd, Dromana VIC 3936",$$,https://peninsulainsider.com.au/explore/restaurants/stillwater-crittenden/,https://www.crittendenwines.com.au,https://www.crittendenwines.com.au/dine,direct,+61 3 5981 9555,,,Lakeside dining under a pergola at one of the Peninsula's founding wineries,"Crittenden was there before most of the cellar doors that now define the Peninsula, and Stillwater is its quietly excellent dining room — set beside a still lake under a pergola strung with vines.","Crittenden was there before most of the cellar doors that now define the Peninsula, and Stillwater is its quietly excellent dining room - set beside a still lake under a pergola strung with vines. The room's best trick is that it feels entirely unhurried. The menu is produce-forward without the preachy apparatus, and the wine list is a generous walk through the estate's own catalogue with smart…",Book the earlier sitting and let the kitchen feed you at its own pace.,long lunch | garden afternoons | the view,"mood:long-lunch,garden,view | season:spring,summer,autumn,all-year | audience:couples,families",Good Food Guide 2024,/images/sourced/category-winery-03.webp,"Lakeside Peninsula winery, editorial placeholder for Stillwater at Crittenden pending venue media",Peninsula Insider,False,2026-04-01,2026-04-01,Crittenden Estate | Pier Street Fresh Seafood,True
stonier-wines,live,venue,winery,merricks,red-hill-plateau,Stonier Wines,"2 Thompsons Lane, Merricks VIC 3916",$$,https://peninsulainsider.com.au/explore/winerys/stonier-wines/,https://www.stonier.com.au,https://www.stonier.com.au/visit,direct,+61 3 5989 8300,,,"One of the Peninsula's founding estates, planted in 1978 — grown-up, unflashy, with some of the oldest Chardonnay vines in the region",Stonier was planted in 1978 by Brian and Noel Stonier and remains one of the Peninsula's quietly essential producers.,"Stonier was planted in 1978 by Brian and Noel Stonier and remains one of the Peninsula's quietly essential producers. Some of the oldest Chardonnay and Pinot Noir vines on the Peninsula are on this property, and the wines they make - particularly the Reserve Chardonnay and the KBS Vineyard Pinot Noir - are textbook cool-climate Peninsula: precise, saline, structured, built to age. The cellar door…",Ask for the Reserve flight.,cellar door | couples | wine people,"mood:cellar-door,slow | season:all-year | audience:couples,solo",Planted 1978 — Founding Peninsula Estate | James Halliday 5-Red-Star,/images/sourced/place-rosebud-01.webp,Mornington Peninsula landscape — representative image for Stonier Wines,Peninsula Insider,False,2026-04-09,2026-04-09,Merricks General Wine Store | Kerri Greens,False
store-ten,staging,venue,cafe,mornington,bayside,Store Ten,"10 Main St, Mornington VIC 3931",$$,https://peninsulainsider.com.au/explore/cafes/store-ten/,https://storeten.com.au,https://storeten.com.au,direct,,,,"Polished all-day café on Mornington's main street  -  serious eggs, a proper pastry cabinet and the right venue for a long weekend breakfast",Store Ten is Mornington's grown-up brunch room.,"Store Ten is Mornington's grown-up brunch room. The space is polished without feeling corporate - concrete floor, timber counter, a cabinet that actually holds good things - and the menu runs an all-day rotation that manages to be both reliable and quietly more thoughtful than the usual café list. Eggs done seriously, sourdough from a Peninsula bakery, a pastry cabinet worth lingering over with a…",Order the coffee first and add food only if you feel like lingering.,brunch | couples | locals,"mood:slow | season:all-year | audience:couples,solo,locals",,/images/sourced/article-orientation-drive-01.webp,Mornington Peninsula landscape — representative image for Store Ten,Peninsula Insider,False,2026-04-09,2026-04-09,Garagiste | Sourdough Kitchen,True
stringers-mornington,staging,venue,cafe,mornington,bayside,Stringer's of Mornington,"77 Main St, Mornington VIC 3931",$$,https://peninsulainsider.com.au/explore/cafes/stringers-mornington/,https://stringers.net.au,https://stringers.net.au,direct,+61 3 5975 3944,,,"A Main Street institution  -  part grocer, part bakery, part wine shop, part tea rooms  -  and the first stop on any serious Mornington provisions run",Stringer's is the institution at the heart of Mornington's Main Street and the first place you go when you need to stock a weekend on the Peninsula in one stop.,"Stringer's is the institution at the heart of Mornington's Main Street and the first place you go when you need to stock a weekend on the Peninsula in one stop. It is genuinely unclassifiable: part grocer, part artisan bakery, part wine shop, part tea room, all of it under one roof and all of it done well enough that locals have been using the place as their weekend base for decades. The pastry…",Get there early enough to beat the queue and take the best table.,wet-weather plan | couples | families,"mood:slow,rainy-day | season:all-year | audience:couples,families,solo,locals",,/images/sourced/explore-point-nepean-fort-01.webp,Mornington Peninsula landscape — representative image for Stringer's of Mornington,Peninsula Insider,False,2026-04-09,2026-04-09,Garagiste | Sourdough Kitchen,True
stumpy-gully-vineyard,staging,venue,winery,moorooduc,hinterland,Stumpy Gully Vineyard,"1247 Stumpy Gully Rd, Moorooduc VIC 3933",$$,https://peninsulainsider.com.au/explore/winerys/stumpy-gully-vineyard/,https://stumpygully.com.au,https://stumpygully.com.au,direct,+61 3 5978 8429,,,"A family-run estate with one of the Peninsula's broadest varietal ranges  -  Sangiovese, Marzemino and Picolit alongside classic cool-climate whites",Stumpy Gully is the antidote to a day spent tasting the Peninsula's usual Chardonnay-and-Pinot line-up.,"Stumpy Gully is the antidote to a day spent tasting the Peninsula's usual Chardonnay-and-Pinot line-up. The Zuber family has been planting unusual varieties here for years - Sangiovese, Marzemino, Picolit, and a handful of others that barely exist anywhere else in Victoria - and the cellar-door flight leans directly into that experiment. The estate is unpretentious, family-run, and genuinely…",Book a tasting and stay long enough for a proper glass afterwards.,families | cellar door | couples,"mood:cellar-door,slow | season:all-year | audience:couples,solo",Unusual Varietal Focus for the Peninsula,/images/sourced/place-rye-01.webp,Mornington Peninsula landscape — representative image for Stumpy Gully Vineyard,Peninsula Insider,False,2026-04-09,2026-04-09,Barmah Park Farm Kitchen | Barmah Park Vineyard,True
sunny-ridge-strawberry-farm,staging,venue,producer,main-ridge,red-hill-plateau,Sunny Ridge Strawberry Farm,"244 Shands Rd, Main Ridge VIC 3928",$$,https://peninsulainsider.com.au/explore/producers/sunny-ridge-strawberry-farm/,https://www.sunnyridge.com.au,https://www.sunnyridge.com.au,none,+61 3 5989 4500,,,"The Peninsula's original pick-your-own strawberry farm  -  seasonal berry picking, strawberry ice cream, and the best family stop in the hinterland",Sunny Ridge is the Peninsula's original pick-your-own strawberry farm and has been the default family day-out on the ridge for decades.,"Sunny Ridge is the Peninsula's original pick-your-own strawberry farm and has been the default family day-out on the ridge for decades. The season runs roughly November through April, and the routine is the same every year: pick your own strawberries in the field, weigh them in at the counter, and reward the work with a strawberry ice cream or sundae from the farm café. There is no pretending…",Go in the morning on a sunny day.,family outing | garden afternoons | families,"mood:family,garden | season:spring,summer,autumn | audience:families,first-timers",Peninsula's Original Pick-Your-Own Berry Farm,/images/sourced/category-producer-01.webp,"Peninsula producer imagery evocative of Sunny Ridge Strawberry Farm, Mornington Peninsula",Unsplash,False,2026-04-09,2026-04-09,Allis Wine Bar | Johnny Ripe,True
t-gallant,live,venue,winery,main-ridge,red-hill-plateau,T'Gallant,"1385 Mornington-Flinders Rd, Main Ridge VIC 3928",$$,https://peninsulainsider.com.au/explore/winerys/t-gallant/,https://tgallantvineyard.com.au,https://tgallantvineyard.com.au,direct,+61 3 5989 6565,,,"The Peninsula's Pinot Grigio pioneer — a sprawling, family-friendly winery with a wood-fired Italian trattoria (La Baracca) at its heart",T'Gallant essentially invented Australian Pinot Grigio as a commercial category — Kathleen Quealy and Kevin McCarthy planted the first vines in the late 1980s and spent years convincing everyone else that Italian varieties belonged on the Peninsula.,T'Gallant essentially invented Australian Pinot Grigio as a commercial category - Kathleen Quealy and Kevin McCarthy planted the first vines in the late 1980s and spent years convincing everyone else that Italian varieties belonged on the Peninsula. They went on to found Quealy; T'Gallant continued under the Treasury Wine Estates umbrella and is now the most reliably family-friendly cellar door…,"Come for Sunday lunch, order the Prosecco and the margherita, and don't try to make it more than it is.",cellar door | long lunch | garden afternoons,"mood:cellar-door,long-lunch,garden,big-group | season:spring,summer,autumn | audience:families,group,first-timers",Pinot Grigio Pioneer in Australia,/images/sourced/article-italian-dinners-01.webp,Mornington Peninsula landscape — representative image for T'Gallant,Peninsula Insider,False,2026-04-09,2026-04-09,La Baracca at T'Gallant | Johnny Ripe,False
tedesca-osteria,staging,venue,restaurant,red-hill,red-hill-plateau,Tedesca Osteria,"96 Junction Rd, Red Hill VIC 3937",$$$,https://peninsulainsider.com.au/explore/restaurants/tedesca-osteria/,https://www.tedescaosteria.com.au,https://www.tedescaosteria.com.au/reservations,direct,+61 3 5931 0701,,,Brigitte Hafner's single-set-menu osteria inside a restored Red Hill farmhouse with the wood oven running all service,"Tedesca is Brigitte Hafner's long-imagined farmhouse osteria and it has arrived fully formed — a single set menu, one sitting for lunch and one for dinner, the wood oven doing most of the talking, and a dining room that feels like it has been there for decades rather than months.","Tedesca is Brigitte Hafner's long-imagined farmhouse osteria and it has arrived fully formed - a single set menu, one sitting for lunch and one for dinner, the wood oven doing most of the talking, and a dining room that feels like it has been there for decades rather than months. Everyone eats the same thing. You'll love what they send out. The cooking is rustic-Italian in spirit but nowhere near…",Book a month out.,long lunch | couples | group lunches,"mood:long-lunch,fireplace,slow | season:autumn,winter,spring | audience:couples,group",Good Food Guide 2024 | Chef of the Year Shortlist,/images/sourced/venue-tedesca-osteria-01.webp,Tedesca Osteria — Italian country dining room in the Red Hill vineyard landscape,Peninsula Insider,False,2026-04-01,2026-04-01,Port Phillip Estate | Red Hill Brewery,True
ten-minutes-by-tractor,live,venue,winery,main-ridge,red-hill-plateau,Ten Minutes by Tractor,"1333 Mornington-Flinders Rd, Main Ridge VIC 3928",$$$$,https://peninsulainsider.com.au/explore/winerys/ten-minutes-by-tractor/,https://www.tenminutesbytractor.com.au,https://www.tenminutesbytractor.com.au/reservations,direct,+61 3 5989 6455,,,Estate-grown pinot noir alongside a seasonal degustation rooted in the Ridge vineyard,Three hats and the most considered wine program on the Peninsula — Ten Minutes by Tractor earns every accolade with a degustation that feels genuinely rooted in place.,Three hats and the most considered wine program on the Peninsula - Ten Minutes by Tractor earns every accolade with a degustation that feels genuinely rooted in place. The Ridge vineyard slopes outside the window aren't decoration; they're the story. Book the long lunch: you'll want the afternoon. The cooking is technically precise without being cold. The team understands restraint - flavours are…,Book at least six weeks ahead for weekends.,wet-weather plan | long lunch | anniversary weekends,"mood:long-lunch,anniversary,cellar-door | season:spring,summer,autumn | audience:couples,group",Good Food Guide Restaurant of the Year 2023 | Wine List of the Year,/images/sourced/venue-ten-minutes-by-tractor-01.jpg,Entrance walkway and restaurant exterior at Ten Minutes by Tractor in Main Ridge on the Mornington Peninsula,Provided image,False,2026-04-01,2026-04-01,T'Gallant | La Baracca at T'Gallant,False
thai-orchid-mornington,staging,venue,restaurant,mornington,bayside,Thai Orchid,"191 Main St, Mornington VIC 3931",$$,https://peninsulainsider.com.au/explore/restaurants/thai-orchid-mornington/,,,direct,+61 3 5975 8299,,,The Peninsula's default Thai  -  a long-running Main Street room with properly aromatic curries and honest weeknight pricing,Thai Orchid is the Peninsula's default Thai and has been for years.,"Thai Orchid is the Peninsula's default Thai and has been for years. The dining room is unpretentious, the menu is the proper full Thai list - green and red curries, a massaman that actually tastes of cardamom and cinnamon, pad thai that is not drowned in sugar, a whole fish with chilli and tamarind when the kitchen feels like it - and the weeknight prices make it the easy answer when you want…",Order the massaman.,family outing | families | group lunches,"mood:family,quick-bite | season:all-year | audience:families,group,locals",,/images/sourced/category-restaurant-03.webp,Mornington Peninsula landscape — representative image for Thai Orchid,Peninsula Insider,False,2026-04-09,2026-04-09,Garagiste | Mornington Farmers' Market,True
the-baths-sorrento,staging,venue,restaurant,sorrento,bayside,The Baths Sorrento,"3278 Point Nepean Rd, Sorrento VIC 3943",$$$,https://peninsulainsider.com.au/explore/restaurants/the-baths-sorrento/,https://thebaths.com.au,https://thebaths.com.au/reservations,direct,+61 3 5984 1500,,,"Sorrento's most iconic waterfront dining room  -  perched on the sand with Port Phillip Bay at your feet, and a seafood-first menu","The Baths sits directly on the sand at Sorrento — the kind of position that, anywhere else in the world, would be roped off for a hotel group.","The Baths sits directly on the sand at Sorrento - the kind of position that, anywhere else in the world, would be roped off for a hotel group. Here it is an open-air seafood dining room with Port Phillip Bay at your feet, and on a clear summer evening it is one of the most photographed meals on the Peninsula for a reason. The menu leans into local fish and oysters done with restraint, a serious…",Book for sunset.,wet-weather plan | anniversary weekends | sunset drinks,"mood:waterfront,anniversary,sunset,first-date | season:spring,summer,autumn | audience:couples,group,families",,/images/sourced/explore-sorrento-ferry-01.webp,Mornington Peninsula landscape — representative image for The Baths Sorrento,Peninsula Insider,False,2026-04-09,2026-04-09,Sorrento Gelato | Bistro Elba,True
the-bay-hotel-mornington,staging,venue,pub,mornington,bayside,The Bay Hotel Mornington,"40 Main St, Mornington VIC 3931",$$$,https://peninsulainsider.com.au/explore/pubs/the-bay-hotel-mornington/,https://thebayhotelmornington.com.au,https://thebayhotelmornington.com.au/bookings,direct,+61 3 5975 7199,,,"A vibrant gastropub in a heritage-listed former bank  -  a main bar, an upstairs bandroom, and private dinners in the building's old vault","The Bay Hotel occupies a heritage-listed former bank building on Mornington's main street, and the architecture alone is worth the visit.","The Bay Hotel occupies a heritage-listed former bank building on Mornington's main street, and the architecture alone is worth the visit. The ground-floor bar sits under the original tin ceiling and arched windows, the upstairs bandroom runs live music most weekends, and the building's old vault has been converted into the Peninsula's most characterful private dining space - bookable for small…",Book the vault for birthdays.,group lunches | couples | locals,"mood:big-group,fireplace,first-date | season:all-year | audience:group,couples,locals",,/images/sourced/explore-mount-martha-beach-01.webp,Mornington Peninsula landscape — representative image for The Bay Hotel Mornington,Peninsula Insider,False,2026-04-09,2026-04-09,Garagiste | Store Ten,True
the-continental-sorrento,staging,venue,hotel,sorrento,tip,The Continental,"1-19 Ocean Beach Rd, Sorrento VIC 3943",$$$$,https://peninsulainsider.com.au/explore/hotels/the-continental-sorrento/,https://continentalsorrento.com.au,https://continentalsorrento.com.au/stay,direct,+61 3 5935 1200,,,"The Peninsula's headline restoration  -  a 150-year-old limestone hotel rebuilt as a rooms, bathhouse, restaurant and rooftop complex","For decades The Continental was the sentimental heart of Sorrento and then, increasingly, a sad one.","For decades The Continental was the sentimental heart of Sorrento and then, increasingly, a sad one. Its reopening after a multi-year restoration is the biggest hospitality event the Peninsula has seen in a generation, and the result is a complete rethink of what a Sorrento stay can mean - 108 rooms, a bathhouse in the basement, two restaurants, a rooftop bar, and a main-street frontage that…",Book the Superior Ocean rooms.,sunset drinks | weekend stays | anniversary weekends,"mood:weekend-escape,anniversary,view,rooftop | season:spring,summer,autumn,all-year | audience:couples,first-timers",,/images/sourced/venue-continental-sorrento-01.webp,"The Continental Hotel, Sorrento — landmark heritage façade on the Mornington Peninsula",Blstch / Wikimedia Commons (Public Domain),False,2026-04-01,2026-04-01,The Baths Sorrento,True
the-orchard-red-hill,live,venue,cottage,red-hill,red-hill-plateau,The Orchard Luxury Accommodation,Red Hill South VIC 3937,$$,https://peninsulainsider.com.au/explore/cottages/the-orchard-red-hill/,https://www.the-orchard.com.au,https://www.the-orchard.com.au,direct,,,,"Three self-contained rammed-earth apartments on ten acres in Red Hill South wine country — infrared sauna, in-room spa baths, hosts Helen and Frank Haddy","Rammed-earth, infrared sauna, Red Hill South wine country position — the most architecturally distinct cottage stay in the hinterland set.","Three self-contained apartments on ten acres in Red Hill South wine country — rammed-earth walls, in-room spa baths, infrared sauna, lake and valley views. Hosts Helen and Frank Haddy; Frank's direct mobile is on the website, which is the clearest possible signal about the hosting model: personal attention is the explicit product. Small dogs welcome at a $50 fee. From $275 per night off-peak.…",Confirm breakfast inclusion and dog policy directly — Frank's number is on the website.,cellar-door | wellness | romance,"mood:cellar-door,wellness,romance,view | season:all-year | audience:couples",,/images/sourced/place-red-hill-01.webp,Mornington Peninsula — representative image for The Orchard Red Hill pending venue media,Peninsula Insider,False,2026-05-07,2026-05-08,Port Phillip Estate | Ten Minutes by Tractor,False
the-rocks-mornington,staging,venue,restaurant,mornington,bayside,The Rocks Mornington,"1 Schnapper Point Dr, Mornington VIC 3931",$$$,https://peninsulainsider.com.au/explore/restaurants/the-rocks-mornington/,https://therocksmornington.com.au,https://therocksmornington.com.au/reservations,direct,+61 3 5973 5599,,,Perched at the end of Mornington Pier with near-360° bay views  -  a seafood-heavy menu and one of the most romantic tables in town at sunset,The Rocks sits at the end of Mornington Pier and has one of the best locations on the whole bayside — the dining room reaches close to 360 degrees of bay view and the terrace at sunset is among the most romantic tables in town.,"The Rocks sits at the end of Mornington Pier and has one of the best locations on the whole bayside - the dining room reaches close to 360 degrees of bay view and the terrace at sunset is among the most romantic tables in town. The kitchen leans seafood: oysters, whole fish, pan-seared scallops, a steady list of things that came out of the water that morning or the morning before. The cooking is…",Book the window table for an early-evening reservation in autumn.,anniversary weekends | sunset drinks | couples,"mood:waterfront,anniversary,sunset,first-date | season:all-year | audience:couples,group",,/images/sourced/category-restaurant-03.webp,Mornington Peninsula landscape — representative image for The Rocks Mornington,Peninsula Insider,False,2026-04-09,2026-04-09,Garagiste | Mornington Farmers' Market,True
treetops-red-hill,live,venue,cottage,red-hill,red-hill-plateau,Treetops at Red Hill,"80 McIlroys Rd, Red Hill South VIC 3937",$$,https://peninsulainsider.com.au/explore/cottages/treetops-red-hill/,https://treetopsatredhill.com.au,https://treetopsatredhill.com.au,direct,,,,"Two quiet self-contained cottages opposite a micro-vineyard — local breakfast provisions included, Port Phillip Estate 0.9km away","0.9 kilometres from Port Phillip Estate, local breakfast provisions included — the most wine-country-adjacent value cottage in the Red Hill South cluster.","Two quiet self-contained couples' cottages at 80 McIlroys Rd, Red Hill South, directly opposite a micro-vineyard. Local breakfast provisions in the fridge on arrival, private entry for each cottage. Port Phillip Estate is 0.9 kilometres away. This is the hinterland position without the estate-villa price: the wine country is immediately outside the window and on the road, but the format is…",Pair with Port Phillip Estate for dinner one night — the drive is under two minutes.,cellar-door | romance | slow,"mood:cellar-door,romance,slow,view | season:all-year | audience:couples",,/images/sourced/place-red-hill-01.webp,Mornington Peninsula — representative image for Treetops at Red Hill pending venue media,Peninsula Insider,False,2026-05-07,2026-05-08,Port Phillip Estate | Red Hill Estate,False
trofeo-estate,staging,venue,winery,dromana,bayside,Trofeo Estate,"420 Old Moorooduc Rd, Dromana VIC 3936",$$$,https://peninsulainsider.com.au/explore/winerys/trofeo-estate/,https://trofeoestate.com,https://trofeoestate.com/visit,direct,+61 3 5981 4112,,,"The Peninsula's amphora winery  -  terracotta-aged wines, an Italian-leaning range, and a cellar that is worth the visit on its own",Trofeo Estate is the Peninsula's one and only amphora winery.,"Trofeo Estate is the Peninsula's one and only amphora winery. The team ages a meaningful portion of the estate's production in terracotta pots rather than oak barrels, and the resulting wines - Sangiovese, Fiano, Nebbiolo - have a textural depth and a savoury edge that nothing else in the region produces. The ancient method sits oddly against the Peninsula's cool-climate reputation and that is…",Book the cellar tour.,cellar door | couples | group lunches,"mood:cellar-door,slow | season:all-year | audience:couples,solo,group",Only Peninsula Winery Ageing in Terracotta Amphorae,/images/sourced/place-sorrento-01.webp,Mornington Peninsula landscape — representative image for Trofeo Estate,Peninsula Insider,False,2026-04-09,2026-04-09,Stillwater at Crittenden | Small Stone Pantry,True
tucks-ridge,staging,venue,winery,red-hill,red-hill-plateau,Tuck's Ridge,"37 Red Hill-Shoreham Rd, Red Hill South VIC 3937",$$,https://peninsulainsider.com.au/explore/winerys/tucks-ridge/,https://tucksridge.com.au,https://tucksridge.com.au,direct,+61 3 5989 8660,,,Founding Red Hill estate with one of the quieter great views on the ridge and a renewed focus on single-vineyard Pinot Noir,"Tuck's Ridge is one of the Peninsula's longest-established estates — planted in the mid-1980s, repositioned under a refreshed team over the past few years, and quietly making some of the most interesting single-vineyard Pinot Noir on the ridge.","Tuck's Ridge is one of the Peninsula's longest-established estates - planted in the mid-1980s, repositioned under a refreshed team over the past few years, and quietly making some of the most interesting single-vineyard Pinot Noir on the ridge. The cellar door has been gently modernised without losing the country-estate feel, and the deck view - down across the vines toward Western Port - is the…",Book a tasting and stay long enough for a proper glass afterwards.,cellar door | the view | couples,"mood:cellar-door,view,slow | season:all-year | audience:couples,solo",James Halliday 5-Red-Star Winery,/images/sourced/place-portsea-01.webp,Mornington Peninsula landscape — representative image for Tuck's Ridge,Peninsula Insider,False,2026-04-09,2026-04-09,Port Phillip Estate Restaurant | Red Hill Cheese,True
two-bays-brewing,staging,venue,brewery,dromana,bayside,Two Bays Brewing Co,"2/4 Brasser Ave, Dromana VIC 3936",$$,https://peninsulainsider.com.au/explore/brewerys/two-bays-brewing/,https://twobaysbrewingco.com.au,https://twobaysbrewingco.com.au,direct,+61 3 5981 4205,,,"Australia's first dedicated gluten-free brewery and taproom  -  surprisingly good pale ales and lagers, and a welcome destination for anyone the brewery tour has left out",Two Bays Brewing opened as Australia's first dedicated gluten-free brewery and has spent the years since quietly proving that the category does not have to taste like a compromise.,"Two Bays Brewing opened as Australia's first dedicated gluten-free brewery and has spent the years since quietly proving that the category does not have to taste like a compromise. The pale ale, lager, and session IPA are all genuinely good beers judged against any yardstick, and the taproom is the most welcoming destination on the Peninsula for anyone who has spent years sitting out the brewery…",Start with the tasting paddle and stay for lunch if the table is working.,group lunches | locals | casual lunch,"mood:slow | season:all-year | audience:group,locals",Australia's First Dedicated Gluten-Free Brewery,/images/sourced/article-beach-swimming-01.webp,Mornington Peninsula landscape — representative image for Two Bays Brewing Co,Peninsula Insider,False,2026-04-09,2026-04-09,Dromana Hotel | Small Stone Pantry,True
via-boffe,staging,venue,restaurant,main-ridge,red-hill-plateau,Via Boffe,"200 Main Ridge Rd, Main Ridge VIC 3928",$$$,https://peninsulainsider.com.au/explore/restaurants/via-boffe/,https://viaboffe.com.au,https://viaboffe.com.au/bookings,direct,+61 3 5989 6111,,,"A small warm Italian room tucked into the hinterland  -  handmade pasta, a short hand-written list, and the Peninsula's best neighbourhood trattoria",Via Boffe is the Peninsula trattoria that deserves much more attention than it gets.,"Via Boffe is the Peninsula trattoria that deserves much more attention than it gets. The room is small and warm - polished concrete, low lighting, an open kitchen that you can see from every seat - and the menu is a short hand-written list that changes with whatever the team feels like cooking that week. Handmade pasta is the headline, but the antipasti is where the kitchen really wakes up: fresh…",Book ahead — the room is tiny and it fills fast on weekends.,couples | date night | long lunch,"mood:first-date,slow,fireplace | season:all-year | audience:couples,solo",Good Food Guide 2024,/images/sourced/category-restaurant-01.webp,Mornington Peninsula landscape — representative image for Via Boffe,Peninsula Insider,False,2026-04-09,2026-04-09,Lightfoot Wines | Mornington Peninsula Cider,True
villa-mallorca,live,venue,cottage,mount-martha,bayside,Villa Mallorca,Mt Martha VIC 3934,$$$,https://peninsulainsider.com.au/explore/cottages/villa-mallorca/,https://villamallorca.com.au,https://villamallorca.com.au,direct,,,,Two suites in a Majorcan finca-style property — hosts Paul and Sheree Steel have over 212 TripAdvisor reviews naming them independently,Paul and Sheree Steel: 212 TripAdvisor reviews naming them independently — the most documented host quality on the Peninsula.,"Two suites in a Majorcan finca-style property in Mt Martha, with Mediterranean gardens, a salt pool, and bay and valley views. The structural argument is not the architecture — it is the hosts. Paul and Sheree Steel have over 212 TripAdvisor reviews naming them independently across multiple years: Paul plays Spanish guitar on the terrace on no fixed schedule; Sheree delivers home-cooked food to…",Take the dinner-B&B rate rather than the room-only — it removes the one decision you have to make.,anniversary weekends | romance | view,"mood:anniversary,romance,garden,view | season:all-year | audience:couples",,/images/sourced/place-mount-martha-01.webp,Mornington Peninsula — representative image for Villa Mallorca pending venue media,Peninsula Insider,False,2026-05-07,2026-05-08,Ten Minutes by Tractor | Mornington,False
willow-creek-vineyard,live,venue,winery,merricks,red-hill-plateau,Willow Creek Vineyard,"166 Balnarring Rd, Merricks North VIC 3926",$$$$,https://peninsulainsider.com.au/explore/winerys/willow-creek-vineyard/,https://rarehare.com.au,https://rarehare.com.au,direct,+61 3 5931 2500,,,The vineyard at the heart of Jackalope Hotel — a showpiece single-site program and the home of both Rare Hare and Doot Doot Doot,Willow Creek is the vineyard at the heart of Jackalope Hotel and the source of the fruit for Rare Hare's cellar door and Doot Doot Doot's wine list.,"Willow Creek is the vineyard at the heart of Jackalope Hotel and the source of the fruit for Rare Hare's cellar door and Doot Doot Doot's wine list. The estate is a working single-site program - Chardonnay, Pinot Noir, and a short experimental range - and, despite the hotel wrapping the whole property in a design-hotel identity, the winemaking has maintained its own editorial voice. You taste…",Book lunch and taste the LL Vineyard Pinot Noir before you leave.,cellar door | the view | couples,"mood:cellar-door,walk,view | season:all-year | audience:couples,group",AGFG 2 Hat Doot Doot Doot | AGFG 1 Hat Rare Hare,/images/sourced/place-point-nepean-01.webp,Mornington Peninsula landscape — representative image for Willow Creek Vineyard,Peninsula Insider,False,2026-04-09,2026-04-09,Rare Hare at Willow Creek | Baillieu Vineyard,False
woodman-estate,live,venue,villa,moorooduc,hinterland,Woodman Estate,Moorooduc VIC 3931,$$$$,https://peninsulainsider.com.au/explore/villas/woodman-estate/,https://woodmanestate.com.au,https://woodmanestate.com.au,direct,,,,Three lakeside chalets over a private five-acre lake on a 50-acre English country estate — the Peninsula's most pastoral villa option,Three private chalets over a five-acre lake — the only Peninsula villa where the water is underneath you rather than on the horizon.,"Woodman Estate is the Peninsula's most distinctly pastoral villa option, and it is not trying to be a vineyard stay. The three standalone chalets are built directly over a private five-acre lake — 4-poster mahogany beds, marble bathrooms, double spa baths with lake views, gas open fires, private balconies. Daily housekeeping and breakfast delivery are included, which is unusual in the…",Request the chalet with the north-facing balcony for morning light over the lake.,anniversary weekends | waterfront | slow,"mood:anniversary,waterfront,slow,romance,garden | season:all-year | audience:couples",,/images/sourced/place-moorooduc-01.webp,Mornington Peninsula — representative image for Woodman Estate pending venue media,Peninsula Insider,False,2026-05-07,2026-05-08,Main Ridge Estate | Red Hill Estate,False
yabby-lake,live,venue,winery,tuerong,hinterland,Yabby Lake Vineyard,"86-112 Tuerong Rd, Tuerong VIC 3933",$$$,https://peninsulainsider.com.au/explore/winerys/yabby-lake/,https://www.yabbylake.com,https://www.yabbylake.com/visit,direct,+61 3 5974 3729,,,"Tom Carson's single-block Chardonnay and Pinot Noir program, poured from a relaxed cellar door with one of the Peninsula's loveliest lunch decks","Yabby Lake sits slightly east of the main wine-country road, and that off-axis position has worked in its favour.","Yabby Lake sits slightly east of the main wine-country road, and that off-axis position has worked in its favour. The Kirby family planted the vineyard in 1998 and hired Tom Carson to run the winemaking - and what the team has built in the years since is one of the most serious single-block programs in the country. The flagship Block 1 Pinot Noir became the first Pinot ever to win the Jimmy…",Order the Block 1 flight.,families | cellar door | long lunch,"mood:cellar-door,long-lunch,view | season:all-year | audience:couples,group,first-timers",James Halliday 5-Red-Star Winery | Halliday Top 100 | Jimmy Watson Memorial Trophy (2012 Block 1 Pinot Noir),/images/sourced/explore-cape-schanck-boardwalk-01.webp,Mornington Peninsula landscape — representative image for Yabby Lake Vineyard,Peninsula Insider,False,2026-04-09,2026-04-09,Onannon | Barmah Park Farm Kitchen,False
yurt-hideaway,live,venue,glamping,rye,bayside,Yurt Hideaway,Tootgarook VIC 3941,$$,https://peninsulainsider.com.au/explore/glampings/yurt-hideaway/,https://yurthideaway.com.au/,https://yurthideaway.com.au/,airbnb,,,,"A 6-metre traditional Mongolian yurt in Tootgarook with a private fenced courtyard — five minutes from Peninsula Hot Springs, 4.97 stars across 100% recommendation rate","Five minutes from Peninsula Hot Springs, 4.97-star host rating — the most compact and host-attentive thermal-adjacent option on the Peninsula.","A single 6-metre traditional Mongolian yurt on a residential block in Tootgarook, with a private fenced courtyard, separate en-suite bathroom, and an outdoor kitchenette. Five minutes from Peninsula Hot Springs. Hosted by yoga instructors with a 4.97-star Airbnb rating and a 100% recommendation rate across verified reviews — the consistent host quality is the product, not the novelty of the…",Book for three nights or more for the rate discount — and plan an early PHS session on at least one morning.,wellness | romance | slow,"mood:wellness,romance,slow | season:all-year | audience:couples",,/images/sourced/place-rye-01.webp,Mornington Peninsula — representative image for Yurt Hideaway pending venue media,Peninsula Insider,False,2026-05-07,2026-05-08,Peninsula Hot Springs | Alba Thermal Springs,False
