url,route,routeFamily,pageType,httpStatus,robotsTxt,metaRobots,noindex,canonical,selfCanonical,inSitemap,isRedirectStub,redirectTarget,redirectHops,redirectFinal,redirectDestinationOk,canonicalLoop,words,internalInboundLinks,internalInboundPages,clickDepth,orphan,recoveryBucket,title
https://peninsulainsider.com.au/,/,/(home),home,200,allowed,"index, follow, max-image-preview:large",false,https://peninsulainsider.com.au/,true,true,false,,0,,,,1177,2478,627,0,false,CRAWL_PRIORITY,"Peninsula Insider, The Mornington Peninsula Guide"
https://peninsulainsider.com.au/404/,/404/,/404,hub,200,allowed,"noindex, nofollow",true,https://peninsulainsider.com.au/404/,true,false,false,,0,,,,935,0,0,,true,INTENTIONAL_EXCLUSION,Page not found - Peninsula Insider
https://peninsulainsider.com.au/about/,/about/,/about,hub,200,allowed,"index, follow, max-image-preview:large",false,https://peninsulainsider.com.au/about/,true,true,false,,0,,,,1407,1257,627,1,false,CRAWL_PRIORITY,About Peninsula Insider
https://peninsulainsider.com.au/access/,/access/,/access,hub,200,disallowed,"noindex, nofollow",true,,false,false,false,,0,,,,34,0,0,,true,INTENTIONAL_EXCLUSION,Peninsula Insider - Coming Soon
https://peninsulainsider.com.au/accessibility/,/accessibility/,/accessibility,hub,200,allowed,"index, follow, max-image-preview:large",false,https://peninsulainsider.com.au/accessibility/,true,true,false,,0,,,,1104,627,627,1,false,CRAWL_PRIORITY,Accessibility | Peninsula Insider
https://peninsulainsider.com.au/account/,/account/,/account,hub,200,disallowed,"noindex, nofollow",true,https://peninsulainsider.com.au/account/,true,false,false,,0,,,,934,1256,628,1,false,INTENTIONAL_EXCLUSION,Your account - Peninsula Insider
https://peninsulainsider.com.au/account/likes/,/account/likes/,/account,redirect-stub,200,disallowed,noindex,true,https://peninsulainsider.com.au/account/saved/,false,false,true,/account/saved/,1,/account/saved/,false,false,5,0,0,,true,REAL_TECHNICAL_DEFECT,Redirecting to: /account/saved/
https://peninsulainsider.com.au/account/pass/,/account/pass/,/account,detail,200,disallowed,"noindex, nofollow",true,https://peninsulainsider.com.au/account/pass/,true,false,false,,0,,,,1003,0,0,,true,INTENTIONAL_EXCLUSION,My Pass · Peninsula Insider
https://peninsulainsider.com.au/account/saved/,/account/saved/,/account,detail,200,disallowed,"noindex, nofollow",true,https://peninsulainsider.com.au/account/saved/,true,false,false,,0,,,,955,628,628,1,false,INTENTIONAL_EXCLUSION,Your Peninsula plan - Peninsula Insider
https://peninsulainsider.com.au/alerts/,/alerts/,/alerts,hub,200,allowed,"noindex, nofollow",true,https://peninsulainsider.com.au/alerts/,true,false,false,,0,,,,1077,0,0,,true,INTENTIONAL_EXCLUSION,Event Alerts · Peninsula Insider
https://peninsulainsider.com.au/ask/,/ask/,/ask,hub,200,allowed,"index, follow, max-image-preview:large",false,https://peninsulainsider.com.au/ask/,true,true,false,,0,,,,950,1,1,,false,CRAWL_PRIORITY,Ask The Insider - Your Peninsula Concierge
https://peninsulainsider.com.au/awards/,/awards/,/awards,hub,200,allowed,"index, follow, max-image-preview:large",false,https://peninsulainsider.com.au/awards/,true,true,false,,0,,,,1162,20,10,,false,CRAWL_PRIORITY,The Peninsula Insider Awards
https://peninsulainsider.com.au/awards/best-family-day/,/awards/best-family-day/,/awards,detail,200,allowed,"index, follow, max-image-preview:large",false,https://peninsulainsider.com.au/awards/best-family-day/,true,true,false,,0,,,,891,1,1,,false,CRAWL_PRIORITY,Best Family Day · The Peninsula Insider Awards
https://peninsulainsider.com.au/awards/best-new-opening/,/awards/best-new-opening/,/awards,detail,200,allowed,"index, follow, max-image-preview:large",false,https://peninsulainsider.com.au/awards/best-new-opening/,true,true,false,,0,,,,891,1,1,,false,CRAWL_PRIORITY,Best New Opening · The Peninsula Insider Awards
https://peninsulainsider.com.au/awards/cellar-door-of-the-year/,/awards/cellar-door-of-the-year/,/awards,detail,200,allowed,"index, follow, max-image-preview:large",false,https://peninsulainsider.com.au/awards/cellar-door-of-the-year/,true,true,false,,0,,,,895,1,1,,false,CRAWL_PRIORITY,Cellar Door Of The Year · The Peninsula Insider Awards
https://peninsulainsider.com.au/awards/editorial-discovery/,/awards/editorial-discovery/,/awards,detail,200,allowed,"index, follow, max-image-preview:large",false,https://peninsulainsider.com.au/awards/editorial-discovery/,true,true,false,,0,,,,889,1,1,,false,CRAWL_PRIORITY,Editorial Discovery · The Peninsula Insider Awards
https://peninsulainsider.com.au/awards/locals-choice/,/awards/locals-choice/,/awards,detail,200,allowed,"index, follow, max-image-preview:large",false,https://peninsulainsider.com.au/awards/locals-choice/,true,true,false,,0,,,,889,1,1,,false,CRAWL_PRIORITY,Locals Choice · The Peninsula Insider Awards
https://peninsulainsider.com.au/awards/nominate/,/awards/nominate/,/awards,detail,200,allowed,"index, follow, max-image-preview:large",false,https://peninsulainsider.com.au/awards/nominate/,true,true,false,,0,,,,955,1,1,,false,CRAWL_PRIORITY,Nominate · The Peninsula Insider Awards
https://peninsulainsider.com.au/awards/restaurant-of-the-year/,/awards/restaurant-of-the-year/,/awards,detail,200,allowed,"index, follow, max-image-preview:large",false,https://peninsulainsider.com.au/awards/restaurant-of-the-year/,true,true,false,,0,,,,893,1,1,,false,CRAWL_PRIORITY,Restaurant Of The Year · The Peninsula Insider Awards
https://peninsulainsider.com.au/awards/stay-of-the-year/,/awards/stay-of-the-year/,/awards,detail,200,allowed,"index, follow, max-image-preview:large",false,https://peninsulainsider.com.au/awards/stay-of-the-year/,true,true,false,,0,,,,893,1,1,,false,CRAWL_PRIORITY,Stay Of The Year · The Peninsula Insider Awards
https://peninsulainsider.com.au/awards/walk-of-the-year/,/awards/walk-of-the-year/,/awards,detail,200,allowed,"index, follow, max-image-preview:large",false,https://peninsulainsider.com.au/awards/walk-of-the-year/,true,true,false,,0,,,,893,1,1,,false,CRAWL_PRIORITY,Walk Of The Year · The Peninsula Insider Awards
https://peninsulainsider.com.au/awards/worth-the-drive/,/awards/worth-the-drive/,/awards,detail,200,allowed,"index, follow, max-image-preview:large",false,https://peninsulainsider.com.au/awards/worth-the-drive/,true,true,false,,0,,,,891,1,1,,false,CRAWL_PRIORITY,Worth The Drive · The Peninsula Insider Awards
https://peninsulainsider.com.au/boating/,/boating/,/boating,hub,200,allowed,"index, follow, max-image-preview:large",false,https://peninsulainsider.com.au/boating/,true,true,false,,0,,,,1304,31,12,2,false,CRAWL_PRIORITY,Boating on the Mornington Peninsula · Peninsula Insider
https://peninsulainsider.com.au/boating/boat-hire/,/boating/boat-hire/,/boating,redirect-stub,200,allowed,(none),false,https://peninsulainsider.com.au/boating/hire/,false,false,true,/boating/hire/,1,/boating/hire/,true,false,0,0,0,,true,MIGRATION_PENDING,Redirecting…
https://peninsulainsider.com.au/boating/hire/,/boating/hire/,/boating,detail,200,allowed,"index, follow, max-image-preview:large",false,https://peninsulainsider.com.au/boating/hire/,true,true,false,,0,,,,962,6,4,3,false,CRAWL_PRIORITY,Mornington Peninsula boat hire · Peninsula Insider
https://peninsulainsider.com.au/boating/hire/mornington-boat-hire/,/boating/hire/mornington-boat-hire/,/boating,detail,200,allowed,"index, follow, max-image-preview:large",false,https://peninsulainsider.com.au/boating/hire/mornington-boat-hire/,true,true,false,,0,,,,1644,7,4,4,false,CRAWL_PRIORITY,Mornington Boat Hire · Peninsula Insider
https://peninsulainsider.com.au/boating/hire/rye-boat-hire/,/boating/hire/rye-boat-hire/,/boating,redirect-stub,200,allowed,(none),false,https://peninsulainsider.com.au/boating/hire/,false,false,true,/boating/hire/,1,/boating/hire/,true,false,0,1,1,5,false,MIGRATION_PENDING,Redirecting…
https://peninsulainsider.com.au/boating/hire/sorrento-boat-hire/,/boating/hire/sorrento-boat-hire/,/boating,redirect-stub,200,allowed,(none),false,https://peninsulainsider.com.au/boating/hire/,false,false,true,/boating/hire/,1,/boating/hire/,true,false,0,2,2,5,false,MIGRATION_PENDING,Redirecting…
https://peninsulainsider.com.au/boating/ramp/,/boating/ramp/,/boating,redirect-stub,200,allowed,(none),false,https://peninsulainsider.com.au/boating/ramps/,false,false,true,/boating/ramps/,1,/boating/ramps/,true,false,0,0,0,,true,MIGRATION_PENDING,Redirecting…
https://peninsulainsider.com.au/boating/ramps/,/boating/ramps/,/boating,detail,200,allowed,"index, follow, max-image-preview:large",false,https://peninsulainsider.com.au/boating/ramps/,true,true,false,,0,,,,1282,22,9,3,false,CRAWL_PRIORITY,Mornington Peninsula boat ramps · Peninsula Insider
https://peninsulainsider.com.au/boating/ramps/hastings-boat-ramp/,/boating/ramps/hastings-boat-ramp/,/boating,detail,200,allowed,"index, follow, max-image-preview:large",false,https://peninsulainsider.com.au/boating/ramps/hastings-boat-ramp/,true,true,false,,0,,,,1775,22,14,4,false,CRAWL_PRIORITY,Hastings Boat Ramp · Peninsula Insider
https://peninsulainsider.com.au/boating/ramps/mornington-park-boat-ramp/,/boating/ramps/mornington-park-boat-ramp/,/boating,detail,200,allowed,"index, follow, max-image-preview:large",false,https://peninsulainsider.com.au/boating/ramps/mornington-park-boat-ramp/,true,true,false,,0,,,,1695,11,7,4,false,CRAWL_PRIORITY,Mornington Park Boat Ramp · Peninsula Insider
https://peninsulainsider.com.au/boating/ramps/rye-boat-ramp/,/boating/ramps/rye-boat-ramp/,/boating,detail,200,allowed,"index, follow, max-image-preview:large",false,https://peninsulainsider.com.au/boating/ramps/rye-boat-ramp/,true,true,false,,0,,,,1740,15,9,4,false,CRAWL_PRIORITY,Rye Boat Ramp · Peninsula Insider
https://peninsulainsider.com.au/boating/ramps/safety-beach-boat-ramp/,/boating/ramps/safety-beach-boat-ramp/,/boating,detail,200,allowed,"index, follow, max-image-preview:large",false,https://peninsulainsider.com.au/boating/ramps/safety-beach-boat-ramp/,true,true,false,,0,,,,1912,11,7,4,false,CRAWL_PRIORITY,Safety Beach Boat Ramp · Peninsula Insider
https://peninsulainsider.com.au/boating/ramps/sorrento-boat-ramp/,/boating/ramps/sorrento-boat-ramp/,/boating,detail,200,allowed,"index, follow, max-image-preview:large",false,https://peninsulainsider.com.au/boating/ramps/sorrento-boat-ramp/,true,true,false,,0,,,,1856,13,10,4,false,CRAWL_PRIORITY,Sorrento Boat Ramp · Peninsula Insider
https://peninsulainsider.com.au/boating/ramps/warneet-boat-ramp/,/boating/ramps/warneet-boat-ramp/,/boating,detail,200,allowed,"index, follow, max-image-preview:large",false,https://peninsulainsider.com.au/boating/ramps/warneet-boat-ramp/,true,true,false,,0,,,,1892,6,3,4,false,CRAWL_PRIORITY,Warneet Boat Ramp · Peninsula Insider
https://peninsulainsider.com.au/boating/tides-safety/,/boating/tides-safety/,/boating,detail,200,allowed,"index, follow, max-image-preview:large",false,https://peninsulainsider.com.au/boating/tides-safety/,true,true,false,,0,,,,1739,1,1,,false,CRAWL_PRIORITY,"Tides, weather and safety · Peninsula Insider"
https://peninsulainsider.com.au/careers/,/careers/,/careers,hub,200,allowed,"index, follow, max-image-preview:large",false,https://peninsulainsider.com.au/careers/,true,true,false,,0,,,,1061,0,0,,true,CRAWL_PRIORITY,Careers | Peninsula Insider
https://peninsulainsider.com.au/complaints/,/complaints/,/complaints,redirect-stub,200,allowed,(none),false,https://peninsulainsider.com.au/corrections/,false,false,true,/corrections/,1,/corrections/,true,false,0,0,0,,true,MIGRATION_PENDING,Redirecting…
https://peninsulainsider.com.au/contact/,/contact/,/contact,hub,200,allowed,"index, follow, max-image-preview:large",false,https://peninsulainsider.com.au/contact/,true,true,false,,0,,,,1268,1255,627,1,false,CRAWL_PRIORITY,Contact - Peninsula Insider
https://peninsulainsider.com.au/corporate-events/,/corporate-events/,/corporate-events,hub,200,allowed,"index, follow, max-image-preview:large",false,https://peninsulainsider.com.au/corporate-events/,true,true,false,,0,,,,3107,4,1,,false,CRAWL_PRIORITY,Mornington Peninsula Corporate Events &amp; Retreats: The Insider Guide · Peninsula Insider
https://peninsulainsider.com.au/corporate-events/best-corporate-retreat-venues-mornington-peninsula/,/corporate-events/best-corporate-retreat-venues-mornington-peninsula/,/corporate-events,detail,200,allowed,"index, follow, max-image-preview:large",false,https://peninsulainsider.com.au/corporate-events/best-corporate-retreat-venues-mornington-peninsula/,true,true,false,,0,,,,2093,0,0,,true,CRAWL_PRIORITY,Best Corporate Retreat Venues on the Mornington Peninsula · Peninsula Insider
https://peninsulainsider.com.au/corrections/,/corrections/,/corrections,hub,200,allowed,"index, follow, max-image-preview:large",false,https://peninsulainsider.com.au/corrections/,true,true,false,,0,,,,1079,628,627,1,false,CRAWL_PRIORITY,Corrections | Peninsula Insider
https://peninsulainsider.com.au/dispatch/,/dispatch/,/dispatch,hub,200,allowed,"index, follow, max-image-preview:large",false,https://peninsulainsider.com.au/dispatch/,true,true,false,,0,,,,1334,1259,627,1,false,CRAWL_PRIORITY,The Insider Note · Peninsula Insider
https://peninsulainsider.com.au/do/,/do/,/do,redirect-stub,200,allowed,(none),false,https://peninsulainsider.com.au/explore/,false,false,true,/explore/,1,/explore/,true,false,0,0,0,,true,MIGRATION_PENDING,Redirecting…
https://peninsulainsider.com.au/dog-friendly/,/dog-friendly/,/dog-friendly,hub,200,allowed,"index, follow, max-image-preview:large",false,https://peninsulainsider.com.au/dog-friendly/,true,true,false,,0,,,,1063,674,627,1,false,CRAWL_PRIORITY,Dog-Friendly Mornington Peninsula · Peninsula Insider
https://peninsulainsider.com.au/eat-drink/,/eat-drink/,/eat-drink,redirect-stub,200,allowed,(none),false,https://peninsulainsider.com.au/eat/,false,false,true,/eat/,1,/eat/,true,false,0,0,0,,true,MIGRATION_PENDING,Redirecting…
https://peninsulainsider.com.au/eat/,/eat/,/eat,hub,200,allowed,"index, follow, max-image-preview:large",false,https://peninsulainsider.com.au/eat/,true,true,false,,0,,,,3075,2203,627,1,false,CRAWL_PRIORITY,Where to Eat on the Mornington Peninsula · Peninsula Insider
https://peninsulainsider.com.au/eat/allis-wine-bar/,/eat/allis-wine-bar/,/eat,detail,200,allowed,"index, follow, max-image-preview:large",false,https://peninsulainsider.com.au/eat/allis-wine-bar/,true,true,false,,0,,,,1613,24,10,2,false,CRAWL_PRIORITY,"Allis Wine Bar, Main Ridge · Peninsula Insider"
https://peninsulainsider.com.au/eat/avani-wines/,/eat/avani-wines/,/eat,redirect-stub,200,allowed,(none),false,https://peninsulainsider.com.au/wine/avani-wines/,false,false,true,/wine/avani-wines/,1,/wine/avani-wines/,true,false,0,34,12,2,false,MIGRATION_PENDING,Redirecting…
https://peninsulainsider.com.au/eat/baillieu-vineyard/,/eat/baillieu-vineyard/,/eat,redirect-stub,200,allowed,(none),false,https://peninsulainsider.com.au/wine/baillieu-vineyard/,false,false,true,/wine/baillieu-vineyard/,1,/wine/baillieu-vineyard/,true,false,0,10,4,2,false,MIGRATION_PENDING,Redirecting…
https://peninsulainsider.com.au/eat/bakeries/,/eat/bakeries/,/eat,detail,200,allowed,"index, follow, max-image-preview:large",false,https://peninsulainsider.com.au/eat/bakeries/,true,true,false,,0,,,,1418,5,3,2,false,CRAWL_PRIORITY,Best Bakeries Mornington Peninsula · Peninsula Insider
https://peninsulainsider.com.au/eat/balnarring-bakehouse/,/eat/balnarring-bakehouse/,/eat,detail,200,allowed,"index, follow, max-image-preview:large",false,https://peninsulainsider.com.au/eat/balnarring-bakehouse/,true,true,false,,0,,,,1620,33,16,2,false,CRAWL_PRIORITY,"Balnarring Bakehouse, Balnarring · Peninsula Insider"
https://peninsulainsider.com.au/eat/balnarring-market/,/eat/balnarring-market/,/eat,detail,200,allowed,"index, follow, max-image-preview:large",false,https://peninsulainsider.com.au/eat/balnarring-market/,true,true,false,,0,,,,1579,30,13,2,false,CRAWL_PRIORITY,"Balnarring Market, Balnarring · Peninsula Insider"
https://peninsulainsider.com.au/eat/balnarring-pub/,/eat/balnarring-pub/,/eat,detail,200,allowed,"index, follow, max-image-preview:large",false,https://peninsulainsider.com.au/eat/balnarring-pub/,true,true,false,,0,,,,1647,32,14,2,false,CRAWL_PRIORITY,"The Balnarring Pub, Balnarring · Peninsula Insider"
https://peninsulainsider.com.au/eat/barmah-park-vineyard/,/eat/barmah-park-vineyard/,/eat,redirect-stub,200,allowed,(none),false,https://peninsulainsider.com.au/eat/barmah-park/,false,false,true,/eat/barmah-park/,1,/eat/barmah-park/,true,false,0,4,2,2,false,MIGRATION_PENDING,Redirecting…
https://peninsulainsider.com.au/eat/barmah-park/,/eat/barmah-park/,/eat,detail,200,allowed,"index, follow, max-image-preview:large",false,https://peninsulainsider.com.au/eat/barmah-park/,true,true,false,,0,,,,1414,15,7,2,false,CRAWL_PRIORITY,"Barmah Park Farm Kitchen, Moorooduc · Peninsula Insider"
https://peninsulainsider.com.au/eat/barragunda-dining/,/eat/barragunda-dining/,/eat,detail,200,allowed,"index, follow, max-image-preview:large",false,https://peninsulainsider.com.au/eat/barragunda-dining/,true,true,false,,0,,,,1486,58,23,2,false,CRAWL_PRIORITY,"Barragunda Dining, Cape Schanck · Peninsula Insider"
https://peninsulainsider.com.au/eat/bass-and-flinders/,/eat/bass-and-flinders/,/eat,detail,200,allowed,"index, follow, max-image-preview:large",false,https://peninsulainsider.com.au/eat/bass-and-flinders/,true,true,false,,0,,,,1586,54,20,2,false,CRAWL_PRIORITY,"Bass &amp; Flinders Distillery, Mornington · Peninsula Insider"
https://peninsulainsider.com.au/eat/best-restaurants/,/eat/best-restaurants/,/eat,detail,200,allowed,"index, follow, max-image-preview:large",false,https://peninsulainsider.com.au/eat/best-restaurants/,true,true,false,,0,,,,1964,30,22,2,false,CRAWL_PRIORITY,Best Restaurants Mornington Peninsula · Peninsula Insider
https://peninsulainsider.com.au/eat/bistro-elba/,/eat/bistro-elba/,/eat,detail,200,allowed,"index, follow, max-image-preview:large",false,https://peninsulainsider.com.au/eat/bistro-elba/,true,true,false,,0,,,,1645,42,16,2,false,CRAWL_PRIORITY,"Bistro Elba, Sorrento · Peninsula Insider"
https://peninsulainsider.com.au/eat/breweries/,/eat/breweries/,/eat,detail,200,allowed,"index, follow, max-image-preview:large",false,https://peninsulainsider.com.au/eat/breweries/,true,true,false,,0,,,,1128,627,627,1,false,CRAWL_PRIORITY,Breweries on the Mornington Peninsula · Peninsula Insider
https://peninsulainsider.com.au/eat/brunch/,/eat/brunch/,/eat,detail,200,allowed,"index, follow, max-image-preview:large",false,https://peninsulainsider.com.au/eat/brunch/,true,true,false,,0,,,,1460,6,3,2,false,CRAWL_PRIORITY,Best Brunch Mornington Peninsula · Peninsula Insider
https://peninsulainsider.com.au/eat/cafes/,/eat/cafes/,/eat,detail,200,allowed,"index, follow, max-image-preview:large",false,https://peninsulainsider.com.au/eat/cafes/,true,true,false,,0,,,,1448,631,627,1,false,CRAWL_PRIORITY,Best Cafes Mornington Peninsula · Peninsula Insider
https://peninsulainsider.com.au/eat/cellar-door-lunch/,/eat/cellar-door-lunch/,/eat,detail,200,allowed,"index, follow, max-image-preview:large",false,https://peninsulainsider.com.au/eat/cellar-door-lunch/,true,true,false,,0,,,,1749,11,6,2,false,CRAWL_PRIORITY,Cellar Door Lunch Mornington Peninsula · Peninsula Insider
https://peninsulainsider.com.au/eat/commonfolk-coffee/,/eat/commonfolk-coffee/,/eat,detail,200,allowed,"index, follow, max-image-preview:large",false,https://peninsulainsider.com.au/eat/commonfolk-coffee/,true,true,false,,0,,,,1713,86,36,2,false,CRAWL_PRIORITY,"Commonfolk Coffee, Mornington · Peninsula Insider"
https://peninsulainsider.com.au/eat/crittenden-estate/,/eat/crittenden-estate/,/eat,redirect-stub,200,allowed,(none),false,https://peninsulainsider.com.au/wine/crittenden-estate/,false,false,true,/wine/crittenden-estate/,1,/wine/crittenden-estate/,true,false,0,19,7,2,false,MIGRATION_PENDING,Redirecting…
https://peninsulainsider.com.au/eat/crittenden-restaurant/,/eat/crittenden-restaurant/,/eat,detail,200,allowed,"index, follow, max-image-preview:large",false,https://peninsulainsider.com.au/eat/crittenden-restaurant/,true,true,false,,0,,,,1520,34,16,2,false,CRAWL_PRIORITY,"Crittenden Restaurant, Dromana · Peninsula Insider"
https://peninsulainsider.com.au/eat/date-night/,/eat/date-night/,/eat,detail,200,allowed,"index, follow, max-image-preview:large",false,https://peninsulainsider.com.au/eat/date-night/,true,true,false,,0,,,,1500,2,1,3,false,CRAWL_PRIORITY,Date Night Mornington Peninsula · Peninsula Insider
https://peninsulainsider.com.au/eat/dexter-wines/,/eat/dexter-wines/,/eat,redirect-stub,200,allowed,(none),false,https://peninsulainsider.com.au/wine/dexter-wines/,false,false,true,/wine/dexter-wines/,1,/wine/dexter-wines/,true,false,0,13,5,2,false,MIGRATION_PENDING,Redirecting…
https://peninsulainsider.com.au/eat/distilleries/,/eat/distilleries/,/eat,detail,200,allowed,"index, follow, max-image-preview:large",false,https://peninsulainsider.com.au/eat/distilleries/,true,true,false,,0,,,,964,0,0,,true,CRAWL_PRIORITY,Distilleries on the Mornington Peninsula · Peninsula Insider
https://peninsulainsider.com.au/eat/dog-friendly/,/eat/dog-friendly/,/eat,redirect-stub,200,allowed,(none),false,https://peninsulainsider.com.au/journal/dog-friendly-cafes-pubs-wineries-mornington-peninsula/,false,false,true,/journal/dog-friendly-cafes-pubs-wineries-mornington-peninsula/,1,/journal/dog-friendly-cafes-pubs-wineries-mornington-peninsula/,true,false,0,0,0,,true,MIGRATION_PENDING,Redirecting…
https://peninsulainsider.com.au/eat/doot-doot-doot/,/eat/doot-doot-doot/,/eat,detail,200,allowed,"index, follow, max-image-preview:large",false,https://peninsulainsider.com.au/eat/doot-doot-doot/,true,true,false,,0,,,,1758,58,25,2,false,CRAWL_PRIORITY,"Doot Doot Doot, Red Hill · Peninsula Insider"
https://peninsulainsider.com.au/eat/dromana-estate/,/eat/dromana-estate/,/eat,redirect-stub,200,allowed,(none),false,https://peninsulainsider.com.au/wine/dromana-estate/,false,false,true,/wine/dromana-estate/,1,/wine/dromana-estate/,true,false,0,1,1,2,false,MIGRATION_PENDING,Redirecting…
https://peninsulainsider.com.au/eat/dromana-hotel/,/eat/dromana-hotel/,/eat,detail,200,allowed,"index, follow, max-image-preview:large",false,https://peninsulainsider.com.au/eat/dromana-hotel/,true,true,false,,0,,,,1633,33,13,2,false,CRAWL_PRIORITY,"Dromana Hotel, Dromana · Peninsula Insider"
https://peninsulainsider.com.au/eat/elan-vineyard/,/eat/elan-vineyard/,/eat,redirect-stub,200,allowed,(none),false,https://peninsulainsider.com.au/wine/elan-vineyard/,false,false,true,/wine/elan-vineyard/,1,/wine/elan-vineyard/,true,false,0,10,4,2,false,MIGRATION_PENDING,Redirecting…
https://peninsulainsider.com.au/eat/eldridge-estate/,/eat/eldridge-estate/,/eat,redirect-stub,200,allowed,(none),false,https://peninsulainsider.com.au/wine/eldridge-estate/,false,false,true,/wine/eldridge-estate/,1,/wine/eldridge-estate/,true,false,0,34,12,2,false,MIGRATION_PENDING,Redirecting…
https://peninsulainsider.com.au/eat/elgee-park/,/eat/elgee-park/,/eat,redirect-stub,200,allowed,(none),false,https://peninsulainsider.com.au/wine/elgee-park/,false,false,true,/wine/elgee-park/,1,/wine/elgee-park/,true,false,0,10,4,2,false,MIGRATION_PENDING,Redirecting…
https://peninsulainsider.com.au/eat/epicurean-red-hill/,/eat/epicurean-red-hill/,/eat,detail,200,allowed,"index, follow, max-image-preview:large",false,https://peninsulainsider.com.au/eat/epicurean-red-hill/,true,true,false,,0,,,,1641,26,13,2,false,CRAWL_PRIORITY,"The Epicurean, Red Hill · Peninsula Insider"
https://peninsulainsider.com.au/eat/family-friendly/,/eat/family-friendly/,/eat,detail,200,allowed,"index, follow, max-image-preview:large",false,https://peninsulainsider.com.au/eat/family-friendly/,true,true,false,,0,,,,1560,0,0,,true,CRAWL_PRIORITY,Family-Friendly Restaurants Mornington Peninsula · Peninsula Insider
https://peninsulainsider.com.au/eat/fine-dining/,/eat/fine-dining/,/eat,detail,200,allowed,"index, follow, max-image-preview:large",false,https://peninsulainsider.com.au/eat/fine-dining/,true,true,false,,0,,,,1644,12,6,2,false,CRAWL_PRIORITY,Fine Dining Mornington Peninsula · Peninsula Insider
https://peninsulainsider.com.au/eat/flinders-general-store/,/eat/flinders-general-store/,/eat,detail,200,allowed,"index, follow, max-image-preview:large",false,https://peninsulainsider.com.au/eat/flinders-general-store/,true,true,false,,0,,,,1635,40,17,2,false,CRAWL_PRIORITY,"Flinders General Store, Flinders · Peninsula Insider"
https://peninsulainsider.com.au/eat/flinders-sourdough/,/eat/flinders-sourdough/,/eat,detail,200,allowed,"index, follow, max-image-preview:large",false,https://peninsulainsider.com.au/eat/flinders-sourdough/,true,true,false,,0,,,,1608,43,20,2,false,CRAWL_PRIORITY,"Flinders Sourdough, Flinders · Peninsula Insider"
https://peninsulainsider.com.au/eat/foxeys-hangout/,/eat/foxeys-hangout/,/eat,redirect-stub,200,allowed,(none),false,https://peninsulainsider.com.au/wine/foxeys-hangout/,false,false,true,/wine/foxeys-hangout/,1,/wine/foxeys-hangout/,true,false,0,13,5,2,false,MIGRATION_PENDING,Redirecting…
https://peninsulainsider.com.au/eat/garagiste/,/eat/garagiste/,/eat,redirect-stub,200,allowed,(none),false,https://peninsulainsider.com.au/wine/garagiste/,false,false,true,/wine/garagiste/,1,/wine/garagiste/,true,false,0,37,13,2,false,MIGRATION_PENDING,Redirecting…
https://peninsulainsider.com.au/eat/georgie-bass/,/eat/georgie-bass/,/eat,detail,200,allowed,"index, follow, max-image-preview:large",false,https://peninsulainsider.com.au/eat/georgie-bass/,true,true,false,,0,,,,1558,21,9,2,false,CRAWL_PRIORITY,"Georgie Bass Cafe &amp; Cookery, Flinders · Peninsula Insider"
https://peninsulainsider.com.au/eat/green-olive-red-hill/,/eat/green-olive-red-hill/,/eat,detail,200,allowed,"index, follow, max-image-preview:large",false,https://peninsulainsider.com.au/eat/green-olive-red-hill/,true,true,false,,0,,,,1665,19,9,2,false,CRAWL_PRIORITY,"Green Olive at Red Hill, Red Hill · Peninsula Insider"
https://peninsulainsider.com.au/eat/hatted-restaurants/,/eat/hatted-restaurants/,/eat,detail,200,allowed,"index, follow, max-image-preview:large",false,https://peninsulainsider.com.au/eat/hatted-restaurants/,true,true,false,,0,,,,1963,11,5,3,false,CRAWL_PRIORITY,Hatted Restaurants on the Mornington Peninsula · Peninsula Insider
https://peninsulainsider.com.au/eat/hurley-vineyard/,/eat/hurley-vineyard/,/eat,redirect-stub,200,allowed,(none),false,https://peninsulainsider.com.au/wine/hurley-vineyard/,false,false,true,/wine/hurley-vineyard/,1,/wine/hurley-vineyard/,true,false,0,1,1,2,false,MIGRATION_PENDING,Redirecting…
https://peninsulainsider.com.au/eat/jetty-road-brewery/,/eat/jetty-road-brewery/,/eat,detail,200,allowed,"index, follow, max-image-preview:large",false,https://peninsulainsider.com.au/eat/jetty-road-brewery/,true,true,false,,0,,,,1565,13,5,2,false,CRAWL_PRIORITY,"Jetty Road Brewery, Dromana · Peninsula Insider"
https://peninsulainsider.com.au/eat/johnny-ripe/,/eat/johnny-ripe/,/eat,detail,200,allowed,"index, follow, max-image-preview:large",false,https://peninsulainsider.com.au/eat/johnny-ripe/,true,true,false,,0,,,,1631,30,12,2,false,CRAWL_PRIORITY,"Johnny Ripe, Main Ridge · Peninsula Insider"
https://peninsulainsider.com.au/eat/kerri-greens/,/eat/kerri-greens/,/eat,redirect-stub,200,allowed,(none),false,https://peninsulainsider.com.au/wine/kerri-greens/,false,false,true,/wine/kerri-greens/,1,/wine/kerri-greens/,true,false,0,13,5,2,false,MIGRATION_PENDING,Redirecting…
https://peninsulainsider.com.au/eat/kooyong/,/eat/kooyong/,/eat,redirect-stub,200,allowed,(none),false,https://peninsulainsider.com.au/wine/kooyong/,false,false,true,/wine/kooyong/,1,/wine/kooyong/,true,false,0,7,3,2,false,MIGRATION_PENDING,Redirecting…
https://peninsulainsider.com.au/eat/la-baracca-tgallant/,/eat/la-baracca-tgallant/,/eat,detail,200,allowed,"noindex, nofollow",true,https://peninsulainsider.com.au/eat/la-baracca-tgallant/,true,false,false,,0,,,,1529,12,6,2,false,INTENTIONAL_EXCLUSION,"La Baracca at T&#39;Gallant, Main Ridge · Peninsula Insider"
https://peninsulainsider.com.au/eat/laura-pt-leo/,/eat/laura-pt-leo/,/eat,detail,200,allowed,"index, follow, max-image-preview:large",false,https://peninsulainsider.com.au/eat/laura-pt-leo/,true,true,false,,0,,,,1686,654,627,1,false,CRAWL_PRIORITY,"Laura at Pt. Leo, Red Hill · Peninsula Insider"
https://peninsulainsider.com.au/eat/lightfoot-wines/,/eat/lightfoot-wines/,/eat,redirect-stub,200,allowed,(none),false,https://peninsulainsider.com.au/wine/lightfoot-wines/,false,false,true,/wine/lightfoot-wines/,1,/wine/lightfoot-wines/,true,false,0,1,1,2,false,MIGRATION_PENDING,Redirecting…
https://peninsulainsider.com.au/eat/long-lunch/,/eat/long-lunch/,/eat,detail,200,allowed,"index, follow, max-image-preview:large",false,https://peninsulainsider.com.au/eat/long-lunch/,true,true,false,,0,,,,1730,12,7,2,false,CRAWL_PRIORITY,Long Lunch Mornington Peninsula · Peninsula Insider
https://peninsulainsider.com.au/eat/main-ridge-dairy/,/eat/main-ridge-dairy/,/eat,detail,200,allowed,"index, follow, max-image-preview:large",false,https://peninsulainsider.com.au/eat/main-ridge-dairy/,true,true,false,,0,,,,1819,13,5,2,false,CRAWL_PRIORITY,"Main Ridge Dairy, Main Ridge · Peninsula Insider"
https://peninsulainsider.com.au/eat/main-ridge-estate/,/eat/main-ridge-estate/,/eat,redirect-stub,200,allowed,(none),false,https://peninsulainsider.com.au/wine/main-ridge-estate/,false,false,true,/wine/main-ridge-estate/,1,/wine/main-ridge-estate/,true,false,0,1,1,2,false,MIGRATION_PENDING,Redirecting…
https://peninsulainsider.com.au/eat/many-little/,/eat/many-little/,/eat,detail,200,allowed,"index, follow, max-image-preview:large",false,https://peninsulainsider.com.au/eat/many-little/,true,true,false,,0,,,,1575,20,9,2,false,CRAWL_PRIORITY,"Many Little, Red Hill · Peninsula Insider"
https://peninsulainsider.com.au/eat/markets/,/eat/markets/,/eat,detail,200,allowed,"index, follow, max-image-preview:large",false,https://peninsulainsider.com.au/eat/markets/,true,true,false,,0,,,,1317,0,0,,true,CRAWL_PRIORITY,Best Markets Mornington Peninsula · Peninsula Insider
https://peninsulainsider.com.au/eat/martha-s-table/,/eat/martha-s-table/,/eat,detail,200,allowed,"index, follow, max-image-preview:large",false,https://peninsulainsider.com.au/eat/martha-s-table/,true,true,false,,0,,,,1296,15,7,2,false,CRAWL_PRIORITY,"Martha&#39;s Table, Safety Beach · Peninsula Insider"
https://peninsulainsider.com.au/eat/merricks-estate/,/eat/merricks-estate/,/eat,redirect-stub,200,allowed,(none),false,https://peninsulainsider.com.au/wine/merricks-estate/,false,false,true,/wine/merricks-estate/,1,/wine/merricks-estate/,true,false,0,1,1,2,false,MIGRATION_PENDING,Redirecting…
https://peninsulainsider.com.au/eat/merricks-general-wine-store/,/eat/merricks-general-wine-store/,/eat,detail,200,allowed,"index, follow, max-image-preview:large",false,https://peninsulainsider.com.au/eat/merricks-general-wine-store/,true,true,false,,0,,,,1734,41,17,2,false,CRAWL_PRIORITY,"Merricks General Wine Store, Merricks · Peninsula Insider"
https://peninsulainsider.com.au/eat/moke-dining/,/eat/moke-dining/,/eat,detail,200,allowed,"index, follow, max-image-preview:large",false,https://peninsulainsider.com.au/eat/moke-dining/,true,true,false,,0,,,,1428,15,7,2,false,CRAWL_PRIORITY,"Moke Dining, Flinders · Peninsula Insider"
https://peninsulainsider.com.au/eat/montalto/,/eat/montalto/,/eat,redirect-stub,200,allowed,(none),false,https://peninsulainsider.com.au/wine/montalto/,false,false,true,/wine/montalto/,1,/wine/montalto/,true,false,0,27,9,3,false,MIGRATION_PENDING,Redirecting…
https://peninsulainsider.com.au/eat/moorooduc-estate/,/eat/moorooduc-estate/,/eat,redirect-stub,200,allowed,(none),false,https://peninsulainsider.com.au/wine/moorooduc-estate/,false,false,true,/wine/moorooduc-estate/,1,/wine/moorooduc-estate/,true,false,0,3,1,3,false,MIGRATION_PENDING,Redirecting…
https://peninsulainsider.com.au/eat/morning-sun/,/eat/morning-sun/,/eat,redirect-stub,200,allowed,(none),false,https://peninsulainsider.com.au/wine/morning-sun/,false,false,true,/wine/morning-sun/,1,/wine/morning-sun/,true,false,0,0,0,,true,MIGRATION_PENDING,Redirecting…
https://peninsulainsider.com.au/eat/mornington-farmers-market/,/eat/mornington-farmers-market/,/eat,detail,200,allowed,"index, follow, max-image-preview:large",false,https://peninsulainsider.com.au/eat/mornington-farmers-market/,true,true,false,,0,,,,1566,28,11,2,false,CRAWL_PRIORITY,"Mornington Farmers&#39; Market, Mornington · Peninsula Insider"
https://peninsulainsider.com.au/eat/mornington-hotel/,/eat/mornington-hotel/,/eat,detail,200,allowed,"index, follow, max-image-preview:large",false,https://peninsulainsider.com.au/eat/mornington-hotel/,true,true,false,,0,,,,1613,8,4,2,false,CRAWL_PRIORITY,"The Mornington Hotel, Mornington · Peninsula Insider"
https://peninsulainsider.com.au/eat/mornington-main-street-market/,/eat/mornington-main-street-market/,/eat,detail,200,allowed,"index, follow, max-image-preview:large",false,https://peninsulainsider.com.au/eat/mornington-main-street-market/,true,true,false,,0,,,,1235,11,6,2,false,CRAWL_PRIORITY,"Mornington Main Street Market, Mornington · Peninsula Insider"
https://peninsulainsider.com.au/eat/mornington-peninsula-brewery/,/eat/mornington-peninsula-brewery/,/eat,detail,200,allowed,"index, follow, max-image-preview:large",false,https://peninsulainsider.com.au/eat/mornington-peninsula-brewery/,true,true,false,,0,,,,1509,4,2,2,false,CRAWL_PRIORITY,"Mornington Peninsula Brewery, Mornington · Peninsula Insider"
https://peninsulainsider.com.au/eat/mornington-peninsula-chocolates/,/eat/mornington-peninsula-chocolates/,/eat,detail,200,allowed,"index, follow, max-image-preview:large",false,https://peninsulainsider.com.au/eat/mornington-peninsula-chocolates/,true,true,false,,0,,,,1606,10,4,2,false,CRAWL_PRIORITY,"Mornington Peninsula Chocolates, Flinders · Peninsula Insider"
https://peninsulainsider.com.au/eat/mount-eliza-farmers-market/,/eat/mount-eliza-farmers-market/,/eat,detail,200,allowed,"index, follow, max-image-preview:large",false,https://peninsulainsider.com.au/eat/mount-eliza-farmers-market/,true,true,false,,0,,,,1099,14,7,2,false,CRAWL_PRIORITY,"Mount Eliza Farmers Market, Mount Eliza · Peninsula Insider"
https://peninsulainsider.com.au/eat/mr-vincenzos/,/eat/mr-vincenzos/,/eat,detail,200,allowed,"index, follow, max-image-preview:large",false,https://peninsulainsider.com.au/eat/mr-vincenzos/,true,true,false,,0,,,,1545,5,3,2,false,CRAWL_PRIORITY,"Mr Vincenzo&#39;s, Mornington · Peninsula Insider"
https://peninsulainsider.com.au/eat/nazaaray-estate/,/eat/nazaaray-estate/,/eat,redirect-stub,200,allowed,(none),false,https://peninsulainsider.com.au/wine/nazaaray-estate/,false,false,true,/wine/nazaaray-estate/,1,/wine/nazaaray-estate/,true,false,0,0,0,,true,MIGRATION_PENDING,Redirecting…
https://peninsulainsider.com.au/eat/no-booking/,/eat/no-booking/,/eat,detail,200,allowed,"index, follow, max-image-preview:large",false,https://peninsulainsider.com.au/eat/no-booking/,true,true,false,,0,,,,1486,1,1,2,false,CRAWL_PRIORITY,Walk-In Restaurants Mornington Peninsula · No Booking Required · Peninsula Insider
https://peninsulainsider.com.au/eat/ocean-eight/,/eat/ocean-eight/,/eat,redirect-stub,200,allowed,(none),false,https://peninsulainsider.com.au/wine/ocean-eight/,false,false,true,/wine/ocean-eight/,1,/wine/ocean-eight/,true,false,0,3,1,,false,MIGRATION_PENDING,Redirecting…
https://peninsulainsider.com.au/eat/onannon/,/eat/onannon/,/eat,redirect-stub,200,allowed,(none),false,https://peninsulainsider.com.au/wine/onannon/,false,false,true,/wine/onannon/,1,/wine/onannon/,true,false,0,0,0,,true,MIGRATION_PENDING,Redirecting…
https://peninsulainsider.com.au/eat/ouest-france-bistro/,/eat/ouest-france-bistro/,/eat,detail,200,allowed,"index, follow, max-image-preview:large",false,https://peninsulainsider.com.au/eat/ouest-france-bistro/,true,true,false,,0,,,,1391,5,3,2,false,CRAWL_PRIORITY,"Ouest France Bistro, Mornington · Peninsula Insider"
https://peninsulainsider.com.au/eat/paddock-to-plate/,/eat/paddock-to-plate/,/eat,detail,200,allowed,"index, follow, max-image-preview:large",false,https://peninsulainsider.com.au/eat/paddock-to-plate/,true,true,false,,0,,,,1642,0,0,,true,CRAWL_PRIORITY,Paddock to Plate Restaurants Mornington Peninsula · Peninsula Insider
https://peninsulainsider.com.au/eat/paradigm-hill/,/eat/paradigm-hill/,/eat,redirect-stub,200,allowed,(none),false,https://peninsulainsider.com.au/wine/paradigm-hill/,false,false,true,/wine/paradigm-hill/,1,/wine/paradigm-hill/,true,false,0,0,0,,true,MIGRATION_PENDING,Redirecting…
https://peninsulainsider.com.au/eat/paringa-estate/,/eat/paringa-estate/,/eat,redirect-stub,200,allowed,(none),false,https://peninsulainsider.com.au/wine/paringa-estate/,false,false,true,/wine/paringa-estate/,1,/wine/paringa-estate/,true,false,0,18,6,3,false,MIGRATION_PENDING,Redirecting…
https://peninsulainsider.com.au/eat/peninsula-fresh-organics/,/eat/peninsula-fresh-organics/,/eat,detail,200,allowed,"index, follow, max-image-preview:large",false,https://peninsulainsider.com.au/eat/peninsula-fresh-organics/,true,true,false,,0,,,,1607,10,4,2,false,CRAWL_PRIORITY,"Peninsula Fresh Organics, Mornington · Peninsula Insider"
https://peninsulainsider.com.au/eat/phaedrus-estate/,/eat/phaedrus-estate/,/eat,redirect-stub,200,allowed,(none),false,https://peninsulainsider.com.au/wine/phaedrus-estate/,false,false,true,/wine/phaedrus-estate/,1,/wine/phaedrus-estate/,true,false,0,0,0,,true,MIGRATION_PENDING,Redirecting…
https://peninsulainsider.com.au/eat/pier-street-flinders/,/eat/pier-street-flinders/,/eat,detail,200,allowed,"noindex, nofollow",true,https://peninsulainsider.com.au/eat/pier-street-flinders/,true,false,false,,0,,,,1650,12,6,2,false,INTENTIONAL_EXCLUSION,"Pier Street Kitchen, Flinders · Peninsula Insider"
https://peninsulainsider.com.au/eat/pier-street-seafood/,/eat/pier-street-seafood/,/eat,detail,200,allowed,"index, follow, max-image-preview:large",false,https://peninsulainsider.com.au/eat/pier-street-seafood/,true,true,false,,0,,,,1566,7,3,2,false,CRAWL_PRIORITY,"Pier Street Fresh Seafood, Dromana · Peninsula Insider"
https://peninsulainsider.com.au/eat/point-leo-wine-terrace/,/eat/point-leo-wine-terrace/,/eat,detail,200,allowed,"index, follow, max-image-preview:large",false,https://peninsulainsider.com.au/eat/point-leo-wine-terrace/,true,true,false,,0,,,,1669,11,7,2,false,CRAWL_PRIORITY,"Point Leo Wine Terrace, Merricks · Peninsula Insider"
https://peninsulainsider.com.au/eat/polperro/,/eat/polperro/,/eat,redirect-stub,200,allowed,(none),false,https://peninsulainsider.com.au/wine/polperro/,false,false,true,/wine/polperro/,1,/wine/polperro/,true,false,0,18,6,3,false,MIGRATION_PENDING,Redirecting…
https://peninsulainsider.com.au/eat/port-phillip-estate-restaurant/,/eat/port-phillip-estate-restaurant/,/eat,redirect-stub,200,allowed,(none),false,https://peninsulainsider.com.au/wine/port-phillip-estate/,false,false,true,/wine/port-phillip-estate/,1,/wine/port-phillip-estate/,true,false,0,9,5,2,false,MIGRATION_PENDING,Redirecting…
https://peninsulainsider.com.au/eat/port-phillip-estate/,/eat/port-phillip-estate/,/eat,redirect-stub,200,allowed,(none),false,https://peninsulainsider.com.au/wine/port-phillip-estate/,false,false,true,/wine/port-phillip-estate/,1,/wine/port-phillip-estate/,true,false,0,15,5,3,false,MIGRATION_PENDING,Redirecting…
https://peninsulainsider.com.au/eat/portsea-hotel/,/eat/portsea-hotel/,/eat,detail,200,allowed,"index, follow, max-image-preview:large",false,https://peninsulainsider.com.au/eat/portsea-hotel/,true,true,false,,0,,,,1473,33,14,2,false,CRAWL_PRIORITY,"Portsea Hotel, Portsea · Peninsula Insider"
https://peninsulainsider.com.au/eat/prancing-horse-estate/,/eat/prancing-horse-estate/,/eat,redirect-stub,200,allowed,(none),false,https://peninsulainsider.com.au/wine/prancing-horse-estate/,false,false,true,/wine/prancing-horse-estate/,1,/wine/prancing-horse-estate/,true,false,0,0,0,,true,MIGRATION_PENDING,Redirecting…
https://peninsulainsider.com.au/eat/providores/,/eat/providores/,/eat,detail,200,allowed,"index, follow, max-image-preview:large",false,https://peninsulainsider.com.au/eat/providores/,true,true,false,,0,,,,1113,0,0,,true,CRAWL_PRIORITY,Providores on the Mornington Peninsula · Peninsula Insider
https://peninsulainsider.com.au/eat/pt-leo-estate/,/eat/pt-leo-estate/,/eat,redirect-stub,200,allowed,(none),false,https://peninsulainsider.com.au/wine/pt-leo-estate/,false,false,true,/wine/pt-leo-estate/,1,/wine/pt-leo-estate/,true,false,0,12,4,3,false,MIGRATION_PENDING,Redirecting…
https://peninsulainsider.com.au/eat/pubs/,/eat/pubs/,/eat,detail,200,allowed,"index, follow, max-image-preview:large",false,https://peninsulainsider.com.au/eat/pubs/,true,true,false,,0,,,,1440,0,0,,true,CRAWL_PRIORITY,Best Pubs Mornington Peninsula · Peninsula Insider
https://peninsulainsider.com.au/eat/quealy-winemakers/,/eat/quealy-winemakers/,/eat,redirect-stub,200,allowed,(none),false,https://peninsulainsider.com.au/wine/quealy-winemakers/,false,false,true,/wine/quealy-winemakers/,1,/wine/quealy-winemakers/,true,false,0,0,0,,true,MIGRATION_PENDING,Redirecting…
https://peninsulainsider.com.au/eat/rare-hare/,/eat/rare-hare/,/eat,detail,200,allowed,"index, follow, max-image-preview:large",false,https://peninsulainsider.com.au/eat/rare-hare/,true,true,false,,0,,,,1737,23,13,2,false,CRAWL_PRIORITY,"Rare Hare at Willow Creek, Merricks · Peninsula Insider"
https://peninsulainsider.com.au/eat/red-gum-bbq/,/eat/red-gum-bbq/,/eat,detail,200,allowed,"index, follow, max-image-preview:large",false,https://peninsulainsider.com.au/eat/red-gum-bbq/,true,true,false,,0,,,,1618,11,5,2,false,CRAWL_PRIORITY,"Red Gum BBQ, Red Hill · Peninsula Insider"
https://peninsulainsider.com.au/eat/red-hill-bakery/,/eat/red-hill-bakery/,/eat,detail,200,allowed,"index, follow, max-image-preview:large",false,https://peninsulainsider.com.au/eat/red-hill-bakery/,true,true,false,,0,,,,1628,16,7,2,false,CRAWL_PRIORITY,"Red Hill Bakery, Red Hill · Peninsula Insider"
https://peninsulainsider.com.au/eat/red-hill-brewery/,/eat/red-hill-brewery/,/eat,detail,200,allowed,"index, follow, max-image-preview:large",false,https://peninsulainsider.com.au/eat/red-hill-brewery/,true,true,false,,0,,,,1747,17,7,2,false,CRAWL_PRIORITY,"Red Hill Brewery, Red Hill · Peninsula Insider"
https://peninsulainsider.com.au/eat/red-hill-cheese/,/eat/red-hill-cheese/,/eat,detail,200,allowed,"index, follow, max-image-preview:large",false,https://peninsulainsider.com.au/eat/red-hill-cheese/,true,true,false,,0,,,,1624,16,8,2,false,CRAWL_PRIORITY,"Red Hill Cheese, Red Hill · Peninsula Insider"
https://peninsulainsider.com.au/eat/red-hill-estate/,/eat/red-hill-estate/,/eat,redirect-stub,200,allowed,(none),false,https://peninsulainsider.com.au/wine/red-hill-estate/,false,false,true,/wine/red-hill-estate/,1,/wine/red-hill-estate/,true,false,0,6,2,3,false,MIGRATION_PENDING,Redirecting…
https://peninsulainsider.com.au/eat/red-hill-market/,/eat/red-hill-market/,/eat,detail,200,allowed,"index, follow, max-image-preview:large",false,https://peninsulainsider.com.au/eat/red-hill-market/,true,true,false,,0,,,,1707,22,15,2,false,CRAWL_PRIORITY,"Red Hill Market, Red Hill · Peninsula Insider"
https://peninsulainsider.com.au/eat/rye-beachside-market/,/eat/rye-beachside-market/,/eat,detail,200,allowed,"index, follow, max-image-preview:large",false,https://peninsulainsider.com.au/eat/rye-beachside-market/,true,true,false,,0,,,,1197,20,9,2,false,CRAWL_PRIORITY,"Rye Beachside Market, Rye · Peninsula Insider"
https://peninsulainsider.com.au/eat/rye-hotel/,/eat/rye-hotel/,/eat,detail,200,allowed,"index, follow, max-image-preview:large",false,https://peninsulainsider.com.au/eat/rye-hotel/,true,true,false,,0,,,,1539,23,9,2,false,CRAWL_PRIORITY,"Rye Hotel, Rye · Peninsula Insider"
https://peninsulainsider.com.au/eat/scorpo-wines/,/eat/scorpo-wines/,/eat,redirect-stub,200,allowed,(none),false,https://peninsulainsider.com.au/wine/scorpo-wines/,false,false,true,/wine/scorpo-wines/,1,/wine/scorpo-wines/,true,false,0,0,0,,true,MIGRATION_PENDING,Redirecting…
https://peninsulainsider.com.au/eat/seafood/,/eat/seafood/,/eat,detail,200,allowed,"index, follow, max-image-preview:large",false,https://peninsulainsider.com.au/eat/seafood/,true,true,false,,0,,,,1375,2,1,,false,CRAWL_PRIORITY,Best Seafood Mornington Peninsula · Peninsula Insider
https://peninsulainsider.com.au/eat/small-stone-pantry/,/eat/small-stone-pantry/,/eat,detail,200,allowed,"index, follow, max-image-preview:large",false,https://peninsulainsider.com.au/eat/small-stone-pantry/,true,true,false,,0,,,,1412,5,3,2,false,CRAWL_PRIORITY,"Small Stone Pantry, Dromana · Peninsula Insider"
https://peninsulainsider.com.au/eat/somers-general/,/eat/somers-general/,/eat,detail,200,allowed,"index, follow, max-image-preview:large",false,https://peninsulainsider.com.au/eat/somers-general/,true,true,false,,0,,,,1495,17,7,2,false,CRAWL_PRIORITY,"Somers General, Somers · Peninsula Insider"
https://peninsulainsider.com.au/eat/sorrento-gelato/,/eat/sorrento-gelato/,/eat,detail,200,allowed,"index, follow, max-image-preview:large",false,https://peninsulainsider.com.au/eat/sorrento-gelato/,true,true,false,,0,,,,1634,45,17,2,false,CRAWL_PRIORITY,"Sorrento Gelato, Sorrento · Peninsula Insider"
https://peninsulainsider.com.au/eat/sorrento-hotel/,/eat/sorrento-hotel/,/eat,detail,200,allowed,"index, follow, max-image-preview:large",false,https://peninsulainsider.com.au/eat/sorrento-hotel/,true,true,false,,0,,,,1608,23,9,2,false,CRAWL_PRIORITY,"The Sorrento Hotel, Sorrento · Peninsula Insider"
https://peninsulainsider.com.au/eat/sourdough-kitchen/,/eat/sourdough-kitchen/,/eat,detail,200,allowed,"index, follow, max-image-preview:large",false,https://peninsulainsider.com.au/eat/sourdough-kitchen/,true,true,false,,0,,,,1579,8,4,2,false,CRAWL_PRIORITY,"Sourdough Kitchen, Mornington · Peninsula Insider"
https://peninsulainsider.com.au/eat/st-andrews-beach-brewery/,/eat/st-andrews-beach-brewery/,/eat,detail,200,allowed,"index, follow, max-image-preview:large",false,https://peninsulainsider.com.au/eat/st-andrews-beach-brewery/,true,true,false,,0,,,,1618,16,6,2,false,CRAWL_PRIORITY,"St Andrews Beach Brewery, Rye · Peninsula Insider"
https://peninsulainsider.com.au/eat/stonier-wines/,/eat/stonier-wines/,/eat,redirect-stub,200,allowed,(none),false,https://peninsulainsider.com.au/wine/stonier-wines/,false,false,true,/wine/stonier-wines/,1,/wine/stonier-wines/,true,false,0,0,0,,true,MIGRATION_PENDING,Redirecting…
https://peninsulainsider.com.au/eat/stringers-sorrento/,/eat/stringers-sorrento/,/eat,detail,200,allowed,"index, follow, max-image-preview:large",false,https://peninsulainsider.com.au/eat/stringers-sorrento/,true,true,false,,0,,,,1711,15,7,2,false,CRAWL_PRIORITY,"Stringers Sorrento, Sorrento · Peninsula Insider"
https://peninsulainsider.com.au/eat/stumpy-gully-vineyard/,/eat/stumpy-gully-vineyard/,/eat,redirect-stub,200,allowed,(none),false,https://peninsulainsider.com.au/wine/stumpy-gully-vineyard/,false,false,true,/wine/stumpy-gully-vineyard/,1,/wine/stumpy-gully-vineyard/,true,false,0,3,1,3,false,MIGRATION_PENDING,Redirecting…
https://peninsulainsider.com.au/eat/t-gallant/,/eat/t-gallant/,/eat,redirect-stub,200,allowed,(none),false,https://peninsulainsider.com.au/wine/t-gallant/,false,false,true,/wine/t-gallant/,1,/wine/t-gallant/,true,false,0,3,1,3,false,MIGRATION_PENDING,Redirecting…
https://peninsulainsider.com.au/eat/tedesca-osteria/,/eat/tedesca-osteria/,/eat,detail,200,allowed,"index, follow, max-image-preview:large",false,https://peninsulainsider.com.au/eat/tedesca-osteria/,true,true,false,,0,,,,1679,32,15,2,false,CRAWL_PRIORITY,"Tedesca Osteria, Red Hill · Peninsula Insider"
https://peninsulainsider.com.au/eat/ten-minutes-by-tractor/,/eat/ten-minutes-by-tractor/,/eat,redirect-stub,200,allowed,(none),false,https://peninsulainsider.com.au/wine/ten-minutes-by-tractor/,false,false,true,/wine/ten-minutes-by-tractor/,1,/wine/ten-minutes-by-tractor/,true,false,0,16,6,3,false,MIGRATION_PENDING,Redirecting…
https://peninsulainsider.com.au/eat/the-baths-sorrento/,/eat/the-baths-sorrento/,/eat,detail,200,allowed,"index, follow, max-image-preview:large",false,https://peninsulainsider.com.au/eat/the-baths-sorrento/,true,true,false,,0,,,,1682,17,7,2,false,CRAWL_PRIORITY,"The Baths Sorrento, Sorrento · Peninsula Insider"
https://peninsulainsider.com.au/eat/the-bay-hotel-mornington/,/eat/the-bay-hotel-mornington/,/eat,detail,200,allowed,"index, follow, max-image-preview:large",false,https://peninsulainsider.com.au/eat/the-bay-hotel-mornington/,true,true,false,,0,,,,1628,8,4,2,false,CRAWL_PRIORITY,"The Bay Hotel Mornington, Mornington · Peninsula Insider"
https://peninsulainsider.com.au/eat/the-rocks-mornington/,/eat/the-rocks-mornington/,/eat,detail,200,allowed,"index, follow, max-image-preview:large",false,https://peninsulainsider.com.au/eat/the-rocks-mornington/,true,true,false,,0,,,,1582,11,5,2,false,CRAWL_PRIORITY,"The Rocks Mornington, Mornington · Peninsula Insider"
https://peninsulainsider.com.au/eat/trofeo-estate/,/eat/trofeo-estate/,/eat,redirect-stub,200,allowed,(none),false,https://peninsulainsider.com.au/wine/trofeo-estate/,false,false,true,/wine/trofeo-estate/,1,/wine/trofeo-estate/,true,false,0,0,0,,true,MIGRATION_PENDING,Redirecting…
https://peninsulainsider.com.au/eat/tucks-ridge/,/eat/tucks-ridge/,/eat,redirect-stub,200,allowed,(none),false,https://peninsulainsider.com.au/wine/tucks-ridge/,false,false,true,/wine/tucks-ridge/,1,/wine/tucks-ridge/,true,false,0,0,0,,true,MIGRATION_PENDING,Redirecting…
https://peninsulainsider.com.au/eat/two-bays-brewing/,/eat/two-bays-brewing/,/eat,detail,200,allowed,"index, follow, max-image-preview:large",false,https://peninsulainsider.com.au/eat/two-bays-brewing/,true,true,false,,0,,,,1640,4,2,2,false,CRAWL_PRIORITY,"Two Bays Brewing Co, Dromana · Peninsula Insider"
https://peninsulainsider.com.au/eat/via-boffe/,/eat/via-boffe/,/eat,detail,200,allowed,"index, follow, max-image-preview:large",false,https://peninsulainsider.com.au/eat/via-boffe/,true,true,false,,0,,,,1655,5,3,2,false,CRAWL_PRIORITY,"Via Boffe, Main Ridge · Peninsula Insider"
https://peninsulainsider.com.au/eat/waterfront/,/eat/waterfront/,/eat,detail,200,allowed,"index, follow, max-image-preview:large",false,https://peninsulainsider.com.au/eat/waterfront/,true,true,false,,0,,,,1399,4,2,,false,CRAWL_PRIORITY,Waterfront Restaurants Mornington Peninsula · Peninsula Insider
https://peninsulainsider.com.au/eat/willow-creek-vineyard/,/eat/willow-creek-vineyard/,/eat,redirect-stub,200,allowed,(none),false,https://peninsulainsider.com.au/wine/willow-creek-vineyard/,false,false,true,/wine/willow-creek-vineyard/,1,/wine/willow-creek-vineyard/,true,false,0,6,2,3,false,MIGRATION_PENDING,Redirecting…
https://peninsulainsider.com.au/eat/yabby-lake/,/eat/yabby-lake/,/eat,redirect-stub,200,allowed,(none),false,https://peninsulainsider.com.au/wine/yabby-lake/,false,false,true,/wine/yabby-lake/,1,/wine/yabby-lake/,true,false,0,6,2,3,false,MIGRATION_PENDING,Redirecting…
https://peninsulainsider.com.au/editorial-approach/,/editorial-approach/,/editorial-approach,hub,200,allowed,"index, follow, max-image-preview:large",false,https://peninsulainsider.com.au/editorial-approach/,true,true,false,,0,,,,1266,1403,627,1,false,CRAWL_PRIORITY,Editorial approach · Peninsula Insider
https://peninsulainsider.com.au/escape/,/escape/,/escape,redirect-stub,200,allowed,(none),false,https://peninsulainsider.com.au/explore/plans/,false,false,true,/explore/plans/,1,/explore/plans/,true,false,0,0,0,,true,MIGRATION_PENDING,Redirecting…
https://peninsulainsider.com.au/escape/flinders-and-cape-reset/,/escape/flinders-and-cape-reset/,/escape,redirect-stub,200,allowed,(none),false,https://peninsulainsider.com.au/explore/plans/flinders-and-cape-reset/,false,false,true,/explore/plans/flinders-and-cape-reset/,1,/explore/plans/flinders-and-cape-reset/,true,false,0,0,0,,true,MIGRATION_PENDING,Redirecting…
https://peninsulainsider.com.au/escape/mornington-peninsula-itinerary/,/escape/mornington-peninsula-itinerary/,/escape,redirect-stub,200,allowed,(none),false,https://peninsulainsider.com.au/explore/plans/mornington-peninsula-itinerary/,false,false,true,/explore/plans/mornington-peninsula-itinerary/,1,/explore/plans/mornington-peninsula-itinerary/,true,false,0,0,0,,true,MIGRATION_PENDING,Redirecting…
https://peninsulainsider.com.au/escape/ridge-to-sea-two-night-escape/,/escape/ridge-to-sea-two-night-escape/,/escape,redirect-stub,200,allowed,(none),false,https://peninsulainsider.com.au/explore/plans/ridge-to-sea-two-night-escape/,false,false,true,/explore/plans/ridge-to-sea-two-night-escape/,1,/explore/plans/ridge-to-sea-two-night-escape/,true,false,0,0,0,,true,MIGRATION_PENDING,Redirecting…
https://peninsulainsider.com.au/escape/sorrento-off-season-weekend/,/escape/sorrento-off-season-weekend/,/escape,redirect-stub,200,allowed,(none),false,https://peninsulainsider.com.au/explore/plans/sorrento-off-season-weekend/,false,false,true,/explore/plans/sorrento-off-season-weekend/,1,/explore/plans/sorrento-off-season-weekend/,true,false,0,0,0,,true,MIGRATION_PENDING,Redirecting…
https://peninsulainsider.com.au/escape/the-family-day-out/,/escape/the-family-day-out/,/escape,redirect-stub,200,allowed,(none),false,https://peninsulainsider.com.au/explore/plans/the-family-day-out/,false,false,true,/explore/plans/the-family-day-out/,1,/explore/plans/the-family-day-out/,true,false,0,0,0,,true,MIGRATION_PENDING,Redirecting…
https://peninsulainsider.com.au/escape/the-peninsula-golf-weekend/,/escape/the-peninsula-golf-weekend/,/escape,redirect-stub,200,allowed,(none),false,https://peninsulainsider.com.au/explore/plans/the-peninsula-golf-weekend/,false,false,true,/explore/plans/the-peninsula-golf-weekend/,1,/explore/plans/the-peninsula-golf-weekend/,true,false,0,0,0,,true,MIGRATION_PENDING,Redirecting…
https://peninsulainsider.com.au/escape/wellness-weekend/,/escape/wellness-weekend/,/escape,redirect-stub,200,allowed,(none),false,https://peninsulainsider.com.au/explore/plans/wellness-weekend/,false,false,true,/explore/plans/wellness-weekend/,1,/explore/plans/wellness-weekend/,true,false,0,0,0,,true,MIGRATION_PENDING,Redirecting…
https://peninsulainsider.com.au/ethics/,/ethics/,/ethics,redirect-stub,200,allowed,(none),false,https://peninsulainsider.com.au/editorial-approach/,false,false,true,/editorial-approach/,1,/editorial-approach/,true,false,0,0,0,,true,MIGRATION_PENDING,Redirecting…
https://peninsulainsider.com.au/events/,/events/,/events,hub,200,allowed,"index, follow, max-image-preview:large",false,https://peninsulainsider.com.au/events/,true,false,false,,0,,,,1140,22,11,,false,NEEDS_INVESTIGATION,Signature Events - the Peninsula calendar&#39;s anchor moments · Peninsula Insider
https://peninsulainsider.com.au/events/annual-festivals/,/events/annual-festivals/,/events,detail,200,allowed,"index, follow, max-image-preview:large",false,https://peninsulainsider.com.au/events/annual-festivals/,true,false,false,,0,,,,1676,1,1,,false,NEEDS_INVESTIGATION,Major annual festivals · Peninsula Insider
https://peninsulainsider.com.au/events/main-street-mornington-festival/,/events/main-street-mornington-festival/,/events,detail,200,allowed,"index, follow, max-image-preview:large",false,https://peninsulainsider.com.au/events/main-street-mornington-festival/,true,false,false,,0,,,,1357,1,1,,false,NEEDS_INVESTIGATION,Main Street Mornington Festival · Peninsula Insider
https://peninsulainsider.com.au/events/mornington-winter-music-festival/,/events/mornington-winter-music-festival/,/events,detail,200,allowed,"index, follow, max-image-preview:large",false,https://peninsulainsider.com.au/events/mornington-winter-music-festival/,true,false,false,,0,,,,1361,1,1,,false,NEEDS_INVESTIGATION,Mornington Winter Music Festival · Peninsula Insider
https://peninsulainsider.com.au/events/peninsula-film-festival/,/events/peninsula-film-festival/,/events,detail,200,allowed,"index, follow, max-image-preview:large",false,https://peninsulainsider.com.au/events/peninsula-film-festival/,true,false,false,,0,,,,1461,1,1,,false,NEEDS_INVESTIGATION,Peninsula Film Festival · Peninsula Insider
https://peninsulainsider.com.au/events/portsea-polo/,/events/portsea-polo/,/events,detail,200,allowed,"index, follow, max-image-preview:large",false,https://peninsulainsider.com.au/events/portsea-polo/,true,false,false,,0,,,,1733,1,1,,false,NEEDS_INVESTIGATION,Portsea Polo · Peninsula Insider
https://peninsulainsider.com.au/events/portsea-swim-classic/,/events/portsea-swim-classic/,/events,detail,200,allowed,"index, follow, max-image-preview:large",false,https://peninsulainsider.com.au/events/portsea-swim-classic/,true,false,false,,0,,,,1682,1,1,,false,NEEDS_INVESTIGATION,Portsea Swim Classic · Peninsula Insider
https://peninsulainsider.com.au/events/portsea-twilight/,/events/portsea-twilight/,/events,detail,200,allowed,"index, follow, max-image-preview:large",false,https://peninsulainsider.com.au/events/portsea-twilight/,true,false,false,,0,,,,1663,1,1,,false,NEEDS_INVESTIGATION,Portsea Twilight · Peninsula Insider
https://peninsulainsider.com.au/events/sailing-regattas/,/events/sailing-regattas/,/events,detail,200,allowed,"index, follow, max-image-preview:large",false,https://peninsulainsider.com.au/events/sailing-regattas/,true,false,false,,0,,,,1538,1,1,,false,NEEDS_INVESTIGATION,Major sailing regattas · Peninsula Insider
https://peninsulainsider.com.au/events/sorrento-writers-festival/,/events/sorrento-writers-festival/,/events,detail,200,allowed,"index, follow, max-image-preview:large",false,https://peninsulainsider.com.au/events/sorrento-writers-festival/,true,false,false,,0,,,,1660,1,1,,false,NEEDS_INVESTIGATION,Sorrento Writers Festival · Peninsula Insider
https://peninsulainsider.com.au/events/wine-weekends/,/events/wine-weekends/,/events,detail,200,allowed,"index, follow, max-image-preview:large",false,https://peninsulainsider.com.au/events/wine-weekends/,true,false,false,,0,,,,1734,1,1,,false,NEEDS_INVESTIGATION,Major wine weekends · Peninsula Insider
https://peninsulainsider.com.au/events/winter-wine-weekend/,/events/winter-wine-weekend/,/events,detail,200,allowed,"index, follow, max-image-preview:large",false,https://peninsulainsider.com.au/events/winter-wine-weekend/,true,false,false,,0,,,,1921,1,1,,false,NEEDS_INVESTIGATION,Winter Wine Weekend · Peninsula Insider
https://peninsulainsider.com.au/explore/,/explore/,/explore,hub,200,allowed,"index, follow, max-image-preview:large",false,https://peninsulainsider.com.au/explore/,true,true,false,,0,,,,4658,1607,627,1,false,CRAWL_PRIORITY,Things to Do on the Mornington Peninsula · Peninsula Insider
https://peninsulainsider.com.au/explore/arthurs-seat-lookout/,/explore/arthurs-seat-lookout/,/explore,detail,200,allowed,"index, follow, max-image-preview:large",false,https://peninsulainsider.com.au/explore/arthurs-seat-lookout/,true,true,false,,0,,,,1868,48,19,2,false,CRAWL_PRIORITY,"Arthurs Seat Eagle, Red Hill · Peninsula Insider"
https://peninsulainsider.com.au/explore/ashcombe-maze/,/explore/ashcombe-maze/,/explore,detail,200,allowed,"index, follow, max-image-preview:large",false,https://peninsulainsider.com.au/explore/ashcombe-maze/,true,true,false,,0,,,,1589,43,16,2,false,CRAWL_PRIORITY,"Ashcombe Maze &amp; Lavender Gardens, Shoreham · Peninsula Insider"
https://peninsulainsider.com.au/explore/balnarring-beach/,/explore/balnarring-beach/,/explore,detail,200,allowed,"index, follow, max-image-preview:large",false,https://peninsulainsider.com.au/explore/balnarring-beach/,true,true,false,,0,,,,1808,38,15,2,false,CRAWL_PRIORITY,"Balnarring Beach, Balnarring · Peninsula Insider"
https://peninsulainsider.com.au/explore/balnarring-farmers-market/,/explore/balnarring-farmers-market/,/explore,redirect-stub,200,allowed,(none),false,https://peninsulainsider.com.au/eat/balnarring-market/,false,false,true,/eat/balnarring-market/,1,/eat/balnarring-market/,true,false,0,0,0,,true,MIGRATION_PENDING,Redirecting…
https://peninsulainsider.com.au/explore/beaches/,/explore/beaches/,/explore,detail,200,allowed,"index, follow, max-image-preview:large",false,https://peninsulainsider.com.au/explore/beaches/,true,true,false,,0,,,,2855,6,4,2,false,CRAWL_PRIORITY,Best Beaches on the Mornington Peninsula · Peninsula Insider
https://peninsulainsider.com.au/explore/best-walks/,/explore/best-walks/,/explore,redirect-stub,200,allowed,(none),false,https://peninsulainsider.com.au/explore/walks/,false,false,true,/explore/walks/,1,/explore/walks/,true,false,0,0,0,,true,MIGRATION_PENDING,Redirecting…
https://peninsulainsider.com.au/explore/bushrangers-bay-walk/,/explore/bushrangers-bay-walk/,/explore,detail,200,allowed,"index, follow, max-image-preview:large",false,https://peninsulainsider.com.au/explore/bushrangers-bay-walk/,true,true,false,,0,,,,1816,698,627,1,false,CRAWL_PRIORITY,"Bushrangers Bay Walk, Cape Schanck · Peninsula Insider"
https://peninsulainsider.com.au/explore/bushrangers-bay/,/explore/bushrangers-bay/,/explore,redirect-stub,200,allowed,(none),false,https://peninsulainsider.com.au/explore/bushrangers-bay-walk/,false,false,true,/explore/bushrangers-bay-walk/,1,/explore/bushrangers-bay-walk/,true,false,0,49,18,2,false,MIGRATION_PENDING,Redirecting…
https://peninsulainsider.com.au/explore/cape-schanck-boardwalk/,/explore/cape-schanck-boardwalk/,/explore,detail,200,allowed,"index, follow, max-image-preview:large",false,https://peninsulainsider.com.au/explore/cape-schanck-boardwalk/,true,true,false,,0,,,,1823,40,22,2,false,CRAWL_PRIORITY,"Cape Schanck Boardwalk, Cape Schanck · Peninsula Insider"
https://peninsulainsider.com.au/explore/cape-schanck-lighthouse-walk/,/explore/cape-schanck-lighthouse-walk/,/explore,detail,200,allowed,"index, follow, max-image-preview:large",false,https://peninsulainsider.com.au/explore/cape-schanck-lighthouse-walk/,true,true,false,,0,,,,1755,13,7,2,false,CRAWL_PRIORITY,"Cape Schanck Lighthouse Walk, Cape Schanck · Peninsula Insider"
https://peninsulainsider.com.au/explore/coastal-walk-cape-schanck/,/explore/coastal-walk-cape-schanck/,/explore,detail,200,allowed,"index, follow, max-image-preview:large",false,https://peninsulainsider.com.au/explore/coastal-walk-cape-schanck/,true,true,false,,0,,,,1766,12,6,2,false,CRAWL_PRIORITY,"Cape Schanck to London Bridge Coastal Walk, Cape Schanck · Peninsula Insider"
https://peninsulainsider.com.au/explore/coppins-track/,/explore/coppins-track/,/explore,detail,200,allowed,"index, follow, max-image-preview:large",false,https://peninsulainsider.com.au/explore/coppins-track/,true,true,false,,0,,,,1826,43,19,2,false,CRAWL_PRIORITY,"Coppins Track, Sorrento · Peninsula Insider"
https://peninsulainsider.com.au/explore/day-trips/,/explore/day-trips/,/explore,detail,200,allowed,"index, follow, max-image-preview:large",false,https://peninsulainsider.com.au/explore/day-trips/,true,true,false,,0,,,,1672,1,1,2,false,CRAWL_PRIORITY,Mornington Peninsula Day Trips from Melbourne - 5 Routes · Peninsula Insider
https://peninsulainsider.com.au/explore/dog-friendly/,/explore/dog-friendly/,/explore,redirect-stub,200,allowed,(none),false,https://peninsulainsider.com.au/dog-friendly/,false,false,true,/dog-friendly/,1,/dog-friendly/,true,false,0,0,0,,true,MIGRATION_PENDING,Redirecting…
https://peninsulainsider.com.au/explore/dromana-beach/,/explore/dromana-beach/,/explore,detail,200,allowed,"index, follow, max-image-preview:large",false,https://peninsulainsider.com.au/explore/dromana-beach/,true,true,false,,0,,,,1783,27,12,2,false,CRAWL_PRIORITY,"Dromana Beach, Dromana · Peninsula Insider"
https://peninsulainsider.com.au/explore/eagle-ridge-golf-course/,/explore/eagle-ridge-golf-course/,/explore,detail,200,allowed,"index, follow, max-image-preview:large",false,https://peninsulainsider.com.au/explore/eagle-ridge-golf-course/,true,true,false,,0,,,,1835,22,10,2,false,CRAWL_PRIORITY,"Eagle Ridge Golf Course, Balnarring · Peninsula Insider"
https://peninsulainsider.com.au/explore/family-friendly/,/explore/family-friendly/,/explore,detail,200,allowed,"index, follow, max-image-preview:large",false,https://peninsulainsider.com.au/explore/family-friendly/,true,true,false,,0,,,,1469,2,2,2,false,CRAWL_PRIORITY,Family-Friendly Things to Do on the Mornington Peninsula · Peninsula Insider
https://peninsulainsider.com.au/explore/farnsworth-track/,/explore/farnsworth-track/,/explore,detail,200,allowed,"index, follow, max-image-preview:large",false,https://peninsulainsider.com.au/explore/farnsworth-track/,true,true,false,,0,,,,1628,37,15,2,false,CRAWL_PRIORITY,"Farnsworth Track, Point Nepean · Peninsula Insider"
https://peninsulainsider.com.au/explore/flinders-golf-club/,/explore/flinders-golf-club/,/explore,detail,200,allowed,"index, follow, max-image-preview:large",false,https://peninsulainsider.com.au/explore/flinders-golf-club/,true,true,false,,0,,,,1767,12,6,2,false,CRAWL_PRIORITY,"Flinders Golf Club, Flinders · Peninsula Insider"
https://peninsulainsider.com.au/explore/free/,/explore/free/,/explore,redirect-stub,200,allowed,(none),false,https://peninsulainsider.com.au/journal/free-things-to-do-mornington-peninsula/,false,false,true,/journal/free-things-to-do-mornington-peninsula/,1,/journal/free-things-to-do-mornington-peninsula/,true,false,0,0,0,,true,MIGRATION_PENDING,Redirecting…
https://peninsulainsider.com.au/explore/getting-around/,/explore/getting-around/,/explore,detail,200,allowed,"index, follow, max-image-preview:large",false,https://peninsulainsider.com.au/explore/getting-around/,true,true,false,,0,,,,2135,5,4,2,false,CRAWL_PRIORITY,Getting Around the Mornington Peninsula - Transport and Parking · Peninsula Insider
https://peninsulainsider.com.au/explore/getting-here/,/explore/getting-here/,/explore,detail,200,allowed,"index, follow, max-image-preview:large",false,https://peninsulainsider.com.au/explore/getting-here/,true,true,false,,0,,,,2093,5,4,2,false,CRAWL_PRIORITY,How to Get to the Mornington Peninsula from Melbourne · Peninsula Insider
https://peninsulainsider.com.au/explore/golf/,/explore/golf/,/explore,detail,200,allowed,"index, follow, max-image-preview:large",false,https://peninsulainsider.com.au/explore/golf/,true,true,false,,0,,,,4172,654,627,1,false,CRAWL_PRIORITY,Mornington Peninsula Golf - 11 Courses Ranked · Peninsula Insider
https://peninsulainsider.com.au/explore/greens-bush-two-bays-section/,/explore/greens-bush-two-bays-section/,/explore,detail,200,allowed,"index, follow, max-image-preview:large",false,https://peninsulainsider.com.au/explore/greens-bush-two-bays-section/,true,true,false,,0,,,,1852,21,9,2,false,CRAWL_PRIORITY,"Greens Bush - Two Bays Section, Main Ridge · Peninsula Insider"
https://peninsulainsider.com.au/explore/gunnamatta-ocean-beach/,/explore/gunnamatta-ocean-beach/,/explore,detail,200,allowed,"index, follow, max-image-preview:large",false,https://peninsulainsider.com.au/explore/gunnamatta-ocean-beach/,true,true,false,,0,,,,1734,14,7,2,false,CRAWL_PRIORITY,"Gunnamatta Ocean Beach, Cape Schanck · Peninsula Insider"
https://peninsulainsider.com.au/explore/hot-springs/,/explore/hot-springs/,/explore,detail,200,allowed,"index, follow, max-image-preview:large",false,https://peninsulainsider.com.au/explore/hot-springs/,true,true,false,,0,,,,1581,59,48,2,false,CRAWL_PRIORITY,Mornington Peninsula Hot Springs - Peninsula Hot Springs vs Alba · Peninsula Insider
https://peninsulainsider.com.au/explore/map/,/explore/map/,/explore,detail,200,allowed,"index, follow, max-image-preview:large",false,https://peninsulainsider.com.au/explore/map/,true,true,false,,0,,,,2326,2,2,3,false,CRAWL_PRIORITY,The Mornington Peninsula - How the Geography Works · Peninsula Insider
https://peninsulainsider.com.au/explore/markets/,/explore/markets/,/explore,detail,200,allowed,"index, follow, max-image-preview:large",false,https://peninsulainsider.com.au/explore/markets/,true,true,false,,0,,,,2449,3,2,2,false,CRAWL_PRIORITY,"Mornington Peninsula Markets - Red Hill, Balnarring &amp; More · Peninsula Insider"
https://peninsulainsider.com.au/explore/montalto-sculpture-trail/,/explore/montalto-sculpture-trail/,/explore,detail,200,allowed,"index, follow, max-image-preview:large",false,https://peninsulainsider.com.au/explore/montalto-sculpture-trail/,true,true,false,,0,,,,1783,26,11,2,false,CRAWL_PRIORITY,"Montalto Sculpture Trail, Red Hill · Peninsula Insider"
https://peninsulainsider.com.au/explore/moonah-links/,/explore/moonah-links/,/explore,detail,200,allowed,"index, follow, max-image-preview:large",false,https://peninsulainsider.com.au/explore/moonah-links/,true,true,false,,0,,,,1774,15,9,2,false,CRAWL_PRIORITY,"Moonah Links, Cape Schanck · Peninsula Insider"
https://peninsulainsider.com.au/explore/mornington-foreshore-walk/,/explore/mornington-foreshore-walk/,/explore,detail,200,allowed,"index, follow, max-image-preview:large",false,https://peninsulainsider.com.au/explore/mornington-foreshore-walk/,true,true,false,,0,,,,1782,35,17,2,false,CRAWL_PRIORITY,"Mornington Peninsula Foreshore Walk, Mornington · Peninsula Insider"
https://peninsulainsider.com.au/explore/mornington-golf-club/,/explore/mornington-golf-club/,/explore,detail,200,allowed,"index, follow, max-image-preview:large",false,https://peninsulainsider.com.au/explore/mornington-golf-club/,true,true,false,,0,,,,1798,28,12,2,false,CRAWL_PRIORITY,"Mornington Golf Club, Mornington · Peninsula Insider"
https://peninsulainsider.com.au/explore/mornington-main-street-market/,/explore/mornington-main-street-market/,/explore,redirect-stub,200,allowed,(none),false,https://peninsulainsider.com.au/eat/mornington-main-street-market/,false,false,true,/eat/mornington-main-street-market/,1,/eat/mornington-main-street-market/,true,false,0,0,0,,true,MIGRATION_PENDING,Redirecting…
https://peninsulainsider.com.au/explore/mornington-peninsula-gallery/,/explore/mornington-peninsula-gallery/,/explore,detail,200,allowed,"index, follow, max-image-preview:large",false,https://peninsulainsider.com.au/explore/mornington-peninsula-gallery/,true,true,false,,0,,,,1867,29,11,2,false,CRAWL_PRIORITY,"Mornington Peninsula Regional Gallery, Mornington · Peninsula Insider"
https://peninsulainsider.com.au/explore/mornington-peninsula-walk/,/explore/mornington-peninsula-walk/,/explore,redirect-stub,200,allowed,(none),false,https://peninsulainsider.com.au/explore/walks/,false,false,true,/explore/walks/,1,/explore/walks/,true,false,0,0,0,,true,MIGRATION_PENDING,Redirecting…
https://peninsulainsider.com.au/explore/mount-eliza-farmers-market/,/explore/mount-eliza-farmers-market/,/explore,redirect-stub,200,allowed,(none),false,https://peninsulainsider.com.au/eat/mount-eliza-farmers-market/,false,false,true,/eat/mount-eliza-farmers-market/,1,/eat/mount-eliza-farmers-market/,true,false,0,0,0,,true,MIGRATION_PENDING,Redirecting…
https://peninsulainsider.com.au/explore/mount-martha-beach/,/explore/mount-martha-beach/,/explore,detail,200,allowed,"index, follow, max-image-preview:large",false,https://peninsulainsider.com.au/explore/mount-martha-beach/,true,true,false,,0,,,,1745,30,13,2,false,CRAWL_PRIORITY,"Mount Martha Beach, Mount Martha · Peninsula Insider"
https://peninsulainsider.com.au/explore/places/,/explore/places/,/explore/places,detail,200,allowed,"index, follow, max-image-preview:large",false,https://peninsulainsider.com.au/explore/places/,true,true,false,,0,,,,2728,742,627,1,false,CRAWL_PRIORITY,Mornington Peninsula Towns - a guide to every locality · Peninsula Insider
https://peninsulainsider.com.au/explore/places/arthurs-seat/,/explore/places/arthurs-seat/,/explore/places,detail,200,allowed,"index, follow, max-image-preview:large",false,https://peninsulainsider.com.au/explore/places/arthurs-seat/,true,true,false,,0,,,,1879,9,6,2,false,CRAWL_PRIORITY,"Arthurs Seat Guide 2026 - Lookout, Eagle &amp; Ridge Views · Peninsula Insider"
https://peninsulainsider.com.au/explore/places/balnarring/,/explore/places/balnarring/,/explore/places,detail,200,allowed,"index, follow, max-image-preview:large",false,https://peninsulainsider.com.au/explore/places/balnarring/,true,true,false,,0,,,,2857,121,58,2,false,CRAWL_PRIORITY,"Balnarring Guide 2026 - Market, Beaches &amp; Hinterland Quiet · Peninsula Insider"
https://peninsulainsider.com.au/explore/places/bittern/,/explore/places/bittern/,/explore/places,detail,200,allowed,"index, follow, max-image-preview:large",false,https://peninsulainsider.com.au/explore/places/bittern/,true,true,false,,0,,,,1909,9,6,2,false,CRAWL_PRIORITY,"Bittern Guide - Things to Do, Eat &amp; Stay · Peninsula Insider"
https://peninsulainsider.com.au/explore/places/blairgowrie/,/explore/places/blairgowrie/,/explore/places,detail,200,allowed,"index, follow, max-image-preview:large",false,https://peninsulainsider.com.au/explore/places/blairgowrie/,true,true,false,,0,,,,1863,9,6,2,false,CRAWL_PRIORITY,"Blairgowrie Guide - Things to Do, Eat &amp; Stay · Peninsula Insider"
https://peninsulainsider.com.au/explore/places/boneo/,/explore/places/boneo/,/explore/places,detail,200,allowed,"index, follow, max-image-preview:large",false,https://peninsulainsider.com.au/explore/places/boneo/,true,true,false,,0,,,,1945,9,6,2,false,CRAWL_PRIORITY,"Boneo Guide - Things to Do, Eat &amp; Stay · Peninsula Insider"
https://peninsulainsider.com.au/explore/places/cape-schanck/,/explore/places/cape-schanck/,/explore/places,detail,200,allowed,"index, follow, max-image-preview:large",false,https://peninsulainsider.com.au/explore/places/cape-schanck/,true,true,false,,0,,,,4252,215,62,2,false,CRAWL_PRIORITY,"Cape Schanck Guide 2026 - Walks, Lighthouse &amp; Wild Coast · Peninsula Insider"
https://peninsulainsider.com.au/explore/places/capel-sound/,/explore/places/capel-sound/,/explore/places,detail,200,allowed,"index, follow, max-image-preview:large",false,https://peninsulainsider.com.au/explore/places/capel-sound/,true,true,false,,0,,,,1934,9,6,2,false,CRAWL_PRIORITY,"Capel Sound Guide - Things to Do, Eat &amp; Stay · Peninsula Insider"
https://peninsulainsider.com.au/explore/places/crib-point/,/explore/places/crib-point/,/explore/places,detail,200,allowed,"index, follow, max-image-preview:large",false,https://peninsulainsider.com.au/explore/places/crib-point/,true,true,false,,0,,,,1985,11,7,2,false,CRAWL_PRIORITY,"Crib Point Guide - Things to Do, Eat &amp; Stay · Peninsula Insider"
https://peninsulainsider.com.au/explore/places/dromana/,/explore/places/dromana/,/explore/places,detail,200,allowed,"index, follow, max-image-preview:large",false,https://peninsulainsider.com.au/explore/places/dromana/,true,true,false,,0,,,,2913,174,96,2,false,CRAWL_PRIORITY,Dromana Guide 2026 - Gateway to the Peninsula &amp; Arthur&#39;s Seat · Peninsula Insider
https://peninsulainsider.com.au/explore/places/fingal/,/explore/places/fingal/,/explore/places,detail,200,allowed,"index, follow, max-image-preview:large",false,https://peninsulainsider.com.au/explore/places/fingal/,true,true,false,,0,,,,2127,23,17,2,false,CRAWL_PRIORITY,"Fingal Guide - Things to Do, Eat &amp; Stay · Peninsula Insider"
https://peninsulainsider.com.au/explore/places/flinders/,/explore/places/flinders/,/explore/places,detail,200,allowed,"index, follow, max-image-preview:large",false,https://peninsulainsider.com.au/explore/places/flinders/,true,true,false,,0,,,,2674,119,56,2,false,CRAWL_PRIORITY,Flinders Mornington Peninsula 2026 - Guide to the Ocean Village · Peninsula Insider
https://peninsulainsider.com.au/explore/places/hastings/,/explore/places/hastings/,/explore/places,detail,200,allowed,"index, follow, max-image-preview:large",false,https://peninsulainsider.com.au/explore/places/hastings/,true,true,false,,0,,,,1894,44,36,2,false,CRAWL_PRIORITY,"Hastings Guide - Things to Do, Eat &amp; Stay · Peninsula Insider"
https://peninsulainsider.com.au/explore/places/main-ridge/,/explore/places/main-ridge/,/explore/places,detail,200,allowed,"index, follow, max-image-preview:large",false,https://peninsulainsider.com.au/explore/places/main-ridge/,true,true,false,,0,,,,2993,180,73,2,false,CRAWL_PRIORITY,"Main Ridge Guide 2026 - Cellar Doors, Producers &amp; the Plateau · Peninsula Insider"
https://peninsulainsider.com.au/explore/places/mccrae/,/explore/places/mccrae/,/explore/places,detail,200,allowed,"index, follow, max-image-preview:large",false,https://peninsulainsider.com.au/explore/places/mccrae/,true,true,false,,0,,,,1857,7,5,2,false,CRAWL_PRIORITY,"McCrae Guide - Things to Do, Eat &amp; Stay · Peninsula Insider"
https://peninsulainsider.com.au/explore/places/merricks-beach/,/explore/places/merricks-beach/,/explore/places,detail,200,allowed,"index, follow, max-image-preview:large",false,https://peninsulainsider.com.au/explore/places/merricks-beach/,true,true,false,,0,,,,1926,9,6,2,false,CRAWL_PRIORITY,"Merricks Beach Guide - Things to Do, Eat &amp; Stay · Peninsula Insider"
https://peninsulainsider.com.au/explore/places/merricks-north/,/explore/places/merricks-north/,/explore/places,detail,200,allowed,"index, follow, max-image-preview:large",false,https://peninsulainsider.com.au/explore/places/merricks-north/,true,true,false,,0,,,,1879,7,5,2,false,CRAWL_PRIORITY,"Merricks North Guide - Things to Do, Eat &amp; Stay · Peninsula Insider"
https://peninsulainsider.com.au/explore/places/merricks/,/explore/places/merricks/,/explore/places,detail,200,allowed,"index, follow, max-image-preview:large",false,https://peninsulainsider.com.au/explore/places/merricks/,true,true,false,,0,,,,2968,225,112,2,false,CRAWL_PRIORITY,"Merricks Guide 2026 - Wineries, General Store &amp; Village Pace · Peninsula Insider"
https://peninsulainsider.com.au/explore/places/moorooduc/,/explore/places/moorooduc/,/explore/places,detail,200,allowed,"index, follow, max-image-preview:large",false,https://peninsulainsider.com.au/explore/places/moorooduc/,true,true,false,,0,,,,2359,90,65,2,false,CRAWL_PRIORITY,"Moorooduc Guide - Things to Do, Eat &amp; Stay · Peninsula Insider"
https://peninsulainsider.com.au/explore/places/mornington/,/explore/places/mornington/,/explore/places,detail,200,allowed,"index, follow, max-image-preview:large",false,https://peninsulainsider.com.au/explore/places/mornington/,true,true,false,,0,,,,3244,250,98,2,false,CRAWL_PRIORITY,"Mornington Town Guide 2026 - Restaurants, Markets &amp; Beaches · Peninsula Insider"
https://peninsulainsider.com.au/explore/places/mount-eliza/,/explore/places/mount-eliza/,/explore/places,detail,200,allowed,"index, follow, max-image-preview:large",false,https://peninsulainsider.com.au/explore/places/mount-eliza/,true,true,false,,0,,,,1976,12,7,2,false,CRAWL_PRIORITY,"Mount Eliza Guide - Things to Do, Eat &amp; Stay · Peninsula Insider"
https://peninsulainsider.com.au/explore/places/mount-martha/,/explore/places/mount-martha/,/explore/places,detail,200,allowed,"index, follow, max-image-preview:large",false,https://peninsulainsider.com.au/explore/places/mount-martha/,true,true,false,,0,,,,2281,41,25,2,false,CRAWL_PRIORITY,"Mount Martha Guide 2026 - Beaches, Walks &amp; Bayside Living · Peninsula Insider"
https://peninsulainsider.com.au/explore/places/point-leo/,/explore/places/point-leo/,/explore/places,detail,200,allowed,"index, follow, max-image-preview:large",false,https://peninsulainsider.com.au/explore/places/point-leo/,true,true,false,,0,,,,1863,7,5,2,false,CRAWL_PRIORITY,"Point Leo Guide - Things to Do, Eat &amp; Stay · Peninsula Insider"
https://peninsulainsider.com.au/explore/places/point-nepean/,/explore/places/point-nepean/,/explore/places,detail,200,allowed,"index, follow, max-image-preview:large",false,https://peninsulainsider.com.au/explore/places/point-nepean/,true,true,false,,0,,,,2675,50,21,2,false,CRAWL_PRIORITY,"Point Nepean Guide 2026 - Fort Walk, National Park &amp; History · Peninsula Insider"
https://peninsulainsider.com.au/explore/places/portsea/,/explore/places/portsea/,/explore/places,detail,200,allowed,"index, follow, max-image-preview:large",false,https://peninsulainsider.com.au/explore/places/portsea/,true,true,false,,0,,,,2560,83,45,2,false,CRAWL_PRIORITY,"Portsea Guide 2026 - Beaches, Dining &amp; the Tip of the Peninsula · Peninsula Insider"
https://peninsulainsider.com.au/explore/places/red-hill-south/,/explore/places/red-hill-south/,/explore/places,detail,200,allowed,"index, follow, max-image-preview:large",false,https://peninsulainsider.com.au/explore/places/red-hill-south/,true,true,false,,0,,,,1915,7,5,2,false,CRAWL_PRIORITY,"Red Hill South Guide - Things to Do, Eat &amp; Stay · Peninsula Insider"
https://peninsulainsider.com.au/explore/places/red-hill/,/explore/places/red-hill/,/explore/places,detail,200,allowed,"index, follow, max-image-preview:large",false,https://peninsulainsider.com.au/explore/places/red-hill/,true,true,false,,0,,,,3810,616,221,2,false,CRAWL_PRIORITY,Red Hill Mornington Peninsula 2026 - Best Wineries &amp; Restaurants · Peninsula Insider
https://peninsulainsider.com.au/explore/places/rosebud/,/explore/places/rosebud/,/explore/places,detail,200,allowed,"index, follow, max-image-preview:large",false,https://peninsulainsider.com.au/explore/places/rosebud/,true,true,false,,0,,,,2141,25,16,2,false,CRAWL_PRIORITY,"Rosebud Guide - Things to Do, Eat &amp; Stay · Peninsula Insider"
https://peninsulainsider.com.au/explore/places/rye/,/explore/places/rye/,/explore/places,detail,200,allowed,"index, follow, max-image-preview:large",false,https://peninsulainsider.com.au/explore/places/rye/,true,true,false,,0,,,,2949,123,50,2,false,CRAWL_PRIORITY,"Rye Mornington Peninsula 2026 - Beaches, Hot Springs &amp; Brewery Guide · Peninsula Insider"
https://peninsulainsider.com.au/explore/places/safety-beach/,/explore/places/safety-beach/,/explore/places,detail,200,allowed,"index, follow, max-image-preview:large",false,https://peninsulainsider.com.au/explore/places/safety-beach/,true,true,false,,0,,,,2349,25,15,2,false,CRAWL_PRIORITY,"Safety Beach Guide - Things to Do, Eat &amp; Stay · Peninsula Insider"
https://peninsulainsider.com.au/explore/places/shoreham/,/explore/places/shoreham/,/explore/places,detail,200,allowed,"index, follow, max-image-preview:large",false,https://peninsulainsider.com.au/explore/places/shoreham/,true,true,false,,0,,,,2203,47,29,2,false,CRAWL_PRIORITY,"Shoreham Guide - Things to Do, Eat &amp; Stay · Peninsula Insider"
https://peninsulainsider.com.au/explore/places/somers/,/explore/places/somers/,/explore/places,detail,200,allowed,"index, follow, max-image-preview:large",false,https://peninsulainsider.com.au/explore/places/somers/,true,true,false,,0,,,,2298,18,11,2,false,CRAWL_PRIORITY,"Somers Guide - Things to Do, Eat &amp; Stay · Peninsula Insider"
https://peninsulainsider.com.au/explore/places/sorrento/,/explore/places/sorrento/,/explore/places,detail,200,allowed,"index, follow, max-image-preview:large",false,https://peninsulainsider.com.au/explore/places/sorrento/,true,true,false,,0,,,,3294,205,73,2,false,CRAWL_PRIORITY,"Sorrento Mornington Peninsula 2026 - Where to Eat, Stay &amp; Swim · Peninsula Insider"
https://peninsulainsider.com.au/explore/places/st-andrews-beach/,/explore/places/st-andrews-beach/,/explore/places,detail,200,allowed,"index, follow, max-image-preview:large",false,https://peninsulainsider.com.au/explore/places/st-andrews-beach/,true,true,false,,0,,,,1994,7,5,2,false,CRAWL_PRIORITY,"St Andrews Beach Guide - Things to Do, Eat &amp; Stay · Peninsula Insider"
https://peninsulainsider.com.au/explore/places/stony-point/,/explore/places/stony-point/,/explore/places,detail,200,allowed,"index, follow, max-image-preview:large",false,https://peninsulainsider.com.au/explore/places/stony-point/,true,true,false,,0,,,,1810,9,6,2,false,CRAWL_PRIORITY,"Stony Point Guide - Things to Do, Eat &amp; Stay · Peninsula Insider"
https://peninsulainsider.com.au/explore/places/tootgarook/,/explore/places/tootgarook/,/explore/places,detail,200,allowed,"index, follow, max-image-preview:large",false,https://peninsulainsider.com.au/explore/places/tootgarook/,true,true,false,,0,,,,1980,9,6,2,false,CRAWL_PRIORITY,"Tootgarook Guide - Things to Do, Eat &amp; Stay · Peninsula Insider"
https://peninsulainsider.com.au/explore/places/tuerong/,/explore/places/tuerong/,/explore/places,detail,200,allowed,"index, follow, max-image-preview:large",false,https://peninsulainsider.com.au/explore/places/tuerong/,true,true,false,,0,,,,1956,27,15,2,false,CRAWL_PRIORITY,"Tuerong Guide - Things to Do, Eat &amp; Stay · Peninsula Insider"
https://peninsulainsider.com.au/explore/places/tyabb/,/explore/places/tyabb/,/explore/places,detail,200,allowed,"index, follow, max-image-preview:large",false,https://peninsulainsider.com.au/explore/places/tyabb/,true,true,false,,0,,,,1706,7,5,2,false,CRAWL_PRIORITY,"Tyabb Guide - Things to Do, Eat &amp; Stay · Peninsula Insider"
https://peninsulainsider.com.au/explore/plans/,/explore/plans/,/explore/plans,detail,200,allowed,"index, follow, max-image-preview:large",false,https://peninsulainsider.com.au/explore/plans/,true,true,false,,0,,,,1951,2082,627,1,false,CRAWL_PRIORITY,Mornington Peninsula Plans · Peninsula Insider
https://peninsulainsider.com.au/explore/plans/build/,/explore/plans/build/,/explore/plans,detail,200,allowed,"index, follow, max-image-preview:large",false,https://peninsulainsider.com.au/explore/plans/build/,true,false,false,,0,,,,1003,0,0,,true,NEEDS_INVESTIGATION,Build a plan · Peninsula Insider
https://peninsulainsider.com.au/explore/plans/corporate-events-how-to-plan-peninsula-retreat/,/explore/plans/corporate-events-how-to-plan-peninsula-retreat/,/explore/plans,detail,200,allowed,"index, follow, max-image-preview:large",false,https://peninsulainsider.com.au/explore/plans/corporate-events-how-to-plan-peninsula-retreat/,true,true,false,,0,,,,1784,16,14,3,false,CRAWL_PRIORITY,How to Plan a Mornington Peninsula Corporate Retreat · Peninsula Insider
https://peninsulainsider.com.au/explore/plans/flinders-and-cape-reset/,/explore/plans/flinders-and-cape-reset/,/explore/plans,detail,200,allowed,"index, follow, max-image-preview:large",false,https://peninsulainsider.com.au/explore/plans/flinders-and-cape-reset/,true,true,false,,0,,,,1762,50,18,2,false,CRAWL_PRIORITY,Flinders and the Cape: A One-Night Reset - Mornington Peninsula Weekend Escape · Peninsula Insider
https://peninsulainsider.com.au/explore/plans/how-to-build-a-red-hill-saturday/,/explore/plans/how-to-build-a-red-hill-saturday/,/explore/plans,detail,200,allowed,"index, follow, max-image-preview:large",false,https://peninsulainsider.com.au/explore/plans/how-to-build-a-red-hill-saturday/,true,true,false,,0,,,,1636,32,28,2,false,CRAWL_PRIORITY,What to Do in Red Hill This Weekend: The Saturday Plan · Peninsula Insider
https://peninsulainsider.com.au/explore/plans/how-to-plan-a-peninsula-weekend/,/explore/plans/how-to-plan-a-peninsula-weekend/,/explore/plans,detail,200,allowed,"index, follow, max-image-preview:large",false,https://peninsulainsider.com.au/explore/plans/how-to-plan-a-peninsula-weekend/,true,true,false,,0,,,,2889,35,32,2,false,CRAWL_PRIORITY,How to Plan a Peninsula Weekend: The Decision Framework · Peninsula Insider
https://peninsulainsider.com.au/explore/plans/mornington-day-guide/,/explore/plans/mornington-day-guide/,/explore/plans,detail,200,allowed,"index, follow, max-image-preview:large",false,https://peninsulainsider.com.au/explore/plans/mornington-day-guide/,true,true,false,,0,,,,2163,11,11,2,false,CRAWL_PRIORITY,The Mornington Day: How to Treat the Gateway Town as the Destination · Peninsula Insider
https://peninsulainsider.com.au/explore/plans/mornington-peninsula-golf-stay-and-play/,/explore/plans/mornington-peninsula-golf-stay-and-play/,/explore/plans,detail,200,allowed,"index, follow, max-image-preview:large",false,https://peninsulainsider.com.au/explore/plans/mornington-peninsula-golf-stay-and-play/,true,true,false,,0,,,,2243,12,9,2,false,CRAWL_PRIORITY,Mornington Peninsula Stay and Play Golf - Where to Stay Near Every Course · Peninsula Insider
https://peninsulainsider.com.au/explore/plans/mornington-peninsula-itinerary/,/explore/plans/mornington-peninsula-itinerary/,/explore/plans,detail,200,allowed,"index, follow, max-image-preview:large",false,https://peninsulainsider.com.au/explore/plans/mornington-peninsula-itinerary/,true,false,false,,0,,,,1939,0,0,,true,NEEDS_INVESTIGATION,Mornington Peninsula Itinerary · Peninsula Insider
https://peninsulainsider.com.au/explore/plans/mornington-peninsula-stay-and-soak/,/explore/plans/mornington-peninsula-stay-and-soak/,/explore/plans,detail,200,allowed,"index, follow, max-image-preview:large",false,https://peninsulainsider.com.au/explore/plans/mornington-peninsula-stay-and-soak/,true,true,false,,0,,,,2532,9,8,2,false,CRAWL_PRIORITY,Mornington Peninsula Stay and Soak - Where to Stay Near the Hot Springs · Peninsula Insider
https://peninsulainsider.com.au/explore/plans/ridge-to-sea-two-night-escape/,/explore/plans/ridge-to-sea-two-night-escape/,/explore/plans,detail,200,allowed,"index, follow, max-image-preview:large",false,https://peninsulainsider.com.au/explore/plans/ridge-to-sea-two-night-escape/,true,true,false,,0,,,,1886,1314,627,1,false,CRAWL_PRIORITY,Ridge to Sea: A Two-Night Peninsula Escape - Mornington Peninsula Weekend Escape · Peninsula Insider
https://peninsulainsider.com.au/explore/plans/sorrento-off-season-weekend/,/explore/plans/sorrento-off-season-weekend/,/explore/plans,detail,200,allowed,"index, follow, max-image-preview:large",false,https://peninsulainsider.com.au/explore/plans/sorrento-off-season-weekend/,true,true,false,,0,,,,2128,688,627,1,false,CRAWL_PRIORITY,The Sorrento Off-Season Weekend - Mornington Peninsula Weekend Escape · Peninsula Insider
https://peninsulainsider.com.au/explore/plans/the-birthday-weekend/,/explore/plans/the-birthday-weekend/,/explore/plans,detail,200,allowed,"index, follow, max-image-preview:large",false,https://peninsulainsider.com.au/explore/plans/the-birthday-weekend/,true,true,false,,0,,,,3142,11,11,2,false,CRAWL_PRIORITY,The Peninsula Birthday Weekend: A Two-Night Plan That Actually Feels Celebratory · Peninsula Insider
https://peninsulainsider.com.au/explore/plans/the-couples-weekend/,/explore/plans/the-couples-weekend/,/explore/plans,detail,200,allowed,"index, follow, max-image-preview:large",false,https://peninsulainsider.com.au/explore/plans/the-couples-weekend/,true,true,false,,0,,,,2517,20,18,2,false,CRAWL_PRIORITY,The Couples&#39; Weekend: A Two-Night Peninsula Itinerary for People Who Don&#39;t Need Activities · Peninsula Insider
https://peninsulainsider.com.au/explore/plans/the-easter-peninsula/,/explore/plans/the-easter-peninsula/,/explore/plans,detail,200,allowed,"index, follow, max-image-preview:large",false,https://peninsulainsider.com.au/explore/plans/the-easter-peninsula/,true,true,false,,0,,,,2938,7,7,3,false,CRAWL_PRIORITY,The Easter Peninsula: How to Do the Long Weekend Without Losing It to the Crowds · Peninsula Insider
https://peninsulainsider.com.au/explore/plans/the-family-day-out/,/explore/plans/the-family-day-out/,/explore/plans,detail,200,allowed,"index, follow, max-image-preview:large",false,https://peninsulainsider.com.au/explore/plans/the-family-day-out/,true,true,false,,0,,,,1804,672,627,1,false,CRAWL_PRIORITY,The Peninsula Family Day Out - Mornington Peninsula Weekend Escape · Peninsula Insider
https://peninsulainsider.com.au/explore/plans/the-four-hour-peninsula/,/explore/plans/the-four-hour-peninsula/,/explore/plans,detail,200,allowed,"index, follow, max-image-preview:large",false,https://peninsulainsider.com.au/explore/plans/the-four-hour-peninsula/,true,true,false,,0,,,,2726,17,16,2,false,CRAWL_PRIORITY,The Four-Hour Peninsula: A Surgical Strike for When the Weekend Is Half a Day · Peninsula Insider
https://peninsulainsider.com.au/explore/plans/the-friday-night-arrival/,/explore/plans/the-friday-night-arrival/,/explore/plans,detail,200,allowed,"index, follow, max-image-preview:large",false,https://peninsulainsider.com.au/explore/plans/the-friday-night-arrival/,true,true,false,,0,,,,2574,18,18,2,false,CRAWL_PRIORITY,The Friday Night Arrival: How to Start a Peninsula Weekend Without Wasting the First Evening · Peninsula Insider
https://peninsulainsider.com.au/explore/plans/the-market-saturday/,/explore/plans/the-market-saturday/,/explore/plans,detail,200,allowed,"index, follow, max-image-preview:large",false,https://peninsulainsider.com.au/explore/plans/the-market-saturday/,true,true,false,,0,,,,2873,14,13,2,false,CRAWL_PRIORITY,The Market Saturday: Two Peninsula Weekends Built Around the Right Hour at the Right Stall · Peninsula Insider
https://peninsulainsider.com.au/explore/plans/the-one-booking-peninsula-day/,/explore/plans/the-one-booking-peninsula-day/,/explore/plans,detail,200,allowed,"index, follow, max-image-preview:large",false,https://peninsulainsider.com.au/explore/plans/the-one-booking-peninsula-day/,true,true,false,,0,,,,1646,3,3,2,false,CRAWL_PRIORITY,The One Booking Peninsula Day · Peninsula Insider
https://peninsulainsider.com.au/explore/plans/the-one-night-escape/,/explore/plans/the-one-night-escape/,/explore/plans,detail,200,allowed,"index, follow, max-image-preview:large",false,https://peninsulainsider.com.au/explore/plans/the-one-night-escape/,true,true,false,,0,,,,2875,1929,627,1,false,CRAWL_PRIORITY,The One-Night Peninsula Escape: How to Make 26 Hours Feel Like Three Days · Peninsula Insider
https://peninsulainsider.com.au/explore/plans/the-peninsula-golf-weekend/,/explore/plans/the-peninsula-golf-weekend/,/explore/plans,detail,200,allowed,"index, follow, max-image-preview:large",false,https://peninsulainsider.com.au/explore/plans/the-peninsula-golf-weekend/,true,true,false,,0,,,,1990,47,17,2,false,CRAWL_PRIORITY,"The Peninsula Golf Weekend: Two Nights, One Serious Round, Room for the Rest - Mornington Peninsula Weekend Escape · Peninsula Insider"
https://peninsulainsider.com.au/explore/plans/the-peninsula-orientation-drive/,/explore/plans/the-peninsula-orientation-drive/,/explore/plans,detail,200,allowed,"index, follow, max-image-preview:large",false,https://peninsulainsider.com.au/explore/plans/the-peninsula-orientation-drive/,true,true,false,,0,,,,2761,639,627,1,false,CRAWL_PRIORITY,The Peninsula Orientation Drive: Six Stops That Explain the Region in Half a Day · Peninsula Insider
https://peninsulainsider.com.au/explore/plans/the-peninsula-picnic/,/explore/plans/the-peninsula-picnic/,/explore/plans,detail,200,allowed,"index, follow, max-image-preview:large",false,https://peninsulainsider.com.au/explore/plans/the-peninsula-picnic/,true,true,false,,0,,,,2860,3,3,3,false,CRAWL_PRIORITY,The Peninsula Picnic: How to Assemble and Eat One Properly · Peninsula Insider
https://peninsulainsider.com.au/explore/plans/the-point-nepean-half-day/,/explore/plans/the-point-nepean-half-day/,/explore/plans,detail,200,allowed,"index, follow, max-image-preview:large",false,https://peninsulainsider.com.au/explore/plans/the-point-nepean-half-day/,true,true,false,,0,,,,2750,9,8,3,false,CRAWL_PRIORITY,The Point Nepean Half-Day: The Peninsula&#39;s Most Underused National Park · Peninsula Insider
https://peninsulainsider.com.au/explore/plans/the-producer-trail/,/explore/plans/the-producer-trail/,/explore/plans,detail,200,allowed,"index, follow, max-image-preview:large",false,https://peninsulainsider.com.au/explore/plans/the-producer-trail/,true,true,false,,0,,,,3141,3,2,2,false,CRAWL_PRIORITY,The Peninsula Producer Trail: A Day Spent Closer to the Source · Peninsula Insider
https://peninsulainsider.com.au/explore/plans/the-pub-crawl/,/explore/plans/the-pub-crawl/,/explore/plans,detail,200,allowed,"index, follow, max-image-preview:large",false,https://peninsulainsider.com.au/explore/plans/the-pub-crawl/,true,true,false,,0,,,,2711,15,14,3,false,CRAWL_PRIORITY,"The Peninsula Pub Crawl: Six Pubs, Three Routes, No Pretension · Peninsula Insider"
https://peninsulainsider.com.au/explore/plans/the-school-holidays-survival-guide/,/explore/plans/the-school-holidays-survival-guide/,/explore/plans,detail,200,allowed,"index, follow, max-image-preview:large",false,https://peninsulainsider.com.au/explore/plans/the-school-holidays-survival-guide/,true,true,false,,0,,,,2758,6,6,2,false,CRAWL_PRIORITY,The School Holidays Survival Guide · Peninsula Insider
https://peninsulainsider.com.au/explore/plans/the-thermal-springs-weekend/,/explore/plans/the-thermal-springs-weekend/,/explore/plans,detail,200,allowed,"index, follow, max-image-preview:large",false,https://peninsulainsider.com.au/explore/plans/the-thermal-springs-weekend/,true,true,false,,0,,,,2575,6,5,2,false,CRAWL_PRIORITY,The Thermal Springs Weekend: How to Do Wellness on the Peninsula Without Wasting It · Peninsula Insider
https://peninsulainsider.com.au/explore/plans/walks-cape-schanck-hot-springs-day/,/explore/plans/walks-cape-schanck-hot-springs-day/,/explore/plans,detail,200,allowed,"index, follow, max-image-preview:large",false,https://peninsulainsider.com.au/explore/plans/walks-cape-schanck-hot-springs-day/,true,true,false,,0,,,,1878,9,6,3,false,CRAWL_PRIORITY,Walk Then Hot Springs: The Cape Schanck Day · Peninsula Insider
https://peninsulainsider.com.au/explore/plans/weddings-mornington-peninsula-weekend-planning/,/explore/plans/weddings-mornington-peninsula-weekend-planning/,/explore/plans,detail,200,allowed,"index, follow, max-image-preview:large",false,https://peninsulainsider.com.au/explore/plans/weddings-mornington-peninsula-weekend-planning/,true,true,false,,0,,,,1628,8,6,2,false,CRAWL_PRIORITY,How to Plan a Mornington Peninsula Wedding Weekend · Peninsula Insider
https://peninsulainsider.com.au/explore/plans/wellness-weekend/,/explore/plans/wellness-weekend/,/explore/plans,detail,200,allowed,"index, follow, max-image-preview:large",false,https://peninsulainsider.com.au/explore/plans/wellness-weekend/,true,true,false,,0,,,,1929,35,13,2,false,CRAWL_PRIORITY,The Wellness Reset: A Two-Night Peninsula Weekend - Mornington Peninsula Weekend Escape · Peninsula Insider
https://peninsulainsider.com.au/explore/point-nepean-fort-walk/,/explore/point-nepean-fort-walk/,/explore,detail,200,allowed,"index, follow, max-image-preview:large",false,https://peninsulainsider.com.au/explore/point-nepean-fort-walk/,true,true,false,,0,,,,1726,48,20,2,false,CRAWL_PRIORITY,"Point Nepean Fort Walk, Point Nepean · Peninsula Insider"
https://peninsulainsider.com.au/explore/point-nepean-national-park/,/explore/point-nepean-national-park/,/explore,detail,200,allowed,"index, follow, max-image-preview:large",false,https://peninsulainsider.com.au/explore/point-nepean-national-park/,true,true,false,,0,,,,1624,22,10,2,false,CRAWL_PRIORITY,"Point Nepean National Park, Point Nepean · Peninsula Insider"
https://peninsulainsider.com.au/explore/portsea-front-beach/,/explore/portsea-front-beach/,/explore,detail,200,allowed,"index, follow, max-image-preview:large",false,https://peninsulainsider.com.au/explore/portsea-front-beach/,true,true,false,,0,,,,1708,17,8,2,false,CRAWL_PRIORITY,"Portsea Front Beach, Portsea · Peninsula Insider"
https://peninsulainsider.com.au/explore/portsea-golf-club/,/explore/portsea-golf-club/,/explore,detail,200,allowed,"index, follow, max-image-preview:large",false,https://peninsulainsider.com.au/explore/portsea-golf-club/,true,true,false,,0,,,,1700,13,7,2,false,CRAWL_PRIORITY,"Portsea Golf Club, Portsea · Peninsula Insider"
https://peninsulainsider.com.au/explore/pt-leo-sculpture-park/,/explore/pt-leo-sculpture-park/,/explore,detail,200,allowed,"index, follow, max-image-preview:large",false,https://peninsulainsider.com.au/explore/pt-leo-sculpture-park/,true,true,false,,0,,,,1785,15,7,2,false,CRAWL_PRIORITY,"Pt. Leo Estate Sculpture Park, Merricks · Peninsula Insider"
https://peninsulainsider.com.au/explore/racv-cape-schanck-golf-course/,/explore/racv-cape-schanck-golf-course/,/explore,detail,200,allowed,"index, follow, max-image-preview:large",false,https://peninsulainsider.com.au/explore/racv-cape-schanck-golf-course/,true,true,false,,0,,,,1787,13,7,2,false,CRAWL_PRIORITY,"RACV Cape Schanck Golf Course, Cape Schanck · Peninsula Insider"
https://peninsulainsider.com.au/explore/rainy-day/,/explore/rainy-day/,/explore,detail,200,allowed,"index, follow, max-image-preview:large",false,https://peninsulainsider.com.au/explore/rainy-day/,true,true,false,,0,,,,1463,4,2,2,false,CRAWL_PRIORITY,Rainy Day Things to Do on the Mornington Peninsula · Peninsula Insider
https://peninsulainsider.com.au/explore/red-hill-hinterland-cycling/,/explore/red-hill-hinterland-cycling/,/explore,detail,200,allowed,"index, follow, max-image-preview:large",false,https://peninsulainsider.com.au/explore/red-hill-hinterland-cycling/,true,true,false,,0,,,,1800,9,5,2,false,CRAWL_PRIORITY,"Red Hill Hinterland Cycling, Red Hill · Peninsula Insider"
https://peninsulainsider.com.au/explore/red-hill-market/,/explore/red-hill-market/,/explore,redirect-stub,200,allowed,(none),false,https://peninsulainsider.com.au/eat/red-hill-market/,false,false,true,/eat/red-hill-market/,1,/eat/red-hill-market/,true,false,0,1,1,3,false,MIGRATION_PENDING,Redirecting…
https://peninsulainsider.com.au/explore/red-hill-truffles/,/explore/red-hill-truffles/,/explore,detail,200,allowed,"index, follow, max-image-preview:large",false,https://peninsulainsider.com.au/explore/red-hill-truffles/,true,true,false,,0,,,,1829,9,5,2,false,CRAWL_PRIORITY,"Red Hill Truffles, Red Hill · Peninsula Insider"
https://peninsulainsider.com.au/explore/regions/,/explore/regions/,/explore,detail,200,allowed,"index, follow, max-image-preview:large",false,https://peninsulainsider.com.au/explore/regions/,true,true,false,,0,,,,984,10,5,4,false,CRAWL_PRIORITY,Explore by Region · Peninsula Insider
https://peninsulainsider.com.au/explore/regions/mornington-bay-coast/,/explore/regions/mornington-bay-coast/,/explore,detail,200,allowed,"index, follow, max-image-preview:large",false,https://peninsulainsider.com.au/explore/regions/mornington-bay-coast/,true,true,false,,0,,,,4334,12,12,3,false,CRAWL_PRIORITY,Mornington &amp; the Bay · Peninsula Insider
https://peninsulainsider.com.au/explore/regions/ocean-coast/,/explore/regions/ocean-coast/,/explore,detail,200,allowed,"index, follow, max-image-preview:large",false,https://peninsulainsider.com.au/explore/regions/ocean-coast/,true,true,false,,0,,,,4508,9,9,3,false,CRAWL_PRIORITY,Flinders &amp; the Ocean Coast · Peninsula Insider
https://peninsulainsider.com.au/explore/regions/peninsula-tip/,/explore/regions/peninsula-tip/,/explore,detail,200,allowed,"index, follow, max-image-preview:large",false,https://peninsulainsider.com.au/explore/regions/peninsula-tip/,true,true,false,,0,,,,4461,8,8,3,false,CRAWL_PRIORITY,Sorrento &amp; Portsea · Peninsula Insider
https://peninsulainsider.com.au/explore/regions/red-hill-wine-country/,/explore/regions/red-hill-wine-country/,/explore,detail,200,allowed,"index, follow, max-image-preview:large",false,https://peninsulainsider.com.au/explore/regions/red-hill-wine-country/,true,true,false,,0,,,,7045,14,14,3,false,CRAWL_PRIORITY,Red Hill &amp; Merricks · Peninsula Insider
https://peninsulainsider.com.au/explore/regions/western-port/,/explore/regions/western-port/,/explore,detail,200,allowed,"index, follow, max-image-preview:large",false,https://peninsulainsider.com.au/explore/regions/western-port/,true,true,false,,0,,,,1912,8,8,3,false,CRAWL_PRIORITY,Western Port · Peninsula Insider
https://peninsulainsider.com.au/explore/rosebud-country-club/,/explore/rosebud-country-club/,/explore,detail,200,allowed,"index, follow, max-image-preview:large",false,https://peninsulainsider.com.au/explore/rosebud-country-club/,true,true,false,,0,,,,1523,24,11,2,false,CRAWL_PRIORITY,"Rosebud Country Club, Rosebud · Peninsula Insider"
https://peninsulainsider.com.au/explore/rye-beachside-market/,/explore/rye-beachside-market/,/explore,redirect-stub,200,allowed,(none),false,https://peninsulainsider.com.au/eat/rye-beachside-market/,false,false,true,/eat/rye-beachside-market/,1,/eat/rye-beachside-market/,true,false,0,0,0,,true,MIGRATION_PENDING,Redirecting…
https://peninsulainsider.com.au/explore/rye-ocean-beach/,/explore/rye-ocean-beach/,/explore,detail,200,allowed,"index, follow, max-image-preview:large",false,https://peninsulainsider.com.au/explore/rye-ocean-beach/,true,true,false,,0,,,,1767,25,10,2,false,CRAWL_PRIORITY,"Rye Ocean Beach, Rye · Peninsula Insider"
https://peninsulainsider.com.au/explore/safety-beach-foreshore/,/explore/safety-beach-foreshore/,/explore,detail,200,allowed,"index, follow, max-image-preview:large",false,https://peninsulainsider.com.au/explore/safety-beach-foreshore/,true,true,false,,0,,,,1689,27,13,2,false,CRAWL_PRIORITY,"Safety Beach, Safety Beach · Peninsula Insider"
https://peninsulainsider.com.au/explore/sea-search-encounters/,/explore/sea-search-encounters/,/explore,detail,200,allowed,"index, follow, max-image-preview:large",false,https://peninsulainsider.com.au/explore/sea-search-encounters/,true,true,false,,0,,,,1711,9,5,2,false,CRAWL_PRIORITY,"Sea Search Encounters, Sorrento · Peninsula Insider"
https://peninsulainsider.com.au/explore/sorrento-back-beach/,/explore/sorrento-back-beach/,/explore,detail,200,allowed,"index, follow, max-image-preview:large",false,https://peninsulainsider.com.au/explore/sorrento-back-beach/,true,true,false,,0,,,,1773,29,13,2,false,CRAWL_PRIORITY,"Sorrento Back Beach, Sorrento · Peninsula Insider"
https://peninsulainsider.com.au/explore/sorrento-ferry/,/explore/sorrento-ferry/,/explore,detail,200,allowed,"index, follow, max-image-preview:large",false,https://peninsulainsider.com.au/explore/sorrento-ferry/,true,true,false,,0,,,,1795,11,7,2,false,CRAWL_PRIORITY,"Sorrento Ferry, Sorrento · Peninsula Insider"
https://peninsulainsider.com.au/explore/sorrento-golf-club/,/explore/sorrento-golf-club/,/explore,detail,200,allowed,"index, follow, max-image-preview:large",false,https://peninsulainsider.com.au/explore/sorrento-golf-club/,true,true,false,,0,,,,1724,12,7,2,false,CRAWL_PRIORITY,"Sorrento Golf Club, Sorrento · Peninsula Insider"
https://peninsulainsider.com.au/explore/sorrento-ocean-baths/,/explore/sorrento-ocean-baths/,/explore,detail,200,allowed,"index, follow, max-image-preview:large",false,https://peninsulainsider.com.au/explore/sorrento-ocean-baths/,true,true,false,,0,,,,1781,16,7,2,false,CRAWL_PRIORITY,"Sorrento Ocean Baths, Sorrento · Peninsula Insider"
https://peninsulainsider.com.au/explore/spas-and-wellness/,/explore/spas-and-wellness/,/explore,detail,200,allowed,"index, follow, max-image-preview:large",false,https://peninsulainsider.com.au/explore/spas-and-wellness/,true,true,false,,0,,,,1668,31,18,2,false,CRAWL_PRIORITY,Day Spas and Wellness on the Mornington Peninsula · Peninsula Insider
https://peninsulainsider.com.au/explore/st-andrews-beach-golf-course/,/explore/st-andrews-beach-golf-course/,/explore,detail,200,allowed,"index, follow, max-image-preview:large",false,https://peninsulainsider.com.au/explore/st-andrews-beach-golf-course/,true,true,false,,0,,,,1807,16,8,2,false,CRAWL_PRIORITY,"St Andrews Beach Golf Course, Cape Schanck · Peninsula Insider"
https://peninsulainsider.com.au/explore/summit-circuit-arthurs-seat/,/explore/summit-circuit-arthurs-seat/,/explore,detail,200,allowed,"index, follow, max-image-preview:large",false,https://peninsulainsider.com.au/explore/summit-circuit-arthurs-seat/,true,true,false,,0,,,,1845,19,9,2,false,CRAWL_PRIORITY,"Summit Circuit Walk - Arthurs Seat, Red Hill · Peninsula Insider"
https://peninsulainsider.com.au/explore/sunny-ridge-strawberry-farm/,/explore/sunny-ridge-strawberry-farm/,/explore,detail,200,allowed,"index, follow, max-image-preview:large",false,https://peninsulainsider.com.au/explore/sunny-ridge-strawberry-farm/,true,true,false,,0,,,,1817,14,8,2,false,CRAWL_PRIORITY,"Sunny Ridge Strawberry Farm, Main Ridge · Peninsula Insider"
https://peninsulainsider.com.au/explore/the-dunes-golf-links/,/explore/the-dunes-golf-links/,/explore,detail,200,allowed,"index, follow, max-image-preview:large",false,https://peninsulainsider.com.au/explore/the-dunes-golf-links/,true,true,false,,0,,,,1780,12,7,2,false,CRAWL_PRIORITY,"The Dunes Golf Links, Rye · Peninsula Insider"
https://peninsulainsider.com.au/explore/the-national-golf-club/,/explore/the-national-golf-club/,/explore,detail,200,allowed,"index, follow, max-image-preview:large",false,https://peninsulainsider.com.au/explore/the-national-golf-club/,true,true,false,,0,,,,1828,12,7,2,false,CRAWL_PRIORITY,"The National Golf Club, Cape Schanck · Peninsula Insider"
https://peninsulainsider.com.au/explore/things-to-do/,/explore/things-to-do/,/explore,detail,200,allowed,"index, follow, max-image-preview:large",false,https://peninsulainsider.com.au/explore/things-to-do/,true,true,false,,0,,,,2580,26,25,2,false,CRAWL_PRIORITY,25 Things to Do on the Mornington Peninsula · Peninsula Insider
https://peninsulainsider.com.au/explore/two-bays-walking-track/,/explore/two-bays-walking-track/,/explore,detail,200,allowed,"index, follow, max-image-preview:large",false,https://peninsulainsider.com.au/explore/two-bays-walking-track/,true,true,false,,0,,,,1781,13,7,2,false,CRAWL_PRIORITY,"Two Bays Walking Track, Cape Schanck · Peninsula Insider"
https://peninsulainsider.com.au/explore/walks/,/explore/walks/,/explore/walks,detail,200,allowed,"index, follow, max-image-preview:large",false,https://peninsulainsider.com.au/explore/walks/,true,true,false,,0,,,,2112,650,627,1,false,CRAWL_PRIORITY,Best Walks on the Mornington Peninsula · Peninsula Insider
https://peninsulainsider.com.au/explore/weekend-trips/,/explore/weekend-trips/,/explore,detail,200,allowed,"index, follow, max-image-preview:large",false,https://peninsulainsider.com.au/explore/weekend-trips/,true,true,false,,0,,,,1670,1,1,2,false,CRAWL_PRIORITY,Mornington Peninsula Weekend Trips - 6 Formats · Peninsula Insider
https://peninsulainsider.com.au/explore/where-to-base-yourself/,/explore/where-to-base-yourself/,/explore,redirect-stub,200,allowed,(none),false,https://peninsulainsider.com.au/stay/best-accommodation/,false,false,true,/stay/best-accommodation/,1,/stay/best-accommodation/,true,false,0,0,0,,true,MIGRATION_PENDING,Redirecting…
https://peninsulainsider.com.au/fish/,/fish/,/fish,redirect-stub,200,allowed,(none),false,https://peninsulainsider.com.au/fishing/,false,false,true,/fishing/,1,/fishing/,true,false,0,0,0,,true,MIGRATION_PENDING,Redirecting…
https://peninsulainsider.com.au/fishing/,/fishing/,/fishing,hub,200,allowed,"index, follow, max-image-preview:large",false,https://peninsulainsider.com.au/fishing/,true,true,false,,0,,,,1491,82,35,2,false,CRAWL_PRIORITY,Fishing the Mornington Peninsula · Peninsula Insider
https://peninsulainsider.com.au/fishing/charter/,/fishing/charter/,/fishing,redirect-stub,200,allowed,(none),false,https://peninsulainsider.com.au/fishing/charters/,false,false,true,/fishing/charters/,1,/fishing/charters/,true,false,0,0,0,,true,MIGRATION_PENDING,Redirecting…
https://peninsulainsider.com.au/fishing/charters/,/fishing/charters/,/fishing,detail,200,allowed,"index, follow, max-image-preview:large",false,https://peninsulainsider.com.au/fishing/charters/,true,true,false,,0,,,,1210,33,19,3,false,CRAWL_PRIORITY,Mornington Peninsula fishing charters · Peninsula Insider
https://peninsulainsider.com.au/fishing/charters/first-charter-guide/,/fishing/charters/first-charter-guide/,/fishing,detail,200,allowed,"index, follow, max-image-preview:large",false,https://peninsulainsider.com.au/fishing/charters/first-charter-guide/,true,true,false,,0,,,,1937,2,2,3,false,CRAWL_PRIORITY,Your first Peninsula fishing charter · Peninsula Insider
https://peninsulainsider.com.au/fishing/charters/im-hooked-fishing-charters/,/fishing/charters/im-hooked-fishing-charters/,/fishing,detail,200,allowed,"index, follow, max-image-preview:large",false,https://peninsulainsider.com.au/fishing/charters/im-hooked-fishing-charters/,true,true,false,,0,,,,2115,23,20,3,false,CRAWL_PRIORITY,I&#39;m Hooked Fishing Charters · Peninsula Insider
https://peninsulainsider.com.au/fishing/charters/proline-charters/,/fishing/charters/proline-charters/,/fishing,detail,200,allowed,"index, follow, max-image-preview:large",false,https://peninsulainsider.com.au/fishing/charters/proline-charters/,true,true,false,,0,,,,2007,14,11,3,false,CRAWL_PRIORITY,Proline Charters · Peninsula Insider
https://peninsulainsider.com.au/fishing/charters/reel-time-fishing-charters/,/fishing/charters/reel-time-fishing-charters/,/fishing,detail,200,allowed,"index, follow, max-image-preview:large",false,https://peninsulainsider.com.au/fishing/charters/reel-time-fishing-charters/,true,true,false,,0,,,,1916,19,16,3,false,CRAWL_PRIORITY,Reel Time Fishing Charters · Peninsula Insider
https://peninsulainsider.com.au/fishing/charters/western-port-fishing-charters/,/fishing/charters/western-port-fishing-charters/,/fishing,detail,200,allowed,"index, follow, max-image-preview:large",false,https://peninsulainsider.com.au/fishing/charters/western-port-fishing-charters/,true,true,false,,0,,,,2096,18,14,3,false,CRAWL_PRIORITY,Western Port Fishing Charters · Peninsula Insider
https://peninsulainsider.com.au/fishing/locations/,/fishing/locations/,/fishing,detail,200,allowed,"index, follow, max-image-preview:large",false,https://peninsulainsider.com.au/fishing/locations/,true,true,false,,0,,,,1984,51,14,3,false,CRAWL_PRIORITY,Mornington Peninsula fishing locations · Peninsula Insider
https://peninsulainsider.com.au/fishing/locations/cowes-jetty/,/fishing/locations/cowes-jetty/,/fishing,detail,200,allowed,"index, follow, max-image-preview:large",false,https://peninsulainsider.com.au/fishing/locations/cowes-jetty/,true,true,false,,0,,,,1487,7,6,4,false,CRAWL_PRIORITY,Cowes Jetty fishing · Peninsula Insider
https://peninsulainsider.com.au/fishing/locations/flinders-pier/,/fishing/locations/flinders-pier/,/fishing,detail,200,allowed,"index, follow, max-image-preview:large",false,https://peninsulainsider.com.au/fishing/locations/flinders-pier/,true,true,false,,0,,,,2399,7,5,4,false,CRAWL_PRIORITY,Flinders Pier fishing · Peninsula Insider
https://peninsulainsider.com.au/fishing/locations/gunnamatta-beach/,/fishing/locations/gunnamatta-beach/,/fishing,detail,200,allowed,"index, follow, max-image-preview:large",false,https://peninsulainsider.com.au/fishing/locations/gunnamatta-beach/,true,true,false,,0,,,,1773,8,5,4,false,CRAWL_PRIORITY,Gunnamatta Beach fishing · Peninsula Insider
https://peninsulainsider.com.au/fishing/locations/hastings-jetty/,/fishing/locations/hastings-jetty/,/fishing,detail,200,allowed,"index, follow, max-image-preview:large",false,https://peninsulainsider.com.au/fishing/locations/hastings-jetty/,true,true,false,,0,,,,1568,13,9,4,false,CRAWL_PRIORITY,Hastings Jetty fishing · Peninsula Insider
https://peninsulainsider.com.au/fishing/locations/mornington-pier/,/fishing/locations/mornington-pier/,/fishing,detail,200,allowed,"index, follow, max-image-preview:large",false,https://peninsulainsider.com.au/fishing/locations/mornington-pier/,true,true,false,,0,,,,2255,13,9,4,false,CRAWL_PRIORITY,Mornington Pier fishing · Peninsula Insider
https://peninsulainsider.com.au/fishing/locations/point-leo-beach/,/fishing/locations/point-leo-beach/,/fishing,detail,200,allowed,"index, follow, max-image-preview:large",false,https://peninsulainsider.com.au/fishing/locations/point-leo-beach/,true,true,false,,0,,,,1664,6,5,4,false,CRAWL_PRIORITY,Point Leo Beach fishing · Peninsula Insider
https://peninsulainsider.com.au/fishing/locations/portsea-pier/,/fishing/locations/portsea-pier/,/fishing,detail,200,allowed,"index, follow, max-image-preview:large",false,https://peninsulainsider.com.au/fishing/locations/portsea-pier/,true,true,false,,0,,,,1848,6,5,4,false,CRAWL_PRIORITY,Portsea Pier fishing · Peninsula Insider
https://peninsulainsider.com.au/fishing/locations/rye-pier/,/fishing/locations/rye-pier/,/fishing,detail,200,allowed,"index, follow, max-image-preview:large",false,https://peninsulainsider.com.au/fishing/locations/rye-pier/,true,true,false,,0,,,,2363,13,8,4,false,CRAWL_PRIORITY,Rye Pier fishing · Peninsula Insider
https://peninsulainsider.com.au/fishing/locations/safety-beach-foreshore/,/fishing/locations/safety-beach-foreshore/,/fishing,detail,200,allowed,"index, follow, max-image-preview:large",false,https://peninsulainsider.com.au/fishing/locations/safety-beach-foreshore/,true,true,false,,0,,,,1629,6,5,4,false,CRAWL_PRIORITY,Safety Beach Foreshore fishing · Peninsula Insider
https://peninsulainsider.com.au/fishing/locations/san-remo-jetty/,/fishing/locations/san-remo-jetty/,/fishing,detail,200,allowed,"index, follow, max-image-preview:large",false,https://peninsulainsider.com.au/fishing/locations/san-remo-jetty/,true,true,false,,0,,,,1722,5,4,4,false,CRAWL_PRIORITY,San Remo Jetty fishing · Peninsula Insider
https://peninsulainsider.com.au/fishing/locations/sorrento-pier/,/fishing/locations/sorrento-pier/,/fishing,redirect-stub,200,allowed,(none),false,https://peninsulainsider.com.au/fishing/,false,false,true,/fishing/,1,/fishing/,true,false,0,7,5,4,false,MIGRATION_PENDING,Redirecting…
https://peninsulainsider.com.au/fishing/locations/stony-point-pier/,/fishing/locations/stony-point-pier/,/fishing,detail,200,allowed,"index, follow, max-image-preview:large",false,https://peninsulainsider.com.au/fishing/locations/stony-point-pier/,true,true,false,,0,,,,2535,16,11,4,false,CRAWL_PRIORITY,Stony Point Pier fishing · Peninsula Insider
https://peninsulainsider.com.au/fishing/locations/tooradin-inlet/,/fishing/locations/tooradin-inlet/,/fishing,detail,200,allowed,"index, follow, max-image-preview:large",false,https://peninsulainsider.com.au/fishing/locations/tooradin-inlet/,true,true,false,,0,,,,1593,5,4,4,false,CRAWL_PRIORITY,Tooradin Inlet fishing · Peninsula Insider
https://peninsulainsider.com.au/fishing/seasons/,/fishing/seasons/,/fishing,detail,200,allowed,"noindex, nofollow",true,https://peninsulainsider.com.au/fishing/seasons/,true,false,false,,0,,,,852,1,1,,false,INTENTIONAL_EXCLUSION,Fishing Seasons · Peninsula Insider
https://peninsulainsider.com.au/fishing/seasons/snapper-run-oct-dec/,/fishing/seasons/snapper-run-oct-dec/,/fishing,detail,200,allowed,"index, follow, max-image-preview:large",false,https://peninsulainsider.com.au/fishing/seasons/snapper-run-oct-dec/,true,true,false,,0,,,,1899,0,0,,true,CRAWL_PRIORITY,"The Peninsula snapper season, week by week · Peninsula Insider"
https://peninsulainsider.com.au/fishing/species/,/fishing/species/,/fishing,detail,200,allowed,"index, follow, max-image-preview:large",false,https://peninsulainsider.com.au/fishing/species/,true,true,false,,0,,,,1852,27,13,3,false,CRAWL_PRIORITY,Mornington Peninsula fishing species · Peninsula Insider
https://peninsulainsider.com.au/fishing/species/australian-salmon/,/fishing/species/australian-salmon/,/fishing,detail,200,allowed,"index, follow, max-image-preview:large",false,https://peninsulainsider.com.au/fishing/species/australian-salmon/,true,true,false,,0,,,,2441,19,11,3,false,CRAWL_PRIORITY,Australian Salmon on the Mornington Peninsula · Peninsula Insider
https://peninsulainsider.com.au/fishing/species/bream/,/fishing/species/bream/,/fishing,detail,200,allowed,"index, follow, max-image-preview:large",false,https://peninsulainsider.com.au/fishing/species/bream/,true,true,false,,0,,,,1753,8,4,3,false,CRAWL_PRIORITY,Bream on the Mornington Peninsula · Peninsula Insider
https://peninsulainsider.com.au/fishing/species/flathead/,/fishing/species/flathead/,/fishing,detail,200,allowed,"index, follow, max-image-preview:large",false,https://peninsulainsider.com.au/fishing/species/flathead/,true,true,false,,0,,,,1874,15,8,3,false,CRAWL_PRIORITY,Flathead on the Mornington Peninsula · Peninsula Insider
https://peninsulainsider.com.au/fishing/species/garfish/,/fishing/species/garfish/,/fishing,detail,200,allowed,"index, follow, max-image-preview:large",false,https://peninsulainsider.com.au/fishing/species/garfish/,true,true,false,,0,,,,1773,7,4,3,false,CRAWL_PRIORITY,Garfish on the Mornington Peninsula · Peninsula Insider
https://peninsulainsider.com.au/fishing/species/gummy-shark/,/fishing/species/gummy-shark/,/fishing,detail,200,allowed,"index, follow, max-image-preview:large",false,https://peninsulainsider.com.au/fishing/species/gummy-shark/,true,true,false,,0,,,,1941,19,12,3,false,CRAWL_PRIORITY,Gummy Shark on the Mornington Peninsula · Peninsula Insider
https://peninsulainsider.com.au/fishing/species/king-george-whiting/,/fishing/species/king-george-whiting/,/fishing,detail,200,allowed,"index, follow, max-image-preview:large",false,https://peninsulainsider.com.au/fishing/species/king-george-whiting/,true,true,false,,0,,,,2673,35,22,3,false,CRAWL_PRIORITY,King George Whiting on the Mornington Peninsula · Peninsula Insider
https://peninsulainsider.com.au/fishing/species/mulloway/,/fishing/species/mulloway/,/fishing,detail,200,allowed,"index, follow, max-image-preview:large",false,https://peninsulainsider.com.au/fishing/species/mulloway/,true,true,false,,0,,,,1750,9,5,3,false,CRAWL_PRIORITY,Mulloway on the Mornington Peninsula · Peninsula Insider
https://peninsulainsider.com.au/fishing/species/pinkies/,/fishing/species/pinkies/,/fishing,detail,200,allowed,"index, follow, max-image-preview:large",false,https://peninsulainsider.com.au/fishing/species/pinkies/,true,true,false,,0,,,,1843,7,5,3,false,CRAWL_PRIORITY,Pinky Snapper on the Mornington Peninsula · Peninsula Insider
https://peninsulainsider.com.au/fishing/species/silver-trevally/,/fishing/species/silver-trevally/,/fishing,detail,200,allowed,"index, follow, max-image-preview:large",false,https://peninsulainsider.com.au/fishing/species/silver-trevally/,true,true,false,,0,,,,1702,3,2,3,false,CRAWL_PRIORITY,Silver Trevally on the Mornington Peninsula · Peninsula Insider
https://peninsulainsider.com.au/fishing/species/snapper/,/fishing/species/snapper/,/fishing,detail,200,allowed,"index, follow, max-image-preview:large",false,https://peninsulainsider.com.au/fishing/species/snapper/,true,true,false,,0,,,,2841,33,20,3,false,CRAWL_PRIORITY,Snapper on the Mornington Peninsula · Peninsula Insider
https://peninsulainsider.com.au/fishing/species/squid/,/fishing/species/squid/,/fishing,detail,200,allowed,"index, follow, max-image-preview:large",false,https://peninsulainsider.com.au/fishing/species/squid/,true,true,false,,0,,,,2498,31,19,3,false,CRAWL_PRIORITY,Southern Calamari on the Mornington Peninsula · Peninsula Insider
https://peninsulainsider.com.au/fishing/species/yellowtail-kingfish/,/fishing/species/yellowtail-kingfish/,/fishing,detail,200,allowed,"index, follow, max-image-preview:large",false,https://peninsulainsider.com.au/fishing/species/yellowtail-kingfish/,true,true,false,,0,,,,1790,9,6,3,false,CRAWL_PRIORITY,Yellowtail Kingfish on the Mornington Peninsula · Peninsula Insider
https://peninsulainsider.com.au/golf/,/golf/,/golf,redirect-stub,200,allowed,(none),false,https://peninsulainsider.com.au/explore/golf/,false,false,true,/explore/golf/,1,/explore/golf/,true,false,0,0,0,,true,MIGRATION_PENDING,Redirecting…
https://peninsulainsider.com.au/guides/,/guides/,/guides,hub,200,allowed,"index, follow, max-image-preview:large",false,https://peninsulainsider.com.au/guides/,true,true,false,,0,,,,1213,0,0,,true,CRAWL_PRIORITY,Seasonal Guides · Peninsula Insider
https://peninsulainsider.com.au/guides/autumn/,/guides/autumn/,/guides,detail,200,allowed,"noindex, nofollow",true,,false,false,false,,0,,,,443,0,0,,true,INTENTIONAL_EXCLUSION,A Mornington Peninsula Autumn · Peninsula Insider
https://peninsulainsider.com.au/guides/easter-long-weekend/,/guides/easter-long-weekend/,/guides,detail,200,allowed,"noindex, nofollow",true,,false,false,false,,0,,,,444,0,0,,true,INTENTIONAL_EXCLUSION,A Mornington Peninsula Easter Long-Weekend · Peninsula Insider
https://peninsulainsider.com.au/guides/spring/,/guides/spring/,/guides,detail,200,allowed,"noindex, nofollow",true,,false,false,false,,0,,,,427,0,0,,true,INTENTIONAL_EXCLUSION,A Mornington Peninsula Spring · Peninsula Insider
https://peninsulainsider.com.au/guides/summer/,/guides/summer/,/guides,detail,200,allowed,"noindex, nofollow",true,,false,false,false,,0,,,,431,0,0,,true,INTENTIONAL_EXCLUSION,A Mornington Peninsula Summer · Peninsula Insider
https://peninsulainsider.com.au/guides/winter/,/guides/winter/,/guides,detail,200,allowed,"noindex, nofollow",true,,false,false,false,,0,,,,454,1,1,3,false,INTENTIONAL_EXCLUSION,A Mornington Peninsula Winter · Peninsula Insider
https://peninsulainsider.com.au/insiders-30/,/insiders-30/,/insiders-30,hub,200,allowed,"index, follow, max-image-preview:large",false,https://peninsulainsider.com.au/insiders-30/,true,true,false,,0,,,,1729,6,2,,false,CRAWL_PRIORITY,"The Insider&#39;s 30, 2026 · Peninsula Insider"
https://peninsulainsider.com.au/insiders-30/2026/,/insiders-30/2026/,/insiders-30,detail,200,allowed,"index, follow, max-image-preview:large",false,https://peninsulainsider.com.au/insiders-30/2026/,true,true,false,,0,,,,1703,0,0,,true,CRAWL_PRIORITY,"The Insider&#39;s 30, 2026 · Peninsula Insider"
https://peninsulainsider.com.au/insiders-30/map/,/insiders-30/map/,/insiders-30,detail,200,allowed,"index, follow, max-image-preview:large",false,https://peninsulainsider.com.au/insiders-30/map/,true,true,false,,0,,,,896,1,1,,false,CRAWL_PRIORITY,The Insider&#39;s 30 2026 · Map · Peninsula Insider
https://peninsulainsider.com.au/itinerary/,/itinerary/,/itinerary,hub,200,allowed,"noindex, nofollow",true,https://peninsulainsider.com.au/itinerary/,true,false,false,,0,,,,1005,0,0,,true,INTENTIONAL_EXCLUSION,My itinerary · Peninsula Insider
https://peninsulainsider.com.au/journal/,/journal/,/journal,hub,200,allowed,"index, follow, max-image-preview:large",false,https://peninsulainsider.com.au/journal/,true,true,false,,0,,,,5362,2340,627,1,false,CRAWL_PRIORITY,Mornington Peninsula Journal · Peninsula Insider
https://peninsulainsider.com.au/journal/a-flinders-weekend/,/journal/a-flinders-weekend/,/journal,detail,200,allowed,"index, follow, max-image-preview:large",false,https://peninsulainsider.com.au/journal/a-flinders-weekend/,true,true,false,,0,,,,2343,30,27,2,false,CRAWL_PRIORITY,A Flinders Weekend: The Case for the Quiet Side of the Peninsula · Peninsula Insider
https://peninsulainsider.com.au/journal/a-winter-peninsula-weekend/,/journal/a-winter-peninsula-weekend/,/journal,detail,200,allowed,"index, follow, max-image-preview:large",false,https://peninsulainsider.com.au/journal/a-winter-peninsula-weekend/,true,true,false,,0,,,,2978,54,49,2,false,CRAWL_PRIORITY,A Winter Peninsula Weekend: The Case for Coming in July · Peninsula Insider
https://peninsulainsider.com.au/journal/area-guide-dromana/,/journal/area-guide-dromana/,/journal,detail,200,allowed,"index, follow, max-image-preview:large",false,https://peninsulainsider.com.au/journal/area-guide-dromana/,true,true,false,,0,,,,2450,14,11,2,false,CRAWL_PRIORITY,Dromana: The Peninsula Insider Guide · Peninsula Insider
https://peninsulainsider.com.au/journal/area-guide-flinders/,/journal/area-guide-flinders/,/journal,detail,200,allowed,"index, follow, max-image-preview:large",false,https://peninsulainsider.com.au/journal/area-guide-flinders/,true,true,false,,0,,,,2651,13,9,2,false,CRAWL_PRIORITY,Flinders: The Peninsula Insider Guide · Peninsula Insider
https://peninsulainsider.com.au/journal/area-guide-main-ridge/,/journal/area-guide-main-ridge/,/journal,detail,200,allowed,"index, follow, max-image-preview:large",false,https://peninsulainsider.com.au/journal/area-guide-main-ridge/,true,true,false,,0,,,,2649,17,12,2,false,CRAWL_PRIORITY,Main Ridge: The Peninsula Insider Guide · Peninsula Insider
https://peninsulainsider.com.au/journal/area-guide-merricks/,/journal/area-guide-merricks/,/journal,detail,200,allowed,"index, follow, max-image-preview:large",false,https://peninsulainsider.com.au/journal/area-guide-merricks/,true,true,false,,0,,,,2559,14,10,2,false,CRAWL_PRIORITY,Merricks: The Peninsula Insider Guide · Peninsula Insider
https://peninsulainsider.com.au/journal/area-guide-portsea/,/journal/area-guide-portsea/,/journal,detail,200,allowed,"index, follow, max-image-preview:large",false,https://peninsulainsider.com.au/journal/area-guide-portsea/,true,true,false,,0,,,,2626,14,10,2,false,CRAWL_PRIORITY,Portsea: The Peninsula Insider Guide · Peninsula Insider
https://peninsulainsider.com.au/journal/area-guide-red-hill/,/journal/area-guide-red-hill/,/journal,detail,200,allowed,"index, follow, max-image-preview:large",false,https://peninsulainsider.com.au/journal/area-guide-red-hill/,true,true,false,,0,,,,2817,18,15,2,false,CRAWL_PRIORITY,Red Hill: The Peninsula Insider Guide · Peninsula Insider
https://peninsulainsider.com.au/journal/arthurs-seat-eagle-visitor-guide/,/journal/arthurs-seat-eagle-visitor-guide/,/journal,detail,200,allowed,"index, follow, max-image-preview:large",false,https://peninsulainsider.com.au/journal/arthurs-seat-eagle-visitor-guide/,true,true,false,,0,,,,2046,16,12,2,false,CRAWL_PRIORITY,Arthurs Seat Eagle - The Complete Visitor Guide · Peninsula Insider
https://peninsulainsider.com.au/journal/ashcombe-maze-visitor-guide/,/journal/ashcombe-maze-visitor-guide/,/journal,detail,200,allowed,"index, follow, max-image-preview:large",false,https://peninsulainsider.com.au/journal/ashcombe-maze-visitor-guide/,true,true,false,,0,,,,2030,14,8,2,false,CRAWL_PRIORITY,Ashcombe Maze &amp; Lavender Gardens - Visitor Guide · Peninsula Insider
https://peninsulainsider.com.au/journal/autumn-weekend-edit/,/journal/autumn-weekend-edit/,/journal,detail,200,allowed,"index, follow, max-image-preview:large",false,https://peninsulainsider.com.au/journal/autumn-weekend-edit/,true,true,false,,0,,,,2225,652,627,1,false,CRAWL_PRIORITY,The Autumn Weekend Edit: Why April on the Peninsula Feels Most Earned · Peninsula Insider
https://peninsulainsider.com.au/journal/best-brunch-mornington-peninsula/,/journal/best-brunch-mornington-peninsula/,/journal,detail,200,allowed,"index, follow, max-image-preview:large",false,https://peninsulainsider.com.au/journal/best-brunch-mornington-peninsula/,true,true,false,,0,,,,1822,39,39,3,false,CRAWL_PRIORITY,Best Brunch Mornington Peninsula · Peninsula Insider
https://peninsulainsider.com.au/journal/best-fishing-spots-mornington-peninsula/,/journal/best-fishing-spots-mornington-peninsula/,/journal,redirect-stub,200,allowed,(none),false,https://peninsulainsider.com.au/fishing/locations/,false,false,true,/fishing/locations/,1,/fishing/locations/,true,false,0,0,0,,true,MIGRATION_PENDING,Redirecting…
https://peninsulainsider.com.au/journal/best-golf-courses-mornington-peninsula/,/journal/best-golf-courses-mornington-peninsula/,/journal,redirect-stub,200,allowed,(none),false,https://peninsulainsider.com.au/explore/golf/,false,false,true,/explore/golf/,1,/explore/golf/,true,false,0,5,4,2,false,MIGRATION_PENDING,Redirecting…
https://peninsulainsider.com.au/journal/best-spas-mornington-peninsula/,/journal/best-spas-mornington-peninsula/,/journal,redirect-stub,200,allowed,(none),false,https://peninsulainsider.com.au/explore/spas-and-wellness/,false,false,true,/explore/spas-and-wellness/,1,/explore/spas-and-wellness/,true,false,0,12,11,2,false,MIGRATION_PENDING,Redirecting…
https://peninsulainsider.com.au/journal/best-towns-to-base-yourself-with-a-dog-mornington-peninsula/,/journal/best-towns-to-base-yourself-with-a-dog-mornington-peninsula/,/journal,detail,200,allowed,"index, follow, max-image-preview:large",false,https://peninsulainsider.com.au/journal/best-towns-to-base-yourself-with-a-dog-mornington-peninsula/,true,true,false,,0,,,,937,1,1,2,false,CRAWL_PRIORITY,The Best Peninsula Towns to Base Yourself With a Dog · Peninsula Insider
https://peninsulainsider.com.au/journal/breakfast-before-the-crowds/,/journal/breakfast-before-the-crowds/,/journal,detail,200,allowed,"index, follow, max-image-preview:large",false,https://peninsulainsider.com.au/journal/breakfast-before-the-crowds/,true,true,false,,0,,,,2753,664,627,1,false,CRAWL_PRIORITY,Breakfast Before the Crowds: Where Locals Actually Eat at 8am · Peninsula Insider
https://peninsulainsider.com.au/journal/cape-schanck-guide/,/journal/cape-schanck-guide/,/journal,detail,200,allowed,"index, follow, max-image-preview:large",false,https://peninsulainsider.com.au/journal/cape-schanck-guide/,true,true,false,,0,,,,2122,25,19,2,false,CRAWL_PRIORITY,Cape Schanck - The Complete Guide · Peninsula Insider
https://peninsulainsider.com.au/journal/cellar-door/,/journal/cellar-door/,/journal,detail,200,allowed,"index, follow, max-image-preview:large",false,https://peninsulainsider.com.au/journal/cellar-door/,true,true,false,,0,,,,1061,0,0,,true,CRAWL_PRIORITY,Cellar Door Dispatches · Peninsula Insider
https://peninsulainsider.com.au/journal/corporate-events-how-to-plan-peninsula-retreat/,/journal/corporate-events-how-to-plan-peninsula-retreat/,/journal,redirect-stub,200,allowed,(none),false,https://peninsulainsider.com.au/explore/plans/corporate-events-how-to-plan-peninsula-retreat/,false,false,true,/explore/plans/corporate-events-how-to-plan-peninsula-retreat/,1,/explore/plans/corporate-events-how-to-plan-peninsula-retreat/,true,false,0,3,3,2,false,MIGRATION_PENDING,Redirecting…
https://peninsulainsider.com.au/journal/corporate-events-red-hill-vs-sorrento/,/journal/corporate-events-red-hill-vs-sorrento/,/journal,detail,200,allowed,"index, follow, max-image-preview:large",false,https://peninsulainsider.com.au/journal/corporate-events-red-hill-vs-sorrento/,true,true,false,,0,,,,1834,14,9,2,false,CRAWL_PRIORITY,Red Hill vs Sorrento for a Corporate Offsite · Peninsula Insider
https://peninsulainsider.com.au/journal/dog-daycare-boarding-groomers-pet-shops-mornington-peninsula/,/journal/dog-daycare-boarding-groomers-pet-shops-mornington-peninsula/,/journal,detail,200,allowed,"index, follow, max-image-preview:large",false,https://peninsulainsider.com.au/journal/dog-daycare-boarding-groomers-pet-shops-mornington-peninsula/,true,true,false,,0,,,,1947,11,9,2,false,CRAWL_PRIORITY,"Dog Daycare, Boarding, Groomers and Pet Shops on the Mornington Peninsula · Peninsula Insider"
https://peninsulainsider.com.au/journal/dog-friendly-accommodation-mornington-peninsula/,/journal/dog-friendly-accommodation-mornington-peninsula/,/journal,detail,200,allowed,"index, follow, max-image-preview:large",false,https://peninsulainsider.com.au/journal/dog-friendly-accommodation-mornington-peninsula/,true,true,false,,0,,,,2153,19,12,2,false,CRAWL_PRIORITY,Dog-Friendly Accommodation on the Mornington Peninsula · Peninsula Insider
https://peninsulainsider.com.au/journal/dog-friendly-beaches-mornington-peninsula/,/journal/dog-friendly-beaches-mornington-peninsula/,/journal,detail,200,allowed,"index, follow, max-image-preview:large",false,https://peninsulainsider.com.au/journal/dog-friendly-beaches-mornington-peninsula/,true,true,false,,0,,,,2633,26,12,2,false,CRAWL_PRIORITY,Dog-Friendly Beaches on the Mornington Peninsula · Peninsula Insider
https://peninsulainsider.com.au/journal/dog-friendly-cafes-pubs-wineries-mornington-peninsula/,/journal/dog-friendly-cafes-pubs-wineries-mornington-peninsula/,/journal,detail,200,allowed,"index, follow, max-image-preview:large",false,https://peninsulainsider.com.au/journal/dog-friendly-cafes-pubs-wineries-mornington-peninsula/,true,true,false,,0,,,,2117,25,16,2,false,CRAWL_PRIORITY,"Dog-Friendly Cafés, Pubs and Wineries on the Mornington Peninsula · Peninsula Insider"
https://peninsulainsider.com.au/journal/dog-friendly-mornington-peninsula/,/journal/dog-friendly-mornington-peninsula/,/journal,detail,200,allowed,"index, follow, max-image-preview:large",false,https://peninsulainsider.com.au/journal/dog-friendly-mornington-peninsula/,true,true,false,,0,,,,1988,11,9,2,false,CRAWL_PRIORITY,The Complete Dog-Friendly Guide to Mornington Peninsula (2026)
https://peninsulainsider.com.au/journal/dog-friendly-wineries-mornington-peninsula/,/journal/dog-friendly-wineries-mornington-peninsula/,/journal,detail,200,allowed,"index, follow, max-image-preview:large",false,https://peninsulainsider.com.au/journal/dog-friendly-wineries-mornington-peninsula/,true,true,false,,0,,,,2121,17,13,2,false,CRAWL_PRIORITY,Dog-Friendly Wineries on the Mornington Peninsula · Peninsula Insider
https://peninsulainsider.com.au/journal/emergency-vet-pet-help-mornington-peninsula/,/journal/emergency-vet-pet-help-mornington-peninsula/,/journal,detail,200,allowed,"index, follow, max-image-preview:large",false,https://peninsulainsider.com.au/journal/emergency-vet-pet-help-mornington-peninsula/,true,true,false,,0,,,,1927,15,9,2,false,CRAWL_PRIORITY,Emergency Vet and Pet Help on the Mornington Peninsula · Peninsula Insider
https://peninsulainsider.com.au/journal/first-time-peninsula/,/journal/first-time-peninsula/,/journal,detail,200,allowed,"index, follow, max-image-preview:large",false,https://peninsulainsider.com.au/journal/first-time-peninsula/,true,true,false,,0,,,,3992,35,33,2,false,CRAWL_PRIORITY,First Time on the Peninsula: The Honest Starter Guide · Peninsula Insider
https://peninsulainsider.com.au/journal/free-things-to-do-mornington-peninsula/,/journal/free-things-to-do-mornington-peninsula/,/journal,detail,200,allowed,"index, follow, max-image-preview:large",false,https://peninsulainsider.com.au/journal/free-things-to-do-mornington-peninsula/,true,true,false,,0,,,,1984,43,32,2,false,CRAWL_PRIORITY,Free Things to Do Mornington Peninsula · Peninsula Insider
https://peninsulainsider.com.au/journal/hatted-restaurants-mornington-peninsula-2025/,/journal/hatted-restaurants-mornington-peninsula-2025/,/journal,detail,200,allowed,"index, follow, max-image-preview:large",false,https://peninsulainsider.com.au/journal/hatted-restaurants-mornington-peninsula-2025/,true,true,false,,0,,,,2751,21,18,2,false,CRAWL_PRIORITY,The Hatted Restaurants of the Mornington Peninsula · Peninsula Insider
https://peninsulainsider.com.au/journal/how-to-build-a-red-hill-saturday/,/journal/how-to-build-a-red-hill-saturday/,/journal,redirect-stub,200,allowed,(none),false,https://peninsulainsider.com.au/explore/plans/how-to-build-a-red-hill-saturday/,false,false,true,/explore/plans/how-to-build-a-red-hill-saturday/,1,/explore/plans/how-to-build-a-red-hill-saturday/,true,false,0,6,6,2,false,MIGRATION_PENDING,Redirecting…
https://peninsulainsider.com.au/journal/how-to-plan-a-peninsula-weekend/,/journal/how-to-plan-a-peninsula-weekend/,/journal,redirect-stub,200,allowed,(none),false,https://peninsulainsider.com.au/explore/plans/how-to-plan-a-peninsula-weekend/,false,false,true,/explore/plans/how-to-plan-a-peninsula-weekend/,1,/explore/plans/how-to-plan-a-peninsula-weekend/,true,false,0,3,3,2,false,MIGRATION_PENDING,Redirecting…
https://peninsulainsider.com.au/journal/indoor-play-mornington-peninsula/,/journal/indoor-play-mornington-peninsula/,/journal,detail,200,allowed,"index, follow, max-image-preview:large",false,https://peninsulainsider.com.au/journal/indoor-play-mornington-peninsula/,true,true,false,,0,,,,2141,16,12,2,false,CRAWL_PRIORITY,Indoor Play on the Mornington Peninsula: The Four Worth Driving To · Peninsula Insider
https://peninsulainsider.com.au/journal/insider-picks-2026-07-05/,/journal/insider-picks-2026-07-05/,/journal,detail,200,allowed,"index, follow, max-image-preview:large",false,https://peninsulainsider.com.au/journal/insider-picks-2026-07-05/,true,true,false,,0,,,,1727,6,4,2,false,CRAWL_PRIORITY,Insider Picks - 5 July: The Winter Edit · Peninsula Insider
https://peninsulainsider.com.au/journal/insider-picks-2026-07-24/,/journal/insider-picks-2026-07-24/,/journal,detail,200,allowed,"index, follow, max-image-preview:large",false,https://peninsulainsider.com.au/journal/insider-picks-2026-07-24/,true,true,false,,0,,,,1980,5,3,2,false,CRAWL_PRIORITY,Insider Picks: 24 July 2026 · Peninsula Insider
https://peninsulainsider.com.au/journal/insider-picks-2026-07-25/,/journal/insider-picks-2026-07-25/,/journal,detail,200,allowed,"index, follow, max-image-preview:large",false,https://peninsulainsider.com.au/journal/insider-picks-2026-07-25/,true,true,false,,0,,,,1782,6,4,2,false,CRAWL_PRIORITY,Insider Picks: 25 July 2026 · Peninsula Insider
https://peninsulainsider.com.au/journal/insider-picks-2026-07-27/,/journal/insider-picks-2026-07-27/,/journal,detail,200,allowed,"index, follow, max-image-preview:large",false,https://peninsulainsider.com.au/journal/insider-picks-2026-07-27/,true,true,false,,0,,,,1813,6,4,2,false,CRAWL_PRIORITY,Insider Picks: 27 July 2026 · Peninsula Insider
https://peninsulainsider.com.au/journal/insider-picks-2026-07-28/,/journal/insider-picks-2026-07-28/,/journal,detail,200,allowed,"index, follow, max-image-preview:large",false,https://peninsulainsider.com.au/journal/insider-picks-2026-07-28/,true,true,false,,0,,,,1963,7,5,2,false,CRAWL_PRIORITY,"Doot Doot Doot in winter, the Southern Peninsula Sleepout, and two shows closing at MPRG · Peninsula Insider"
https://peninsulainsider.com.au/journal/insider-picks-2026-07-29/,/journal/insider-picks-2026-07-29/,/journal,detail,200,allowed,"index, follow, max-image-preview:large",false,https://peninsulainsider.com.au/journal/insider-picks-2026-07-29/,true,true,false,,0,,,,1917,6,4,2,false,CRAWL_PRIORITY,"Avani Syrah, Elgee Park&#39;s 1972 Vines, and Country Day at Tar Barrel · Peninsula Insider"
https://peninsulainsider.com.au/journal/insider-picks-2026-07-30/,/journal/insider-picks-2026-07-30/,/journal,detail,200,allowed,"index, follow, max-image-preview:large",false,https://peninsulainsider.com.au/journal/insider-picks-2026-07-30/,true,true,false,,0,,,,1961,6,4,2,false,CRAWL_PRIORITY,Insider Picks - 30 July 2026 · Peninsula Insider
https://peninsulainsider.com.au/journal/insider-picks-2026-07-31/,/journal/insider-picks-2026-07-31/,/journal,detail,200,allowed,"index, follow, max-image-preview:large",false,https://peninsulainsider.com.au/journal/insider-picks-2026-07-31/,true,true,false,,0,,,,1990,6,4,2,false,CRAWL_PRIORITY,Insider Picks: 31 July 2026 · Peninsula Insider
https://peninsulainsider.com.au/journal/insider-picks-2026-08-01/,/journal/insider-picks-2026-08-01/,/journal,detail,200,allowed,"index, follow, max-image-preview:large",false,https://peninsulainsider.com.au/journal/insider-picks-2026-08-01/,true,true,false,,0,,,,2005,12,9,2,false,CRAWL_PRIORITY,Insider Picks - 1 August 2026 · Peninsula Insider
https://peninsulainsider.com.au/journal/insider-picks-2026-08-02/,/journal/insider-picks-2026-08-02/,/journal,detail,200,allowed,"index, follow, max-image-preview:large",false,https://peninsulainsider.com.au/journal/insider-picks-2026-08-02/,true,true,false,,0,,,,1939,21,17,2,false,CRAWL_PRIORITY,Insider Picks: 2 August 2026 · Peninsula Insider
https://peninsulainsider.com.au/journal/insider-picks-2026-08-06/,/journal/insider-picks-2026-08-06/,/journal,detail,200,allowed,"index, follow, max-image-preview:large",false,https://peninsulainsider.com.au/journal/insider-picks-2026-08-06/,true,true,false,,0,,,,1722,24,21,2,false,CRAWL_PRIORITY,Insider Picks: 6 August 2026 · Peninsula Insider
https://peninsulainsider.com.au/journal/insider-picks-2026-08-09/,/journal/insider-picks-2026-08-09/,/journal,detail,200,allowed,"index, follow, max-image-preview:large",false,https://peninsulainsider.com.au/journal/insider-picks-2026-08-09/,true,true,false,,0,,,,1943,22,18,2,false,CRAWL_PRIORITY,"Stonier Fire &amp; Wine Lunch, a Winter Whale Watch Window, and Buckwheat Galettes in Mornington · Peninsula Insider"
https://peninsulainsider.com.au/journal/insider-picks-2026-08-10/,/journal/insider-picks-2026-08-10/,/journal,detail,200,allowed,"index, follow, max-image-preview:large",false,https://peninsulainsider.com.au/journal/insider-picks-2026-08-10/,true,true,false,,0,,,,1893,22,17,2,false,CRAWL_PRIORITY,Insider Picks: 10 August 2026 · Peninsula Insider
https://peninsulainsider.com.au/journal/insider-picks-2026-08-12/,/journal/insider-picks-2026-08-12/,/journal,detail,200,allowed,"index, follow, max-image-preview:large",false,https://peninsulainsider.com.au/journal/insider-picks-2026-08-12/,true,true,false,,0,,,,1948,649,627,1,false,CRAWL_PRIORITY,Insider Picks - 12 August 2026 · Peninsula Insider
https://peninsulainsider.com.au/journal/insider-picks-2026-08-17/,/journal/insider-picks-2026-08-17/,/journal,detail,200,allowed,"index, follow, max-image-preview:large",false,https://peninsulainsider.com.au/journal/insider-picks-2026-08-17/,true,true,false,,0,,,,1970,25,21,1,false,CRAWL_PRIORITY,Insider Picks - 17 August 2026 · Peninsula Insider
https://peninsulainsider.com.au/journal/king-george-whiting-port-phillip-bay/,/journal/king-george-whiting-port-phillip-bay/,/journal,redirect-stub,200,allowed,(none),false,https://peninsulainsider.com.au/fishing/species/king-george-whiting/,false,false,true,/fishing/species/king-george-whiting/,1,/fishing/species/king-george-whiting/,true,false,0,0,0,,true,MIGRATION_PENDING,Redirecting…
https://peninsulainsider.com.au/journal/local-secrets/,/journal/local-secrets/,/journal,detail,200,allowed,"index, follow, max-image-preview:large",false,https://peninsulainsider.com.au/journal/local-secrets/,true,true,false,,0,,,,937,0,0,,true,CRAWL_PRIORITY,Local Secrets · Peninsula Insider
https://peninsulainsider.com.au/journal/luxury-hotels-mornington-peninsula/,/journal/luxury-hotels-mornington-peninsula/,/journal,detail,200,allowed,"index, follow, max-image-preview:large",false,https://peninsulainsider.com.au/journal/luxury-hotels-mornington-peninsula/,true,true,false,,0,,,,2335,11,7,2,false,CRAWL_PRIORITY,Luxury Hotels on the Mornington Peninsula - The Honest Guide · Peninsula Insider
https://peninsulainsider.com.au/journal/mornington-day-guide/,/journal/mornington-day-guide/,/journal,redirect-stub,200,allowed,(none),false,https://peninsulainsider.com.au/explore/plans/mornington-day-guide/,false,false,true,/explore/plans/mornington-day-guide/,1,/explore/plans/mornington-day-guide/,true,false,0,4,4,2,false,MIGRATION_PENDING,Redirecting…
https://peninsulainsider.com.au/journal/mornington-peninsula-beach-guide/,/journal/mornington-peninsula-beach-guide/,/journal,redirect-stub,200,allowed,(none),false,https://peninsulainsider.com.au/explore/beaches/,false,false,true,/explore/beaches/,1,/explore/beaches/,true,false,0,15,11,2,false,MIGRATION_PENDING,Redirecting…
https://peninsulainsider.com.au/journal/mornington-peninsula-boat-hire/,/journal/mornington-peninsula-boat-hire/,/journal,redirect-stub,200,allowed,(none),false,https://peninsulainsider.com.au/boating/hire/,false,false,true,/boating/hire/,1,/boating/hire/,true,false,0,0,0,,true,MIGRATION_PENDING,Redirecting…
https://peninsulainsider.com.au/journal/mornington-peninsula-boat-ramps/,/journal/mornington-peninsula-boat-ramps/,/journal,redirect-stub,200,allowed,(none),false,https://peninsulainsider.com.au/boating/ramps/,false,false,true,/boating/ramps/,1,/boating/ramps/,true,false,0,0,0,,true,MIGRATION_PENDING,Redirecting…
https://peninsulainsider.com.au/journal/mornington-peninsula-day-trip/,/journal/mornington-peninsula-day-trip/,/journal,detail,200,allowed,"index, follow, max-image-preview:large",false,https://peninsulainsider.com.au/journal/mornington-peninsula-day-trip/,true,true,false,,0,,,,1991,2,2,2,false,CRAWL_PRIORITY,Mornington Peninsula Day Trip from Melbourne · Peninsula Insider
https://peninsulainsider.com.au/journal/mornington-peninsula-fishing-charters/,/journal/mornington-peninsula-fishing-charters/,/journal,redirect-stub,200,allowed,(none),false,https://peninsulainsider.com.au/fishing/charters/,false,false,true,/fishing/charters/,1,/fishing/charters/,true,false,0,0,0,,true,MIGRATION_PENDING,Redirecting…
https://peninsulainsider.com.au/journal/mornington-peninsula-golf-guide/,/journal/mornington-peninsula-golf-guide/,/journal,redirect-stub,200,allowed,(none),false,https://peninsulainsider.com.au/explore/golf/,false,false,true,/explore/golf/,1,/explore/golf/,true,false,0,8,6,2,false,MIGRATION_PENDING,Redirecting…
https://peninsulainsider.com.au/journal/mornington-peninsula-golf-stay-and-play/,/journal/mornington-peninsula-golf-stay-and-play/,/journal,redirect-stub,200,allowed,(none),false,https://peninsulainsider.com.au/explore/plans/mornington-peninsula-golf-stay-and-play/,false,false,true,/explore/plans/mornington-peninsula-golf-stay-and-play/,1,/explore/plans/mornington-peninsula-golf-stay-and-play/,true,false,0,2,2,2,false,MIGRATION_PENDING,Redirecting…
https://peninsulainsider.com.au/journal/mornington-peninsula-hot-springs-guide/,/journal/mornington-peninsula-hot-springs-guide/,/journal,redirect-stub,200,allowed,(none),false,https://peninsulainsider.com.au/explore/hot-springs/,false,false,true,/explore/hot-springs/,1,/explore/hot-springs/,true,false,0,0,0,,true,MIGRATION_PENDING,Redirecting…
https://peninsulainsider.com.au/journal/mornington-peninsula-in-autumn/,/journal/mornington-peninsula-in-autumn/,/journal,detail,200,allowed,"index, follow, max-image-preview:large",false,https://peninsulainsider.com.au/journal/mornington-peninsula-in-autumn/,true,true,false,,0,,,,1930,1,1,2,false,CRAWL_PRIORITY,Mornington Peninsula in Autumn · Peninsula Insider
https://peninsulainsider.com.au/journal/mornington-peninsula-in-winter/,/journal/mornington-peninsula-in-winter/,/journal,detail,200,allowed,"index, follow, max-image-preview:large",false,https://peninsulainsider.com.au/journal/mornington-peninsula-in-winter/,true,true,false,,0,,,,1945,140,139,2,false,CRAWL_PRIORITY,Mornington Peninsula in Winter · Peninsula Insider
https://peninsulainsider.com.au/journal/mornington-peninsula-itinerary/,/journal/mornington-peninsula-itinerary/,/journal,detail,200,allowed,"index, follow, max-image-preview:large",false,https://peninsulainsider.com.au/journal/mornington-peninsula-itinerary/,true,true,false,,0,,,,1622,186,185,2,false,CRAWL_PRIORITY,Mornington Peninsula Itinerary · Peninsula Insider
https://peninsulainsider.com.au/journal/mornington-peninsula-stay-and-soak/,/journal/mornington-peninsula-stay-and-soak/,/journal,redirect-stub,200,allowed,(none),false,https://peninsulainsider.com.au/explore/plans/mornington-peninsula-stay-and-soak/,false,false,true,/explore/plans/mornington-peninsula-stay-and-soak/,1,/explore/plans/mornington-peninsula-stay-and-soak/,true,false,0,4,4,2,false,MIGRATION_PENDING,Redirecting…
https://peninsulainsider.com.au/journal/mornington-peninsula-wedding-venues/,/journal/mornington-peninsula-wedding-venues/,/journal,detail,200,allowed,"index, follow, max-image-preview:large",false,https://peninsulainsider.com.au/journal/mornington-peninsula-wedding-venues/,true,true,false,,0,,,,2012,21,14,2,false,CRAWL_PRIORITY,Mornington Peninsula Wedding Venues · Peninsula Insider
https://peninsulainsider.com.au/journal/mornington-peninsula-winery-guide/,/journal/mornington-peninsula-winery-guide/,/journal,detail,200,allowed,"index, follow, max-image-preview:large",false,https://peninsulainsider.com.au/journal/mornington-peninsula-winery-guide/,true,true,false,,0,,,,3017,15,8,2,false,CRAWL_PRIORITY,Mornington Peninsula Winery Guide · Peninsula Insider
https://peninsulainsider.com.au/journal/mornington-peninsula-winery-tour/,/journal/mornington-peninsula-winery-tour/,/journal,redirect-stub,200,allowed,(none),false,https://peninsulainsider.com.au/tour/wine-tours/,false,false,true,/tour/wine-tours/,1,/tour/wine-tours/,true,false,0,0,0,,true,MIGRATION_PENDING,Redirecting…
https://peninsulainsider.com.au/journal/mornington-peninsula-with-kids/,/journal/mornington-peninsula-with-kids/,/journal,detail,200,allowed,"index, follow, max-image-preview:large",false,https://peninsulainsider.com.au/journal/mornington-peninsula-with-kids/,true,true,false,,0,,,,1841,1262,627,1,false,CRAWL_PRIORITY,Mornington Peninsula with Kids · Peninsula Insider
https://peninsulainsider.com.au/journal/peninsula-hot-springs-vs-alba/,/journal/peninsula-hot-springs-vs-alba/,/journal,detail,200,allowed,"index, follow, max-image-preview:large",false,https://peninsulainsider.com.au/journal/peninsula-hot-springs-vs-alba/,true,true,false,,0,,,,3532,27,18,2,false,CRAWL_PRIORITY,Peninsula Hot Springs vs Alba Thermal Springs - Which One Should You Book? · Peninsula Insider
https://peninsulainsider.com.au/journal/peninsula-notes-june-2026/,/journal/peninsula-notes-june-2026/,/journal,detail,200,allowed,"index, follow, max-image-preview:large",false,https://peninsulainsider.com.au/journal/peninsula-notes-june-2026/,true,true,false,,0,,,,1587,5,2,2,false,CRAWL_PRIORITY,Peninsula Notes - June 2026 · Peninsula Insider
https://peninsulainsider.com.au/journal/peninsula-this-weekend-april-24/,/journal/peninsula-this-weekend-april-24/,/journal,redirect-stub,200,allowed,(none),false,https://peninsulainsider.com.au/whats-on/this-weekend/archive/2026-04-24/,false,false,true,/whats-on/this-weekend/archive/2026-04-24/,1,/whats-on/this-weekend/archive/2026-04-24/,true,false,0,4,2,2,false,MIGRATION_PENDING,Redirecting…
https://peninsulainsider.com.au/journal/peninsula-this-weekend-april-26/,/journal/peninsula-this-weekend-april-26/,/journal,redirect-stub,200,allowed,(none),false,https://peninsulainsider.com.au/whats-on/this-weekend/archive/2026-04-26/,false,false,true,/whats-on/this-weekend/archive/2026-04-26/,1,/whats-on/this-weekend/archive/2026-04-26/,true,false,0,5,2,2,false,MIGRATION_PENDING,Redirecting…
https://peninsulainsider.com.au/journal/peninsula-this-weekend-jul-04/,/journal/peninsula-this-weekend-jul-04/,/journal,redirect-stub,200,allowed,(none),false,https://peninsulainsider.com.au/whats-on/this-weekend/archive/2026-06-29/,false,false,true,/whats-on/this-weekend/archive/2026-06-29/,1,/whats-on/this-weekend/archive/2026-06-29/,true,false,0,12,7,2,false,MIGRATION_PENDING,Redirecting…
https://peninsulainsider.com.au/journal/peninsula-this-weekend-jul-11/,/journal/peninsula-this-weekend-jul-11/,/journal,redirect-stub,200,allowed,(none),false,https://peninsulainsider.com.au/whats-on/this-weekend/archive/2026-07-10/,false,false,true,/whats-on/this-weekend/archive/2026-07-10/,1,/whats-on/this-weekend/archive/2026-07-10/,true,false,0,11,6,2,false,MIGRATION_PENDING,Redirecting…
https://peninsulainsider.com.au/journal/peninsula-this-weekend-jul-18/,/journal/peninsula-this-weekend-jul-18/,/journal,redirect-stub,200,allowed,(none),false,https://peninsulainsider.com.au/whats-on/this-weekend/archive/2026-07-13/,false,false,true,/whats-on/this-weekend/archive/2026-07-13/,1,/whats-on/this-weekend/archive/2026-07-13/,true,false,0,9,5,2,false,MIGRATION_PENDING,Redirecting…
https://peninsulainsider.com.au/journal/peninsula-this-weekend-jun-06/,/journal/peninsula-this-weekend-jun-06/,/journal,redirect-stub,200,allowed,(none),false,https://peninsulainsider.com.au/whats-on/this-weekend/archive/2026-05-31/,false,false,true,/whats-on/this-weekend/archive/2026-05-31/,1,/whats-on/this-weekend/archive/2026-05-31/,true,false,0,8,4,2,false,MIGRATION_PENDING,Redirecting…
https://peninsulainsider.com.au/journal/peninsula-this-weekend-jun-13/,/journal/peninsula-this-weekend-jun-13/,/journal,redirect-stub,200,allowed,(none),false,https://peninsulainsider.com.au/whats-on/this-weekend/archive/2026-06-07/,false,false,true,/whats-on/this-weekend/archive/2026-06-07/,1,/whats-on/this-weekend/archive/2026-06-07/,true,false,0,11,6,2,false,MIGRATION_PENDING,Redirecting…
https://peninsulainsider.com.au/journal/peninsula-this-weekend-jun-20/,/journal/peninsula-this-weekend-jun-20/,/journal,redirect-stub,200,allowed,(none),false,https://peninsulainsider.com.au/whats-on/this-weekend/archive/2026-06-15/,false,false,true,/whats-on/this-weekend/archive/2026-06-15/,1,/whats-on/this-weekend/archive/2026-06-15/,true,false,0,9,4,2,false,MIGRATION_PENDING,Redirecting…
https://peninsulainsider.com.au/journal/peninsula-this-weekend-jun-27/,/journal/peninsula-this-weekend-jun-27/,/journal,redirect-stub,200,allowed,(none),false,https://peninsulainsider.com.au/whats-on/this-weekend/archive/2026-06-22/,false,false,true,/whats-on/this-weekend/archive/2026-06-22/,1,/whats-on/this-weekend/archive/2026-06-22/,true,false,0,10,5,2,false,MIGRATION_PENDING,Redirecting…
https://peninsulainsider.com.au/journal/peninsula-this-weekend-may-03/,/journal/peninsula-this-weekend-may-03/,/journal,redirect-stub,200,allowed,(none),false,https://peninsulainsider.com.au/whats-on/this-weekend/archive/2026-05-03/,false,false,true,/whats-on/this-weekend/archive/2026-05-03/,1,/whats-on/this-weekend/archive/2026-05-03/,true,false,0,5,2,2,false,MIGRATION_PENDING,Redirecting…
https://peninsulainsider.com.au/journal/peninsula-this-weekend-may-16/,/journal/peninsula-this-weekend-may-16/,/journal,redirect-stub,200,allowed,(none),false,https://peninsulainsider.com.au/whats-on/this-weekend/archive/2026-05-11/,false,false,true,/whats-on/this-weekend/archive/2026-05-11/,1,/whats-on/this-weekend/archive/2026-05-11/,true,false,0,4,1,2,false,MIGRATION_PENDING,Redirecting…
https://peninsulainsider.com.au/journal/peninsula-this-weekend-may-23/,/journal/peninsula-this-weekend-may-23/,/journal,redirect-stub,200,allowed,(none),false,https://peninsulainsider.com.au/whats-on/this-weekend/archive/2026-05-17/,false,false,true,/whats-on/this-weekend/archive/2026-05-17/,1,/whats-on/this-weekend/archive/2026-05-17/,true,false,0,5,1,2,false,MIGRATION_PENDING,Redirecting…
https://peninsulainsider.com.au/journal/peninsula-this-weekend-may-30/,/journal/peninsula-this-weekend-may-30/,/journal,redirect-stub,200,allowed,(none),false,https://peninsulainsider.com.au/whats-on/this-weekend/archive/2026-05-24/,false,false,true,/whats-on/this-weekend/archive/2026-05-24/,1,/whats-on/this-weekend/archive/2026-05-24/,true,false,0,7,3,2,false,MIGRATION_PENDING,Redirecting…
https://peninsulainsider.com.au/journal/point-nepean-national-park-guide/,/journal/point-nepean-national-park-guide/,/journal,detail,200,allowed,"index, follow, max-image-preview:large",false,https://peninsulainsider.com.au/journal/point-nepean-national-park-guide/,true,true,false,,0,,,,2080,17,12,2,false,CRAWL_PRIORITY,Point Nepean National Park - Visitor Guide · Peninsula Insider
https://peninsulainsider.com.au/journal/quealy-winemakers-balnarring/,/journal/quealy-winemakers-balnarring/,/journal,detail,200,allowed,"index, follow, max-image-preview:large",false,https://peninsulainsider.com.au/journal/quealy-winemakers-balnarring/,true,true,false,,0,,,,1999,12,9,2,false,CRAWL_PRIORITY,Quealy Winemakers: The Peninsula pioneer that still feels gloriously unpolished · Peninsula Insider
https://peninsulainsider.com.au/journal/rainy-day-mornington-peninsula/,/journal/rainy-day-mornington-peninsula/,/journal,redirect-stub,200,allowed,(none),false,https://peninsulainsider.com.au/journal/winter-indoors-mprg-rainy-day-circuit/,false,false,true,/journal/winter-indoors-mprg-rainy-day-circuit/,1,/journal/winter-indoors-mprg-rainy-day-circuit/,true,false,0,0,0,,true,MIGRATION_PENDING,Redirecting…
https://peninsulainsider.com.au/journal/rainy-day-peninsula/,/journal/rainy-day-peninsula/,/journal,detail,200,allowed,"index, follow, max-image-preview:large",false,https://peninsulainsider.com.au/journal/rainy-day-peninsula/,true,true,false,,0,,,,2890,717,627,1,false,CRAWL_PRIORITY,The Rainy Day Peninsula: Where to Go When the Weather Turns · Peninsula Insider
https://peninsulainsider.com.au/journal/snapper-mornington-peninsula/,/journal/snapper-mornington-peninsula/,/journal,redirect-stub,200,allowed,(none),false,https://peninsulainsider.com.au/fishing/species/snapper/,false,false,true,/fishing/species/snapper/,1,/fishing/species/snapper/,true,false,0,0,0,,true,MIGRATION_PENDING,Redirecting…
https://peninsulainsider.com.au/journal/snapper-season-port-phillip-bay/,/journal/snapper-season-port-phillip-bay/,/journal,redirect-stub,200,allowed,(none),false,https://peninsulainsider.com.au/fishing/seasons/snapper-run-oct-dec/,false,false,true,/fishing/seasons/snapper-run-oct-dec/,1,/fishing/seasons/snapper-run-oct-dec/,true,false,0,0,0,,true,MIGRATION_PENDING,Redirecting…
https://peninsulainsider.com.au/journal/sorrento-solstice-festival-2026-guide/,/journal/sorrento-solstice-festival-2026-guide/,/journal,detail,200,allowed,"index, follow, max-image-preview:large",false,https://peninsulainsider.com.au/journal/sorrento-solstice-festival-2026-guide/,true,true,false,,0,,,,2320,11,7,2,false,CRAWL_PRIORITY,The Sorrento Solstice Festival: A Night When the Peninsula Burns · Peninsula Insider
https://peninsulainsider.com.au/journal/squid-fishing-mornington-peninsula/,/journal/squid-fishing-mornington-peninsula/,/journal,redirect-stub,200,allowed,(none),false,https://peninsulainsider.com.au/fishing/species/squid/,false,false,true,/fishing/species/squid/,1,/fishing/species/squid/,true,false,0,0,0,,true,MIGRATION_PENDING,Redirecting…
https://peninsulainsider.com.au/journal/st-andrews-beach-golf-course/,/journal/st-andrews-beach-golf-course/,/journal,detail,200,allowed,"index, follow, max-image-preview:large",false,https://peninsulainsider.com.au/journal/st-andrews-beach-golf-course/,true,true,false,,0,,,,2255,13,10,2,false,CRAWL_PRIORITY,St Andrews Beach Golf Course - The World-Ranked Course Anyone Can Book · Peninsula Insider
https://peninsulainsider.com.au/journal/the-birthday-weekend/,/journal/the-birthday-weekend/,/journal,redirect-stub,200,allowed,(none),false,https://peninsulainsider.com.au/explore/plans/the-birthday-weekend/,false,false,true,/explore/plans/the-birthday-weekend/,1,/explore/plans/the-birthday-weekend/,true,false,0,3,3,2,false,MIGRATION_PENDING,Redirecting…
https://peninsulainsider.com.au/journal/the-cellar-door-short-list/,/journal/the-cellar-door-short-list/,/journal,detail,200,allowed,"index, follow, max-image-preview:large",false,https://peninsulainsider.com.au/journal/the-cellar-door-short-list/,true,true,false,,0,,,,3056,1346,627,1,false,CRAWL_PRIORITY,The Cellar Door Short List: Five Producers Worth the Appointment · Peninsula Insider
https://peninsulainsider.com.au/journal/the-chardonnay-case/,/journal/the-chardonnay-case/,/journal,detail,200,allowed,"index, follow, max-image-preview:large",false,https://peninsulainsider.com.au/journal/the-chardonnay-case/,true,true,false,,0,,,,3163,21,17,2,false,CRAWL_PRIORITY,The Chardonnay Case: Why the Peninsula&#39;s Second Wine Deserves Top Billing · Peninsula Insider
https://peninsulainsider.com.au/journal/the-couples-weekend/,/journal/the-couples-weekend/,/journal,redirect-stub,200,allowed,(none),false,https://peninsulainsider.com.au/explore/plans/the-couples-weekend/,false,false,true,/explore/plans/the-couples-weekend/,1,/explore/plans/the-couples-weekend/,true,false,0,1,1,2,false,MIGRATION_PENDING,Redirecting…
https://peninsulainsider.com.au/journal/the-dog-friendly-peninsula/,/journal/the-dog-friendly-peninsula/,/journal,redirect-stub,200,allowed,(none),false,https://peninsulainsider.com.au/journal/dog-friendly-mornington-peninsula/,false,false,true,/journal/dog-friendly-mornington-peninsula/,1,/journal/dog-friendly-mornington-peninsula/,true,false,0,15,10,2,false,MIGRATION_PENDING,Redirecting…
https://peninsulainsider.com.au/journal/the-easter-peninsula/,/journal/the-easter-peninsula/,/journal,redirect-stub,200,allowed,(none),false,https://peninsulainsider.com.au/explore/plans/the-easter-peninsula/,false,false,true,/explore/plans/the-easter-peninsula/,1,/explore/plans/the-easter-peninsula/,true,false,0,2,2,2,false,MIGRATION_PENDING,Redirecting…
https://peninsulainsider.com.au/journal/the-family-day-out/,/journal/the-family-day-out/,/journal,redirect-stub,200,allowed,(none),false,https://peninsulainsider.com.au/explore/plans/the-family-day-out/,false,false,true,/explore/plans/the-family-day-out/,1,/explore/plans/the-family-day-out/,true,false,0,0,0,,true,MIGRATION_PENDING,Redirecting…
https://peninsulainsider.com.au/journal/the-four-hour-peninsula/,/journal/the-four-hour-peninsula/,/journal,redirect-stub,200,allowed,(none),false,https://peninsulainsider.com.au/explore/plans/the-four-hour-peninsula/,false,false,true,/explore/plans/the-four-hour-peninsula/,1,/explore/plans/the-four-hour-peninsula/,true,false,0,3,3,2,false,MIGRATION_PENDING,Redirecting…
https://peninsulainsider.com.au/journal/the-friday-night-arrival/,/journal/the-friday-night-arrival/,/journal,redirect-stub,200,allowed,(none),false,https://peninsulainsider.com.au/explore/plans/the-friday-night-arrival/,false,false,true,/explore/plans/the-friday-night-arrival/,1,/explore/plans/the-friday-night-arrival/,true,false,0,1,1,2,false,MIGRATION_PENDING,Redirecting…
https://peninsulainsider.com.au/journal/the-long-lunch/,/journal/the-long-lunch/,/journal,detail,200,allowed,"index, follow, max-image-preview:large",false,https://peninsulainsider.com.au/journal/the-long-lunch/,true,true,false,,0,,,,1989,1332,627,1,false,CRAWL_PRIORITY,The Long Lunch: Why the Mornington Peninsula Does Sunday Better Than Anywhere in Victoria · Peninsula Insider
https://peninsulainsider.com.au/journal/the-market-saturday/,/journal/the-market-saturday/,/journal,redirect-stub,200,allowed,(none),false,https://peninsulainsider.com.au/explore/plans/the-market-saturday/,false,false,true,/explore/plans/the-market-saturday/,1,/explore/plans/the-market-saturday/,true,false,0,4,4,2,false,MIGRATION_PENDING,Redirecting…
https://peninsulainsider.com.au/journal/the-one-booking-peninsula-day/,/journal/the-one-booking-peninsula-day/,/journal,redirect-stub,200,allowed,(none),false,https://peninsulainsider.com.au/explore/plans/the-one-booking-peninsula-day/,false,false,true,/explore/plans/the-one-booking-peninsula-day/,1,/explore/plans/the-one-booking-peninsula-day/,true,false,0,3,3,2,false,MIGRATION_PENDING,Redirecting…
https://peninsulainsider.com.au/journal/the-one-night-escape/,/journal/the-one-night-escape/,/journal,redirect-stub,200,allowed,(none),false,https://peninsulainsider.com.au/explore/plans/the-one-night-escape/,false,false,true,/explore/plans/the-one-night-escape/,1,/explore/plans/the-one-night-escape/,true,false,0,4,4,2,false,MIGRATION_PENDING,Redirecting…
https://peninsulainsider.com.au/journal/the-peninsula-beach-swimming-guide/,/journal/the-peninsula-beach-swimming-guide/,/journal,redirect-stub,200,allowed,(none),false,https://peninsulainsider.com.au/explore/beaches/,false,false,true,/explore/beaches/,1,/explore/beaches/,true,false,0,17,13,2,false,MIGRATION_PENDING,Redirecting…
https://peninsulainsider.com.au/journal/the-peninsula-orientation-drive/,/journal/the-peninsula-orientation-drive/,/journal,redirect-stub,200,allowed,(none),false,https://peninsulainsider.com.au/explore/plans/the-peninsula-orientation-drive/,false,false,true,/explore/plans/the-peninsula-orientation-drive/,1,/explore/plans/the-peninsula-orientation-drive/,true,false,0,1,1,2,false,MIGRATION_PENDING,Redirecting…
https://peninsulainsider.com.au/journal/the-peninsula-pantry/,/journal/the-peninsula-pantry/,/journal,detail,200,allowed,"index, follow, max-image-preview:large",false,https://peninsulainsider.com.au/journal/the-peninsula-pantry/,true,true,false,,0,,,,3331,22,17,2,false,CRAWL_PRIORITY,The Peninsula Pantry: A Saturday Shopping List for Anyone Cooking in a Rental · Peninsula Insider
https://peninsulainsider.com.au/journal/the-peninsula-picnic/,/journal/the-peninsula-picnic/,/journal,redirect-stub,200,allowed,(none),false,https://peninsulainsider.com.au/explore/plans/the-peninsula-picnic/,false,false,true,/explore/plans/the-peninsula-picnic/,1,/explore/plans/the-peninsula-picnic/,true,false,0,1,1,2,false,MIGRATION_PENDING,Redirecting…
https://peninsulainsider.com.au/journal/the-peninsula-with-kids/,/journal/the-peninsula-with-kids/,/journal,redirect-stub,200,allowed,(none),false,https://peninsulainsider.com.au/journal/mornington-peninsula-with-kids/,false,false,true,/journal/mornington-peninsula-with-kids/,1,/journal/mornington-peninsula-with-kids/,true,false,0,15,11,2,false,MIGRATION_PENDING,Redirecting…
https://peninsulainsider.com.au/journal/the-peninsulas-best-late-afternoon-walks/,/journal/the-peninsulas-best-late-afternoon-walks/,/journal,detail,200,allowed,"index, follow, max-image-preview:large",false,https://peninsulainsider.com.au/journal/the-peninsulas-best-late-afternoon-walks/,true,true,false,,0,,,,2381,8,6,2,false,CRAWL_PRIORITY,The Peninsula&#39;s Best Late-Afternoon Walks · Peninsula Insider
https://peninsulainsider.com.au/journal/the-point-nepean-half-day/,/journal/the-point-nepean-half-day/,/journal,redirect-stub,200,allowed,(none),false,https://peninsulainsider.com.au/explore/plans/the-point-nepean-half-day/,false,false,true,/explore/plans/the-point-nepean-half-day/,1,/explore/plans/the-point-nepean-half-day/,true,false,0,2,2,2,false,MIGRATION_PENDING,Redirecting…
https://peninsulainsider.com.au/journal/the-producer-trail/,/journal/the-producer-trail/,/journal,redirect-stub,200,allowed,(none),false,https://peninsulainsider.com.au/explore/plans/the-producer-trail/,false,false,true,/explore/plans/the-producer-trail/,1,/explore/plans/the-producer-trail/,true,false,0,3,3,2,false,MIGRATION_PENDING,Redirecting…
https://peninsulainsider.com.au/journal/the-pub-crawl/,/journal/the-pub-crawl/,/journal,redirect-stub,200,allowed,(none),false,https://peninsulainsider.com.au/explore/plans/the-pub-crawl/,false,false,true,/explore/plans/the-pub-crawl/,1,/explore/plans/the-pub-crawl/,true,false,0,2,2,2,false,MIGRATION_PENDING,Redirecting…
https://peninsulainsider.com.au/journal/the-pub-guide/,/journal/the-pub-guide/,/journal,detail,200,allowed,"index, follow, max-image-preview:large",false,https://peninsulainsider.com.au/journal/the-pub-guide/,true,true,false,,0,,,,2556,16,13,2,false,CRAWL_PRIORITY,The Peninsula Pub Guide: Five Hotels That Still Know What a Pub Is For · Peninsula Insider
https://peninsulainsider.com.au/journal/the-rainy-day-peninsula-without-a-booking/,/journal/the-rainy-day-peninsula-without-a-booking/,/journal,redirect-stub,200,allowed,(none),false,https://peninsulainsider.com.au/journal/rainy-day-peninsula/,false,false,true,/journal/rainy-day-peninsula/,1,/journal/rainy-day-peninsula/,true,false,0,12,9,2,false,MIGRATION_PENDING,Redirecting…
https://peninsulainsider.com.au/journal/the-school-holidays-survival-guide/,/journal/the-school-holidays-survival-guide/,/journal,redirect-stub,200,allowed,(none),false,https://peninsulainsider.com.au/explore/plans/the-school-holidays-survival-guide/,false,false,true,/explore/plans/the-school-holidays-survival-guide/,1,/explore/plans/the-school-holidays-survival-guide/,true,false,0,3,3,2,false,MIGRATION_PENDING,Redirecting…
https://peninsulainsider.com.au/journal/the-seafood-list/,/journal/the-seafood-list/,/journal,detail,200,allowed,"index, follow, max-image-preview:large",false,https://peninsulainsider.com.au/journal/the-seafood-list/,true,true,false,,0,,,,2228,25,22,2,false,CRAWL_PRIORITY,The Seafood List: Where the Fish Comes Off the Boat and Onto the Plate · Peninsula Insider
https://peninsulainsider.com.au/journal/the-sorrento-weekend/,/journal/the-sorrento-weekend/,/journal,detail,200,allowed,"index, follow, max-image-preview:large",false,https://peninsulainsider.com.au/journal/the-sorrento-weekend/,true,true,false,,0,,,,3233,12,10,2,false,CRAWL_PRIORITY,The Sorrento Weekend: How to Do the Tip Without Treating It Like a Summer Strip · Peninsula Insider
https://peninsulainsider.com.au/journal/the-spring-peninsula/,/journal/the-spring-peninsula/,/journal,detail,200,allowed,"index, follow, max-image-preview:large",false,https://peninsulainsider.com.au/journal/the-spring-peninsula/,true,true,false,,0,,,,2985,12,7,2,false,CRAWL_PRIORITY,The Spring Peninsula: Why September and October Are the Region&#39;s Most Underrated Weekends · Peninsula Insider
https://peninsulainsider.com.au/journal/the-sunset-drink/,/journal/the-sunset-drink/,/journal,detail,200,allowed,"index, follow, max-image-preview:large",false,https://peninsulainsider.com.au/journal/the-sunset-drink/,true,true,false,,0,,,,2952,13,9,2,false,CRAWL_PRIORITY,The Sunset Drink: Where to Watch the Light Drop on the Peninsula · Peninsula Insider
https://peninsulainsider.com.au/journal/the-sunset-hour/,/journal/the-sunset-hour/,/journal,detail,200,allowed,"index, follow, max-image-preview:large",false,https://peninsulainsider.com.au/journal/the-sunset-hour/,true,true,false,,0,,,,3539,10,6,2,false,CRAWL_PRIORITY,The Sunset Hour: Where to Be at the End of the Day · Peninsula Insider
https://peninsulainsider.com.au/journal/the-thermal-springs-weekend/,/journal/the-thermal-springs-weekend/,/journal,redirect-stub,200,allowed,(none),false,https://peninsulainsider.com.au/explore/plans/the-thermal-springs-weekend/,false,false,true,/explore/plans/the-thermal-springs-weekend/,1,/explore/plans/the-thermal-springs-weekend/,true,false,0,4,4,2,false,MIGRATION_PENDING,Redirecting…
https://peninsulainsider.com.au/journal/the-vineyard-villa-weekend/,/journal/the-vineyard-villa-weekend/,/journal,detail,200,allowed,"index, follow, max-image-preview:large",false,https://peninsulainsider.com.au/journal/the-vineyard-villa-weekend/,true,true,false,,0,,,,2945,8,5,2,false,CRAWL_PRIORITY,The Vineyard Villa Weekend: The Peninsula&#39;s Quietest Luxury · Peninsula Insider
https://peninsulainsider.com.au/journal/the-winter-long-lunch/,/journal/the-winter-long-lunch/,/journal,detail,200,allowed,"index, follow, max-image-preview:large",false,https://peninsulainsider.com.au/journal/the-winter-long-lunch/,true,true,false,,0,,,,2252,8,5,2,false,CRAWL_PRIORITY,The Winter Long Lunch: Vineyard Dining Room or Coastal Pub · Peninsula Insider
https://peninsulainsider.com.au/journal/things-to-do-mornington-peninsula/,/journal/things-to-do-mornington-peninsula/,/journal,redirect-stub,200,allowed,(none),false,https://peninsulainsider.com.au/explore/things-to-do/,false,false,true,/explore/things-to-do/,1,/explore/things-to-do/,true,false,0,8,4,2,false,MIGRATION_PENDING,Redirecting…
https://peninsulainsider.com.au/journal/three-italian-dinners/,/journal/three-italian-dinners/,/journal,detail,200,allowed,"index, follow, max-image-preview:large",false,https://peninsulainsider.com.au/journal/three-italian-dinners/,true,true,false,,0,,,,2589,13,11,2,false,CRAWL_PRIORITY,"Tedesca, Tractor, Laura: The Three Peninsula Dinners and the Argument Between Them · Peninsula Insider"
https://peninsulainsider.com.au/journal/two-bays-walk-mornington-peninsula/,/journal/two-bays-walk-mornington-peninsula/,/journal,detail,200,allowed,"index, follow, max-image-preview:large",false,https://peninsulainsider.com.au/journal/two-bays-walk-mornington-peninsula/,true,true,false,,0,,,,2249,12,9,2,false,CRAWL_PRIORITY,Two Bays Walking Track - Complete Trail Guide · Peninsula Insider
https://peninsulainsider.com.au/journal/walks-bushrangers-bay-walk-guide/,/journal/walks-bushrangers-bay-walk-guide/,/journal,detail,200,allowed,"index, follow, max-image-preview:large",false,https://peninsulainsider.com.au/journal/walks-bushrangers-bay-walk-guide/,true,true,false,,0,,,,2121,19,14,2,false,CRAWL_PRIORITY,The Bushrangers Bay Walk: Everything You Need to Know · Peninsula Insider
https://peninsulainsider.com.au/journal/walks-cape-schanck-hot-springs-day/,/journal/walks-cape-schanck-hot-springs-day/,/journal,redirect-stub,200,allowed,(none),false,https://peninsulainsider.com.au/explore/plans/walks-cape-schanck-hot-springs-day/,false,false,true,/explore/plans/walks-cape-schanck-hot-springs-day/,1,/explore/plans/walks-cape-schanck-hot-springs-day/,true,false,0,3,2,2,false,MIGRATION_PENDING,Redirecting…
https://peninsulainsider.com.au/journal/waterfront-restaurants-mornington-peninsula/,/journal/waterfront-restaurants-mornington-peninsula/,/journal,detail,200,allowed,"index, follow, max-image-preview:large",false,https://peninsulainsider.com.au/journal/waterfront-restaurants-mornington-peninsula/,true,true,false,,0,,,,2101,22,15,2,false,CRAWL_PRIORITY,Waterfront Restaurants on the Mornington Peninsula · Peninsula Insider
https://peninsulainsider.com.au/journal/weddings-mornington-peninsula-weekend-planning/,/journal/weddings-mornington-peninsula-weekend-planning/,/journal,redirect-stub,200,allowed,(none),false,https://peninsulainsider.com.au/explore/plans/weddings-mornington-peninsula-weekend-planning/,false,false,true,/explore/plans/weddings-mornington-peninsula-weekend-planning/,1,/explore/plans/weddings-mornington-peninsula-weekend-planning/,true,false,0,4,3,2,false,MIGRATION_PENDING,Redirecting…
https://peninsulainsider.com.au/journal/weddings-where-guests-stay-mornington-peninsula/,/journal/weddings-where-guests-stay-mornington-peninsula/,/journal,detail,200,allowed,"index, follow, max-image-preview:large",false,https://peninsulainsider.com.au/journal/weddings-where-guests-stay-mornington-peninsula/,true,true,false,,0,,,,2179,13,7,2,false,CRAWL_PRIORITY,Where Wedding Guests Should Stay on the Mornington Peninsula · Peninsula Insider
https://peninsulainsider.com.au/journal/what-to-do-on-the-peninsula-with-a-dog-when-its-wet-or-busy/,/journal/what-to-do-on-the-peninsula-with-a-dog-when-its-wet-or-busy/,/journal,detail,200,allowed,"index, follow, max-image-preview:large",false,https://peninsulainsider.com.au/journal/what-to-do-on-the-peninsula-with-a-dog-when-its-wet-or-busy/,true,true,false,,0,,,,952,1,1,2,false,CRAWL_PRIORITY,What to Do on the Peninsula With a Dog When It’s Wet or Busy · Peninsula Insider
https://peninsulainsider.com.au/journal/where-to-eat-mornington-peninsula/,/journal/where-to-eat-mornington-peninsula/,/journal,redirect-stub,200,allowed,(none),false,https://peninsulainsider.com.au/eat/best-restaurants/,false,false,true,/eat/best-restaurants/,1,/eat/best-restaurants/,true,false,0,6,4,2,false,MIGRATION_PENDING,Redirecting…
https://peninsulainsider.com.au/journal/where-to-eat-without-a-booking/,/journal/where-to-eat-without-a-booking/,/journal,detail,200,allowed,"index, follow, max-image-preview:large",false,https://peninsulainsider.com.au/journal/where-to-eat-without-a-booking/,true,true,false,,0,,,,3387,10,8,2,false,CRAWL_PRIORITY,Where to Eat Without a Booking · Peninsula Insider
https://peninsulainsider.com.au/journal/where-to-stay-for-a-two-night-escape/,/journal/where-to-stay-for-a-two-night-escape/,/journal,detail,200,allowed,"index, follow, max-image-preview:large",false,https://peninsulainsider.com.au/journal/where-to-stay-for-a-two-night-escape/,true,true,false,,0,,,,2116,9,6,2,false,CRAWL_PRIORITY,Where to Stay for a Two-Night Peninsula Escape · Peninsula Insider
https://peninsulainsider.com.au/journal/where-to-stay-mornington-peninsula/,/journal/where-to-stay-mornington-peninsula/,/journal,redirect-stub,200,allowed,(none),false,https://peninsulainsider.com.au/stay/best-accommodation/,false,false,true,/stay/best-accommodation/,1,/stay/best-accommodation/,true,false,0,4,1,2,false,MIGRATION_PENDING,Redirecting…
https://peninsulainsider.com.au/journal/where-to-walk-the-dog-mornington-peninsula/,/journal/where-to-walk-the-dog-mornington-peninsula/,/journal,detail,200,allowed,"index, follow, max-image-preview:large",false,https://peninsulainsider.com.au/journal/where-to-walk-the-dog-mornington-peninsula/,true,true,false,,0,,,,2131,14,11,2,false,CRAWL_PRIORITY,Where to Walk the Dog on the Mornington Peninsula · Peninsula Insider
https://peninsulainsider.com.au/journal/why-winter-works-on-the-peninsula/,/journal/why-winter-works-on-the-peninsula/,/journal,detail,200,allowed,"index, follow, max-image-preview:large",false,https://peninsulainsider.com.au/journal/why-winter-works-on-the-peninsula/,true,true,false,,0,,,,2060,10,7,2,false,CRAWL_PRIORITY,Why the Peninsula Works Better in Winter · Peninsula Insider
https://peninsulainsider.com.au/journal/winter-indoors-mprg-rainy-day-circuit/,/journal/winter-indoors-mprg-rainy-day-circuit/,/journal,detail,200,allowed,"index, follow, max-image-preview:large",false,https://peninsulainsider.com.au/journal/winter-indoors-mprg-rainy-day-circuit/,true,true,false,,0,,,,1974,7,4,2,false,CRAWL_PRIORITY,Winter indoors: MPRG&#39;s winter program and the rainy day circuit · Peninsula Insider
https://peninsulainsider.com.au/map/,/map/,/map,hub,200,allowed,"index, follow, max-image-preview:large",false,https://peninsulainsider.com.au/map/,true,true,false,,0,,,,7765,1207,627,1,false,CRAWL_PRIORITY,The Insider Map · Peninsula Insider
https://peninsulainsider.com.au/me/,/me/,/me,redirect-stub,200,allowed,noindex,true,https://peninsulainsider.com.au/me/saved/,false,false,true,/me/saved/,1,/me/saved/,false,false,0,0,0,,true,REAL_TECHNICAL_DEFECT,Redirecting…
https://peninsulainsider.com.au/me/saved/,/me/saved/,/me,detail,200,allowed,"noindex, nofollow",true,https://peninsulainsider.com.au/me/saved/,true,false,false,,0,,,,930,1799,628,1,false,INTENTIONAL_EXCLUSION,Saved · Peninsula Insider
https://peninsulainsider.com.au/me/trip/,/me/trip/,/me,detail,200,allowed,"noindex, nofollow",true,https://peninsulainsider.com.au/me/trip/,true,false,false,,0,,,,943,1172,628,1,false,INTENTIONAL_EXCLUSION,My Trip · Peninsula Insider
https://peninsulainsider.com.au/methodology/,/methodology/,/methodology,redirect-stub,200,allowed,(none),false,https://peninsulainsider.com.au/editorial-approach/,false,false,true,/editorial-approach/,1,/editorial-approach/,true,false,0,0,0,,true,MIGRATION_PENDING,Redirecting…
https://peninsulainsider.com.au/newsletter/,/newsletter/,/newsletter,redirect-stub,200,allowed,(none),false,https://peninsulainsider.com.au/dispatch/,false,false,true,/dispatch/,1,/dispatch/,true,false,0,0,0,,true,MIGRATION_PENDING,Redirecting…
https://peninsulainsider.com.au/our-approach/,/our-approach/,/our-approach,redirect-stub,200,allowed,(none),false,https://peninsulainsider.com.au/editorial-approach/,false,false,true,/editorial-approach/,1,/editorial-approach/,true,false,0,0,0,,true,MIGRATION_PENDING,Redirecting…
https://peninsulainsider.com.au/partner-with-us/,/partner-with-us/,/partner-with-us,redirect-stub,200,allowed,(none),false,https://peninsulainsider.com.au/partners/,false,false,true,/partners/,1,/partners/,true,false,0,0,0,,true,MIGRATION_PENDING,Redirecting…
https://peninsulainsider.com.au/partners/,/partners/,/partners,hub,200,allowed,"index, follow, max-image-preview:large",false,https://peninsulainsider.com.au/partners/,true,true,false,,0,,,,1544,631,627,1,false,CRAWL_PRIORITY,Partner with Peninsula Insider
https://peninsulainsider.com.au/partners/advertising-kit/,/partners/advertising-kit/,/partners,detail,200,allowed,"noindex, nofollow",true,,false,false,false,,0,,,,1908,0,0,,true,INTENTIONAL_EXCLUSION,Partnership Kit FY27 - Peninsula Insider
https://peninsulainsider.com.au/partners/apply/,/partners/apply/,/partners,detail,200,allowed,"index, follow, max-image-preview:large",false,https://peninsulainsider.com.au/partners/apply/,true,true,false,,0,,,,1083,0,0,,true,CRAWL_PRIORITY,Tell us about your venue - Peninsula Insider
https://peninsulainsider.com.au/partners/claim/,/partners/claim/,/partners,detail,200,allowed,"noindex, nofollow",true,https://peninsulainsider.com.au/partners/claim/,true,false,false,,0,,,,1398,141,141,2,false,INTENTIONAL_EXCLUSION,Claim your venue · Peninsula Insider
https://peninsulainsider.com.au/partners/dashboard/,/partners/dashboard/,/partners,detail,200,allowed,"noindex, nofollow",true,https://peninsulainsider.com.au/partners/dashboard/,true,false,false,,0,,,,1014,0,0,,true,INTENTIONAL_EXCLUSION,Operator Dashboard · Peninsula Insider
https://peninsulainsider.com.au/partners/founders-prospectus/,/partners/founders-prospectus/,/partners,detail,200,allowed,"noindex, nofollow",true,,false,false,false,,0,,,,1336,0,0,,true,INTENTIONAL_EXCLUSION,Founders&#39; Circle - Peninsula Insider
https://peninsulainsider.com.au/partners/update/,/partners/update/,/partners,detail,200,allowed,"index, follow, max-image-preview:large",false,https://peninsulainsider.com.au/partners/update/,true,false,false,,0,,,,1582,0,0,,true,NEEDS_INVESTIGATION,Update your listing · Peninsula Insider
https://peninsulainsider.com.au/pass/,/pass/,/pass,hub,200,allowed,"index, follow, max-image-preview:large",false,https://peninsulainsider.com.au/pass/,true,true,false,,0,,,,1312,0,0,,true,CRAWL_PRIORITY,The Peninsula Insider Pass
https://peninsulainsider.com.au/pi-admin/daily/2026-08-15/,/pi-admin/daily/2026-08-15/,/pi-admin,detail,200,allowed,"noindex, nofollow",true,https://peninsulainsider.com.au/pi-admin/daily/2026-08-15/,true,false,false,,0,,,,1217,0,0,,true,INTENTIONAL_EXCLUSION,PI Daily Insights: Saturday 15 August 2026 · Peninsula Insider
https://peninsulainsider.com.au/pi-admin/precision-sprint/,/pi-admin/precision-sprint/,/pi-admin,detail,200,allowed,"noindex, nofollow",true,https://peninsulainsider.com.au/pi-admin/precision-sprint/,true,false,false,,0,,,,1933,0,0,,true,INTENTIONAL_EXCLUSION,Precision Sprint tracker · Peninsula Insider
https://peninsulainsider.com.au/picks/,/picks/,/picks,hub,200,allowed,"index, follow, max-image-preview:large",false,https://peninsulainsider.com.au/picks/,true,false,false,,0,,,,1130,0,0,,true,NEEDS_INVESTIGATION,"Peninsula Insider Picks | The weekend, curated"
https://peninsulainsider.com.au/places/,/places/,/places,redirect-stub,200,allowed,(none),false,https://peninsulainsider.com.au/explore/places/,false,false,true,/explore/places/,1,/explore/places/,true,false,0,0,0,,true,MIGRATION_PENDING,Redirecting…
https://peninsulainsider.com.au/places/arthurs-seat/,/places/arthurs-seat/,/places,redirect-stub,200,allowed,(none),false,https://peninsulainsider.com.au/explore/places/arthurs-seat/,false,false,true,/explore/places/arthurs-seat/,1,/explore/places/arthurs-seat/,true,false,0,0,0,,true,MIGRATION_PENDING,Redirecting…
https://peninsulainsider.com.au/places/balnarring/,/places/balnarring/,/places,redirect-stub,200,allowed,(none),false,https://peninsulainsider.com.au/explore/places/balnarring/,false,false,true,/explore/places/balnarring/,1,/explore/places/balnarring/,true,false,0,0,0,,true,MIGRATION_PENDING,Redirecting…
https://peninsulainsider.com.au/places/bittern/,/places/bittern/,/places,redirect-stub,200,allowed,(none),false,https://peninsulainsider.com.au/explore/places/bittern/,false,false,true,/explore/places/bittern/,1,/explore/places/bittern/,true,false,0,0,0,,true,MIGRATION_PENDING,Redirecting…
https://peninsulainsider.com.au/places/blairgowrie/,/places/blairgowrie/,/places,redirect-stub,200,allowed,(none),false,https://peninsulainsider.com.au/explore/places/blairgowrie/,false,false,true,/explore/places/blairgowrie/,1,/explore/places/blairgowrie/,true,false,0,0,0,,true,MIGRATION_PENDING,Redirecting…
https://peninsulainsider.com.au/places/boneo/,/places/boneo/,/places,redirect-stub,200,allowed,(none),false,https://peninsulainsider.com.au/explore/places/boneo/,false,false,true,/explore/places/boneo/,1,/explore/places/boneo/,true,false,0,0,0,,true,MIGRATION_PENDING,Redirecting…
https://peninsulainsider.com.au/places/cape-schanck/,/places/cape-schanck/,/places,redirect-stub,200,allowed,(none),false,https://peninsulainsider.com.au/explore/places/cape-schanck/,false,false,true,/explore/places/cape-schanck/,1,/explore/places/cape-schanck/,true,false,0,0,0,,true,MIGRATION_PENDING,Redirecting…
https://peninsulainsider.com.au/places/capel-sound/,/places/capel-sound/,/places,redirect-stub,200,allowed,(none),false,https://peninsulainsider.com.au/explore/places/capel-sound/,false,false,true,/explore/places/capel-sound/,1,/explore/places/capel-sound/,true,false,0,0,0,,true,MIGRATION_PENDING,Redirecting…
https://peninsulainsider.com.au/places/crib-point/,/places/crib-point/,/places,redirect-stub,200,allowed,(none),false,https://peninsulainsider.com.au/explore/places/crib-point/,false,false,true,/explore/places/crib-point/,1,/explore/places/crib-point/,true,false,0,0,0,,true,MIGRATION_PENDING,Redirecting…
https://peninsulainsider.com.au/places/dromana/,/places/dromana/,/places,redirect-stub,200,allowed,(none),false,https://peninsulainsider.com.au/explore/places/dromana/,false,false,true,/explore/places/dromana/,1,/explore/places/dromana/,true,false,0,0,0,,true,MIGRATION_PENDING,Redirecting…
https://peninsulainsider.com.au/places/fingal/,/places/fingal/,/places,redirect-stub,200,allowed,(none),false,https://peninsulainsider.com.au/explore/places/fingal/,false,false,true,/explore/places/fingal/,1,/explore/places/fingal/,true,false,0,0,0,,true,MIGRATION_PENDING,Redirecting…
https://peninsulainsider.com.au/places/flinders/,/places/flinders/,/places,redirect-stub,200,allowed,(none),false,https://peninsulainsider.com.au/explore/places/flinders/,false,false,true,/explore/places/flinders/,1,/explore/places/flinders/,true,false,0,0,0,,true,MIGRATION_PENDING,Redirecting…
https://peninsulainsider.com.au/places/hastings/,/places/hastings/,/places,redirect-stub,200,allowed,(none),false,https://peninsulainsider.com.au/explore/places/hastings/,false,false,true,/explore/places/hastings/,1,/explore/places/hastings/,true,false,0,0,0,,true,MIGRATION_PENDING,Redirecting…
https://peninsulainsider.com.au/places/main-ridge/,/places/main-ridge/,/places,redirect-stub,200,allowed,(none),false,https://peninsulainsider.com.au/explore/places/main-ridge/,false,false,true,/explore/places/main-ridge/,1,/explore/places/main-ridge/,true,false,0,0,0,,true,MIGRATION_PENDING,Redirecting…
https://peninsulainsider.com.au/places/mccrae/,/places/mccrae/,/places,redirect-stub,200,allowed,(none),false,https://peninsulainsider.com.au/explore/places/mccrae/,false,false,true,/explore/places/mccrae/,1,/explore/places/mccrae/,true,false,0,0,0,,true,MIGRATION_PENDING,Redirecting…
https://peninsulainsider.com.au/places/merricks-beach/,/places/merricks-beach/,/places,redirect-stub,200,allowed,(none),false,https://peninsulainsider.com.au/explore/places/merricks-beach/,false,false,true,/explore/places/merricks-beach/,1,/explore/places/merricks-beach/,true,false,0,0,0,,true,MIGRATION_PENDING,Redirecting…
https://peninsulainsider.com.au/places/merricks-north/,/places/merricks-north/,/places,redirect-stub,200,allowed,(none),false,https://peninsulainsider.com.au/explore/places/merricks-north/,false,false,true,/explore/places/merricks-north/,1,/explore/places/merricks-north/,true,false,0,0,0,,true,MIGRATION_PENDING,Redirecting…
https://peninsulainsider.com.au/places/merricks/,/places/merricks/,/places,redirect-stub,200,allowed,(none),false,https://peninsulainsider.com.au/explore/places/merricks/,false,false,true,/explore/places/merricks/,1,/explore/places/merricks/,true,false,0,0,0,,true,MIGRATION_PENDING,Redirecting…
https://peninsulainsider.com.au/places/moorooduc/,/places/moorooduc/,/places,redirect-stub,200,allowed,(none),false,https://peninsulainsider.com.au/explore/places/moorooduc/,false,false,true,/explore/places/moorooduc/,1,/explore/places/moorooduc/,true,false,0,0,0,,true,MIGRATION_PENDING,Redirecting…
https://peninsulainsider.com.au/places/mornington/,/places/mornington/,/places,redirect-stub,200,allowed,(none),false,https://peninsulainsider.com.au/explore/places/mornington/,false,false,true,/explore/places/mornington/,1,/explore/places/mornington/,true,false,0,0,0,,true,MIGRATION_PENDING,Redirecting…
https://peninsulainsider.com.au/places/mount-eliza/,/places/mount-eliza/,/places,redirect-stub,200,allowed,(none),false,https://peninsulainsider.com.au/explore/places/mount-eliza/,false,false,true,/explore/places/mount-eliza/,1,/explore/places/mount-eliza/,true,false,0,0,0,,true,MIGRATION_PENDING,Redirecting…
https://peninsulainsider.com.au/places/mount-martha/,/places/mount-martha/,/places,redirect-stub,200,allowed,(none),false,https://peninsulainsider.com.au/explore/places/mount-martha/,false,false,true,/explore/places/mount-martha/,1,/explore/places/mount-martha/,true,false,0,0,0,,true,MIGRATION_PENDING,Redirecting…
https://peninsulainsider.com.au/places/point-leo/,/places/point-leo/,/places,redirect-stub,200,allowed,(none),false,https://peninsulainsider.com.au/explore/places/point-leo/,false,false,true,/explore/places/point-leo/,1,/explore/places/point-leo/,true,false,0,0,0,,true,MIGRATION_PENDING,Redirecting…
https://peninsulainsider.com.au/places/point-nepean/,/places/point-nepean/,/places,redirect-stub,200,allowed,(none),false,https://peninsulainsider.com.au/explore/places/point-nepean/,false,false,true,/explore/places/point-nepean/,1,/explore/places/point-nepean/,true,false,0,0,0,,true,MIGRATION_PENDING,Redirecting…
https://peninsulainsider.com.au/places/portsea/,/places/portsea/,/places,redirect-stub,200,allowed,(none),false,https://peninsulainsider.com.au/explore/places/portsea/,false,false,true,/explore/places/portsea/,1,/explore/places/portsea/,true,false,0,0,0,,true,MIGRATION_PENDING,Redirecting…
https://peninsulainsider.com.au/places/red-hill-south/,/places/red-hill-south/,/places,redirect-stub,200,allowed,(none),false,https://peninsulainsider.com.au/explore/places/red-hill-south/,false,false,true,/explore/places/red-hill-south/,1,/explore/places/red-hill-south/,true,false,0,0,0,,true,MIGRATION_PENDING,Redirecting…
https://peninsulainsider.com.au/places/red-hill/,/places/red-hill/,/places,redirect-stub,200,allowed,(none),false,https://peninsulainsider.com.au/explore/places/red-hill/,false,false,true,/explore/places/red-hill/,1,/explore/places/red-hill/,true,false,0,0,0,,true,MIGRATION_PENDING,Redirecting…
https://peninsulainsider.com.au/places/rosebud/,/places/rosebud/,/places,redirect-stub,200,allowed,(none),false,https://peninsulainsider.com.au/explore/places/rosebud/,false,false,true,/explore/places/rosebud/,1,/explore/places/rosebud/,true,false,0,0,0,,true,MIGRATION_PENDING,Redirecting…
https://peninsulainsider.com.au/places/rye/,/places/rye/,/places,redirect-stub,200,allowed,(none),false,https://peninsulainsider.com.au/explore/places/rye/,false,false,true,/explore/places/rye/,1,/explore/places/rye/,true,false,0,0,0,,true,MIGRATION_PENDING,Redirecting…
https://peninsulainsider.com.au/places/safety-beach/,/places/safety-beach/,/places,redirect-stub,200,allowed,(none),false,https://peninsulainsider.com.au/explore/places/safety-beach/,false,false,true,/explore/places/safety-beach/,1,/explore/places/safety-beach/,true,false,0,0,0,,true,MIGRATION_PENDING,Redirecting…
https://peninsulainsider.com.au/places/shoreham/,/places/shoreham/,/places,redirect-stub,200,allowed,(none),false,https://peninsulainsider.com.au/explore/places/shoreham/,false,false,true,/explore/places/shoreham/,1,/explore/places/shoreham/,true,false,0,0,0,,true,MIGRATION_PENDING,Redirecting…
https://peninsulainsider.com.au/places/somers/,/places/somers/,/places,redirect-stub,200,allowed,(none),false,https://peninsulainsider.com.au/explore/places/somers/,false,false,true,/explore/places/somers/,1,/explore/places/somers/,true,false,0,0,0,,true,MIGRATION_PENDING,Redirecting…
https://peninsulainsider.com.au/places/sorrento/,/places/sorrento/,/places,redirect-stub,200,allowed,(none),false,https://peninsulainsider.com.au/explore/places/sorrento/,false,false,true,/explore/places/sorrento/,1,/explore/places/sorrento/,true,false,0,0,0,,true,MIGRATION_PENDING,Redirecting…
https://peninsulainsider.com.au/places/st-andrews-beach/,/places/st-andrews-beach/,/places,redirect-stub,200,allowed,(none),false,https://peninsulainsider.com.au/explore/places/st-andrews-beach/,false,false,true,/explore/places/st-andrews-beach/,1,/explore/places/st-andrews-beach/,true,false,0,0,0,,true,MIGRATION_PENDING,Redirecting…
https://peninsulainsider.com.au/places/stony-point/,/places/stony-point/,/places,redirect-stub,200,allowed,(none),false,https://peninsulainsider.com.au/explore/places/stony-point/,false,false,true,/explore/places/stony-point/,1,/explore/places/stony-point/,true,false,0,0,0,,true,MIGRATION_PENDING,Redirecting…
https://peninsulainsider.com.au/places/tootgarook/,/places/tootgarook/,/places,redirect-stub,200,allowed,(none),false,https://peninsulainsider.com.au/explore/places/tootgarook/,false,false,true,/explore/places/tootgarook/,1,/explore/places/tootgarook/,true,false,0,0,0,,true,MIGRATION_PENDING,Redirecting…
https://peninsulainsider.com.au/places/tuerong/,/places/tuerong/,/places,redirect-stub,200,allowed,(none),false,https://peninsulainsider.com.au/explore/places/tuerong/,false,false,true,/explore/places/tuerong/,1,/explore/places/tuerong/,true,false,0,0,0,,true,MIGRATION_PENDING,Redirecting…
https://peninsulainsider.com.au/places/tyabb/,/places/tyabb/,/places,redirect-stub,200,allowed,(none),false,https://peninsulainsider.com.au/explore/places/tyabb/,false,false,true,/explore/places/tyabb/,1,/explore/places/tyabb/,true,false,0,0,0,,true,MIGRATION_PENDING,Redirecting…
https://peninsulainsider.com.au/plan/,/plan/,/plan,hub,200,allowed,"noindex, nofollow",true,https://peninsulainsider.com.au/plan/,true,false,false,,0,,,,912,0,0,,true,INTENTIONAL_EXCLUSION,A shared Peninsula plan - Peninsula Insider
https://peninsulainsider.com.au/plans/,/plans/,/plans,redirect-stub,200,allowed,(none),false,https://peninsulainsider.com.au/explore/plans/,false,false,true,/explore/plans/,1,/explore/plans/,true,false,0,0,0,,true,MIGRATION_PENDING,Redirecting…
https://peninsulainsider.com.au/plans/build/,/plans/build/,/plans,redirect-stub,200,allowed,(none),false,https://peninsulainsider.com.au/explore/plans/build/,false,false,true,/explore/plans/build/,1,/explore/plans/build/,true,false,0,0,0,,true,MIGRATION_PENDING,Redirecting…
https://peninsulainsider.com.au/plans/corporate-events-how-to-plan-peninsula-retreat/,/plans/corporate-events-how-to-plan-peninsula-retreat/,/plans,redirect-stub,200,allowed,(none),false,https://peninsulainsider.com.au/explore/plans/corporate-events-how-to-plan-peninsula-retreat/,false,false,true,/explore/plans/corporate-events-how-to-plan-peninsula-retreat/,1,/explore/plans/corporate-events-how-to-plan-peninsula-retreat/,true,false,0,0,0,,true,MIGRATION_PENDING,Redirecting…
https://peninsulainsider.com.au/plans/flinders-and-cape-reset/,/plans/flinders-and-cape-reset/,/plans,redirect-stub,200,allowed,(none),false,https://peninsulainsider.com.au/explore/plans/flinders-and-cape-reset/,false,false,true,/explore/plans/flinders-and-cape-reset/,1,/explore/plans/flinders-and-cape-reset/,true,false,0,0,0,,true,MIGRATION_PENDING,Redirecting…
https://peninsulainsider.com.au/plans/how-to-build-a-red-hill-saturday/,/plans/how-to-build-a-red-hill-saturday/,/plans,redirect-stub,200,allowed,(none),false,https://peninsulainsider.com.au/explore/plans/how-to-build-a-red-hill-saturday/,false,false,true,/explore/plans/how-to-build-a-red-hill-saturday/,1,/explore/plans/how-to-build-a-red-hill-saturday/,true,false,0,0,0,,true,MIGRATION_PENDING,Redirecting…
https://peninsulainsider.com.au/plans/how-to-plan-a-peninsula-weekend/,/plans/how-to-plan-a-peninsula-weekend/,/plans,redirect-stub,200,allowed,(none),false,https://peninsulainsider.com.au/explore/plans/how-to-plan-a-peninsula-weekend/,false,false,true,/explore/plans/how-to-plan-a-peninsula-weekend/,1,/explore/plans/how-to-plan-a-peninsula-weekend/,true,false,0,0,0,,true,MIGRATION_PENDING,Redirecting…
https://peninsulainsider.com.au/plans/mornington-day-guide/,/plans/mornington-day-guide/,/plans,redirect-stub,200,allowed,(none),false,https://peninsulainsider.com.au/explore/plans/mornington-day-guide/,false,false,true,/explore/plans/mornington-day-guide/,1,/explore/plans/mornington-day-guide/,true,false,0,0,0,,true,MIGRATION_PENDING,Redirecting…
https://peninsulainsider.com.au/plans/mornington-peninsula-golf-stay-and-play/,/plans/mornington-peninsula-golf-stay-and-play/,/plans,redirect-stub,200,allowed,(none),false,https://peninsulainsider.com.au/explore/plans/mornington-peninsula-golf-stay-and-play/,false,false,true,/explore/plans/mornington-peninsula-golf-stay-and-play/,1,/explore/plans/mornington-peninsula-golf-stay-and-play/,true,false,0,0,0,,true,MIGRATION_PENDING,Redirecting…
https://peninsulainsider.com.au/plans/mornington-peninsula-itinerary/,/plans/mornington-peninsula-itinerary/,/plans,redirect-stub,200,allowed,(none),false,https://peninsulainsider.com.au/explore/plans/mornington-peninsula-itinerary/,false,false,true,/explore/plans/mornington-peninsula-itinerary/,1,/explore/plans/mornington-peninsula-itinerary/,true,false,0,0,0,,true,MIGRATION_PENDING,Redirecting…
https://peninsulainsider.com.au/plans/mornington-peninsula-stay-and-soak/,/plans/mornington-peninsula-stay-and-soak/,/plans,redirect-stub,200,allowed,(none),false,https://peninsulainsider.com.au/explore/plans/mornington-peninsula-stay-and-soak/,false,false,true,/explore/plans/mornington-peninsula-stay-and-soak/,1,/explore/plans/mornington-peninsula-stay-and-soak/,true,false,0,0,0,,true,MIGRATION_PENDING,Redirecting…
https://peninsulainsider.com.au/plans/ridge-to-sea-two-night-escape/,/plans/ridge-to-sea-two-night-escape/,/plans,redirect-stub,200,allowed,(none),false,https://peninsulainsider.com.au/explore/plans/ridge-to-sea-two-night-escape/,false,false,true,/explore/plans/ridge-to-sea-two-night-escape/,1,/explore/plans/ridge-to-sea-two-night-escape/,true,false,0,0,0,,true,MIGRATION_PENDING,Redirecting…
https://peninsulainsider.com.au/plans/sorrento-off-season-weekend/,/plans/sorrento-off-season-weekend/,/plans,redirect-stub,200,allowed,(none),false,https://peninsulainsider.com.au/explore/plans/sorrento-off-season-weekend/,false,false,true,/explore/plans/sorrento-off-season-weekend/,1,/explore/plans/sorrento-off-season-weekend/,true,false,0,0,0,,true,MIGRATION_PENDING,Redirecting…
https://peninsulainsider.com.au/plans/the-birthday-weekend/,/plans/the-birthday-weekend/,/plans,redirect-stub,200,allowed,(none),false,https://peninsulainsider.com.au/explore/plans/the-birthday-weekend/,false,false,true,/explore/plans/the-birthday-weekend/,1,/explore/plans/the-birthday-weekend/,true,false,0,0,0,,true,MIGRATION_PENDING,Redirecting…
https://peninsulainsider.com.au/plans/the-couples-weekend/,/plans/the-couples-weekend/,/plans,redirect-stub,200,allowed,(none),false,https://peninsulainsider.com.au/explore/plans/the-couples-weekend/,false,false,true,/explore/plans/the-couples-weekend/,1,/explore/plans/the-couples-weekend/,true,false,0,0,0,,true,MIGRATION_PENDING,Redirecting…
https://peninsulainsider.com.au/plans/the-easter-peninsula/,/plans/the-easter-peninsula/,/plans,redirect-stub,200,allowed,(none),false,https://peninsulainsider.com.au/explore/plans/the-easter-peninsula/,false,false,true,/explore/plans/the-easter-peninsula/,1,/explore/plans/the-easter-peninsula/,true,false,0,0,0,,true,MIGRATION_PENDING,Redirecting…
https://peninsulainsider.com.au/plans/the-family-day-out/,/plans/the-family-day-out/,/plans,redirect-stub,200,allowed,(none),false,https://peninsulainsider.com.au/explore/plans/the-family-day-out/,false,false,true,/explore/plans/the-family-day-out/,1,/explore/plans/the-family-day-out/,true,false,0,0,0,,true,MIGRATION_PENDING,Redirecting…
https://peninsulainsider.com.au/plans/the-four-hour-peninsula/,/plans/the-four-hour-peninsula/,/plans,redirect-stub,200,allowed,(none),false,https://peninsulainsider.com.au/explore/plans/the-four-hour-peninsula/,false,false,true,/explore/plans/the-four-hour-peninsula/,1,/explore/plans/the-four-hour-peninsula/,true,false,0,0,0,,true,MIGRATION_PENDING,Redirecting…
https://peninsulainsider.com.au/plans/the-friday-night-arrival/,/plans/the-friday-night-arrival/,/plans,redirect-stub,200,allowed,(none),false,https://peninsulainsider.com.au/explore/plans/the-friday-night-arrival/,false,false,true,/explore/plans/the-friday-night-arrival/,1,/explore/plans/the-friday-night-arrival/,true,false,0,0,0,,true,MIGRATION_PENDING,Redirecting…
https://peninsulainsider.com.au/plans/the-market-saturday/,/plans/the-market-saturday/,/plans,redirect-stub,200,allowed,(none),false,https://peninsulainsider.com.au/explore/plans/the-market-saturday/,false,false,true,/explore/plans/the-market-saturday/,1,/explore/plans/the-market-saturday/,true,false,0,0,0,,true,MIGRATION_PENDING,Redirecting…
https://peninsulainsider.com.au/plans/the-one-booking-peninsula-day/,/plans/the-one-booking-peninsula-day/,/plans,redirect-stub,200,allowed,(none),false,https://peninsulainsider.com.au/explore/plans/the-one-booking-peninsula-day/,false,false,true,/explore/plans/the-one-booking-peninsula-day/,1,/explore/plans/the-one-booking-peninsula-day/,true,false,0,0,0,,true,MIGRATION_PENDING,Redirecting…
https://peninsulainsider.com.au/plans/the-one-night-escape/,/plans/the-one-night-escape/,/plans,redirect-stub,200,allowed,(none),false,https://peninsulainsider.com.au/explore/plans/the-one-night-escape/,false,false,true,/explore/plans/the-one-night-escape/,1,/explore/plans/the-one-night-escape/,true,false,0,0,0,,true,MIGRATION_PENDING,Redirecting…
https://peninsulainsider.com.au/plans/the-peninsula-golf-weekend/,/plans/the-peninsula-golf-weekend/,/plans,redirect-stub,200,allowed,(none),false,https://peninsulainsider.com.au/explore/plans/the-peninsula-golf-weekend/,false,false,true,/explore/plans/the-peninsula-golf-weekend/,1,/explore/plans/the-peninsula-golf-weekend/,true,false,0,0,0,,true,MIGRATION_PENDING,Redirecting…
https://peninsulainsider.com.au/plans/the-peninsula-orientation-drive/,/plans/the-peninsula-orientation-drive/,/plans,redirect-stub,200,allowed,(none),false,https://peninsulainsider.com.au/explore/plans/the-peninsula-orientation-drive/,false,false,true,/explore/plans/the-peninsula-orientation-drive/,1,/explore/plans/the-peninsula-orientation-drive/,true,false,0,0,0,,true,MIGRATION_PENDING,Redirecting…
https://peninsulainsider.com.au/plans/the-peninsula-picnic/,/plans/the-peninsula-picnic/,/plans,redirect-stub,200,allowed,(none),false,https://peninsulainsider.com.au/explore/plans/the-peninsula-picnic/,false,false,true,/explore/plans/the-peninsula-picnic/,1,/explore/plans/the-peninsula-picnic/,true,false,0,0,0,,true,MIGRATION_PENDING,Redirecting…
https://peninsulainsider.com.au/plans/the-point-nepean-half-day/,/plans/the-point-nepean-half-day/,/plans,redirect-stub,200,allowed,(none),false,https://peninsulainsider.com.au/explore/plans/the-point-nepean-half-day/,false,false,true,/explore/plans/the-point-nepean-half-day/,1,/explore/plans/the-point-nepean-half-day/,true,false,0,0,0,,true,MIGRATION_PENDING,Redirecting…
https://peninsulainsider.com.au/plans/the-producer-trail/,/plans/the-producer-trail/,/plans,redirect-stub,200,allowed,(none),false,https://peninsulainsider.com.au/explore/plans/the-producer-trail/,false,false,true,/explore/plans/the-producer-trail/,1,/explore/plans/the-producer-trail/,true,false,0,0,0,,true,MIGRATION_PENDING,Redirecting…
https://peninsulainsider.com.au/plans/the-pub-crawl/,/plans/the-pub-crawl/,/plans,redirect-stub,200,allowed,(none),false,https://peninsulainsider.com.au/explore/plans/the-pub-crawl/,false,false,true,/explore/plans/the-pub-crawl/,1,/explore/plans/the-pub-crawl/,true,false,0,0,0,,true,MIGRATION_PENDING,Redirecting…
https://peninsulainsider.com.au/plans/the-school-holidays-survival-guide/,/plans/the-school-holidays-survival-guide/,/plans,redirect-stub,200,allowed,(none),false,https://peninsulainsider.com.au/explore/plans/the-school-holidays-survival-guide/,false,false,true,/explore/plans/the-school-holidays-survival-guide/,1,/explore/plans/the-school-holidays-survival-guide/,true,false,0,0,0,,true,MIGRATION_PENDING,Redirecting…
https://peninsulainsider.com.au/plans/the-thermal-springs-weekend/,/plans/the-thermal-springs-weekend/,/plans,redirect-stub,200,allowed,(none),false,https://peninsulainsider.com.au/explore/plans/the-thermal-springs-weekend/,false,false,true,/explore/plans/the-thermal-springs-weekend/,1,/explore/plans/the-thermal-springs-weekend/,true,false,0,0,0,,true,MIGRATION_PENDING,Redirecting…
https://peninsulainsider.com.au/plans/walks-cape-schanck-hot-springs-day/,/plans/walks-cape-schanck-hot-springs-day/,/plans,redirect-stub,200,allowed,(none),false,https://peninsulainsider.com.au/explore/plans/walks-cape-schanck-hot-springs-day/,false,false,true,/explore/plans/walks-cape-schanck-hot-springs-day/,1,/explore/plans/walks-cape-schanck-hot-springs-day/,true,false,0,0,0,,true,MIGRATION_PENDING,Redirecting…
https://peninsulainsider.com.au/plans/weddings-mornington-peninsula-weekend-planning/,/plans/weddings-mornington-peninsula-weekend-planning/,/plans,redirect-stub,200,allowed,(none),false,https://peninsulainsider.com.au/explore/plans/weddings-mornington-peninsula-weekend-planning/,false,false,true,/explore/plans/weddings-mornington-peninsula-weekend-planning/,1,/explore/plans/weddings-mornington-peninsula-weekend-planning/,true,false,0,0,0,,true,MIGRATION_PENDING,Redirecting…
https://peninsulainsider.com.au/plans/wellness-weekend/,/plans/wellness-weekend/,/plans,redirect-stub,200,allowed,(none),false,https://peninsulainsider.com.au/explore/plans/wellness-weekend/,false,false,true,/explore/plans/wellness-weekend/,1,/explore/plans/wellness-weekend/,true,false,0,0,0,,true,MIGRATION_PENDING,Redirecting…
https://peninsulainsider.com.au/preview/email/insider-note-2026-08-05/,/preview/email/insider-note-2026-08-05/,/preview,detail,200,disallowed,"noindex,nofollow,noarchive",true,,false,false,false,,0,,,,395,0,0,,true,INTENTIONAL_EXCLUSION,The Insider Note No. VII
https://peninsulainsider.com.au/preview/email/weekly-picks-2026-08-05/,/preview/email/weekly-picks-2026-08-05/,/preview,detail,200,disallowed,"noindex,nofollow,noarchive",true,,false,false,false,,0,,,,345,0,0,,true,INTENTIONAL_EXCLUSION,"The Insider Note No. VII: What's On, 6–11 August"
https://peninsulainsider.com.au/preview/welcome/,/preview/welcome/,/preview,detail,200,disallowed,"noindex,nofollow,noarchive",true,,false,false,false,,0,,,,439,0,0,,true,INTENTIONAL_EXCLUSION,Peninsula This Weekend — you're in
https://peninsulainsider.com.au/privacy/,/privacy/,/privacy,hub,200,allowed,"index, follow, max-image-preview:large",false,https://peninsulainsider.com.au/privacy/,true,true,false,,0,,,,1343,2510,627,1,false,CRAWL_PRIORITY,Privacy Policy - Peninsula Insider
https://peninsulainsider.com.au/quick-note/,/quick-note/,/quick-note,hub,200,allowed,"index, follow, max-image-preview:large",false,https://peninsulainsider.com.au/quick-note/,true,true,false,,0,,,,939,0,0,,true,CRAWL_PRIORITY,"Quick Note, Wednesday 19 August 2026 · Peninsula Insider"
https://peninsulainsider.com.au/saved/,/saved/,/saved,hub,200,allowed,"noindex, nofollow",true,https://peninsulainsider.com.au/saved/,true,false,false,,0,,,,989,0,0,,true,INTENTIONAL_EXCLUSION,Saved Trips · Peninsula Insider
https://peninsulainsider.com.au/search/,/search/,/search,hub,200,allowed,"noindex, nofollow",true,https://peninsulainsider.com.au/search/,true,false,false,,0,,,,898,1400,628,1,false,INTENTIONAL_EXCLUSION,Explore · Peninsula Insider
https://peninsulainsider.com.au/site-index/,/site-index/,/site-index,hub,200,allowed,"index, follow, max-image-preview:large",false,https://peninsulainsider.com.au/site-index/,true,true,false,,0,,,,2416,627,627,1,false,CRAWL_PRIORITY,Site Index · Peninsula Insider
https://peninsulainsider.com.au/spa/,/spa/,/spa,redirect-stub,200,allowed,(none),false,https://peninsulainsider.com.au/explore/spas-and-wellness/,false,false,true,/explore/spas-and-wellness/,1,/explore/spas-and-wellness/,true,false,0,0,0,,true,MIGRATION_PENDING,Redirecting…
https://peninsulainsider.com.au/stay/,/stay/,/stay,hub,200,allowed,"index, follow, max-image-preview:large",false,https://peninsulainsider.com.au/stay/,true,true,false,,0,,,,2884,2135,627,1,false,CRAWL_PRIORITY,Where to Stay on the Mornington Peninsula · Peninsula Insider
https://peninsulainsider.com.au/stay/alba-thermal-springs/,/stay/alba-thermal-springs/,/stay,detail,200,allowed,"index, follow, max-image-preview:large",false,https://peninsulainsider.com.au/stay/alba-thermal-springs/,true,true,false,,0,,,,1738,172,61,2,false,CRAWL_PRIORITY,"Alba Thermal Springs &amp; Spa, Red Hill · Peninsula Insider"
https://peninsulainsider.com.au/stay/arthurs-views/,/stay/arthurs-views/,/stay,detail,200,allowed,"index, follow, max-image-preview:large",false,https://peninsulainsider.com.au/stay/arthurs-views/,true,true,false,,0,,,,1358,126,44,2,false,CRAWL_PRIORITY,"Arthurs Views, Dromana · Peninsula Insider"
https://peninsulainsider.com.au/stay/best-accommodation/,/stay/best-accommodation/,/stay,detail,200,allowed,"index, follow, max-image-preview:large",false,https://peninsulainsider.com.au/stay/best-accommodation/,true,true,false,,0,,,,2730,62,47,2,false,CRAWL_PRIORITY,Best Accommodation Mornington Peninsula · Peninsula Insider
https://peninsulainsider.com.au/stay/birch-creek/,/stay/birch-creek/,/stay,detail,200,allowed,"index, follow, max-image-preview:large",false,https://peninsulainsider.com.au/stay/birch-creek/,true,true,false,,0,,,,1379,138,48,2,false,CRAWL_PRIORITY,"Birch Creek, Red Hill · Peninsula Insider"
https://peninsulainsider.com.au/stay/blue-moon-cottages/,/stay/blue-moon-cottages/,/stay,detail,200,allowed,"index, follow, max-image-preview:large",false,https://peninsulainsider.com.au/stay/blue-moon-cottages/,true,true,false,,0,,,,1404,34,13,2,false,CRAWL_PRIORITY,"Blue Moon Cottages, Rye · Peninsula Insider"
https://peninsulainsider.com.au/stay/boutique-hotels/,/stay/boutique-hotels/,/stay,detail,200,allowed,"index, follow, max-image-preview:large",false,https://peninsulainsider.com.au/stay/boutique-hotels/,true,true,false,,0,,,,1147,0,0,,true,CRAWL_PRIORITY,Boutique Hotels Mornington Peninsula · Peninsula Insider
https://peninsulainsider.com.au/stay/brewers-cottage/,/stay/brewers-cottage/,/stay,detail,200,allowed,"index, follow, max-image-preview:large",false,https://peninsulainsider.com.au/stay/brewers-cottage/,true,true,false,,0,,,,1415,18,8,2,false,CRAWL_PRIORITY,"Brewer&#39;s Cottage - Red Hill Brewery, Red Hill · Peninsula Insider"
https://peninsulainsider.com.au/stay/cape-retreat/,/stay/cape-retreat/,/stay,detail,200,allowed,"index, follow, max-image-preview:large",false,https://peninsulainsider.com.au/stay/cape-retreat/,true,true,false,,0,,,,1356,48,18,2,false,CRAWL_PRIORITY,"The Cape Retreat, Cape Schanck · Peninsula Insider"
https://peninsulainsider.com.au/stay/cape-schanck/,/stay/cape-schanck/,/stay,detail,200,allowed,"index, follow, max-image-preview:large",false,https://peninsulainsider.com.au/stay/cape-schanck/,true,true,false,,0,,,,1033,2,1,3,false,CRAWL_PRIORITY,Where to Stay in Cape Schanck · Peninsula Insider
https://peninsulainsider.com.au/stay/cassis/,/stay/cassis/,/stay,detail,200,allowed,"index, follow, max-image-preview:large",false,https://peninsulainsider.com.au/stay/cassis/,true,true,false,,0,,,,1396,26,10,2,false,CRAWL_PRIORITY,"Cassis Red Hill, Red Hill · Peninsula Insider"
https://peninsulainsider.com.au/stay/coastal-stays/,/stay/coastal-stays/,/stay,detail,200,allowed,"index, follow, max-image-preview:large",false,https://peninsulainsider.com.au/stay/coastal-stays/,true,true,false,,0,,,,2110,1,1,2,false,CRAWL_PRIORITY,Coastal Stays Mornington Peninsula · Peninsula Insider
https://peninsulainsider.com.au/stay/cottages/,/stay/cottages/,/stay,detail,200,allowed,"index, follow, max-image-preview:large",false,https://peninsulainsider.com.au/stay/cottages/,true,true,false,,0,,,,1631,0,0,,true,CRAWL_PRIORITY,B&amp;Bs and Cottages Mornington Peninsula · Peninsula Insider
https://peninsulainsider.com.au/stay/couples-retreats/,/stay/couples-retreats/,/stay,detail,200,allowed,"index, follow, max-image-preview:large",false,https://peninsulainsider.com.au/stay/couples-retreats/,true,true,false,,0,,,,1752,3,2,2,false,CRAWL_PRIORITY,Couples Retreats Mornington Peninsula · Peninsula Insider
https://peninsulainsider.com.au/stay/couples/,/stay/couples/,/stay,redirect-stub,200,allowed,(none),false,https://peninsulainsider.com.au/stay/couples-retreats/,false,false,true,/stay/couples-retreats/,1,/stay/couples-retreats/,true,false,0,0,0,,true,MIGRATION_PENDING,Redirecting…
https://peninsulainsider.com.au/stay/crittenden-villas/,/stay/crittenden-villas/,/stay,detail,200,allowed,"index, follow, max-image-preview:large",false,https://peninsulainsider.com.au/stay/crittenden-villas/,true,true,false,,0,,,,1656,35,14,2,false,CRAWL_PRIORITY,"Crittenden Estate Villas, Dromana · Peninsula Insider"
https://peninsulainsider.com.au/stay/dog-friendly/,/stay/dog-friendly/,/stay,redirect-stub,200,allowed,(none),false,https://peninsulainsider.com.au/journal/dog-friendly-accommodation-mornington-peninsula/,false,false,true,/journal/dog-friendly-accommodation-mornington-peninsula/,1,/journal/dog-friendly-accommodation-mornington-peninsula/,true,false,0,0,0,,true,MIGRATION_PENDING,Redirecting…
https://peninsulainsider.com.au/stay/driftaway-on-dundas/,/stay/driftaway-on-dundas/,/stay,detail,200,allowed,"index, follow, max-image-preview:large",false,https://peninsulainsider.com.au/stay/driftaway-on-dundas/,true,true,false,,0,,,,1374,24,10,2,false,CRAWL_PRIORITY,"Driftaway on Dundas, Rye · Peninsula Insider"
https://peninsulainsider.com.au/stay/endota-spa-mornington/,/stay/endota-spa-mornington/,/stay,detail,200,allowed,"index, follow, max-image-preview:large",false,https://peninsulainsider.com.au/stay/endota-spa-mornington/,true,true,false,,0,,,,1505,32,15,2,false,CRAWL_PRIORITY,"Endota Spa Mornington, Mornington · Peninsula Insider"
https://peninsulainsider.com.au/stay/endota-spa-sorrento/,/stay/endota-spa-sorrento/,/stay,redirect-stub,200,allowed,(none),false,https://peninsulainsider.com.au/explore/spas-and-wellness/,false,false,true,/explore/spas-and-wellness/,1,/explore/spas-and-wellness/,true,false,0,0,0,,true,MIGRATION_PENDING,Redirecting…
https://peninsulainsider.com.au/stay/flinders-hotel/,/stay/flinders-hotel/,/stay,detail,200,allowed,"index, follow, max-image-preview:large",false,https://peninsulainsider.com.au/stay/flinders-hotel/,true,true,false,,0,,,,1623,53,20,2,false,CRAWL_PRIORITY,"Flinders Hotel, Flinders · Peninsula Insider"
https://peninsulainsider.com.au/stay/flinders/,/stay/flinders/,/stay,detail,200,allowed,"index, follow, max-image-preview:large",false,https://peninsulainsider.com.au/stay/flinders/,true,true,false,,0,,,,1035,2,1,3,false,CRAWL_PRIORITY,Where to Stay in Flinders · Peninsula Insider
https://peninsulainsider.com.au/stay/glamping/,/stay/glamping/,/stay,detail,200,allowed,"index, follow, max-image-preview:large",false,https://peninsulainsider.com.au/stay/glamping/,true,true,false,,0,,,,1472,627,627,1,false,CRAWL_PRIORITY,Glamping Mornington Peninsula · Peninsula Insider
https://peninsulainsider.com.au/stay/happy-glamper/,/stay/happy-glamper/,/stay,detail,200,allowed,"index, follow, max-image-preview:large",false,https://peninsulainsider.com.au/stay/happy-glamper/,true,true,false,,0,,,,1366,21,9,2,false,CRAWL_PRIORITY,"Happy Glamper, Merricks · Peninsula Insider"
https://peninsulainsider.com.au/stay/hideaways-red-hill/,/stay/hideaways-red-hill/,/stay,detail,200,allowed,"index, follow, max-image-preview:large",false,https://peninsulainsider.com.au/stay/hideaways-red-hill/,true,true,false,,0,,,,1398,15,7,2,false,CRAWL_PRIORITY,"Hideaways at Red Hill, Red Hill · Peninsula Insider"
https://peninsulainsider.com.au/stay/hot-springs-accommodation/,/stay/hot-springs-accommodation/,/stay,detail,200,allowed,"index, follow, max-image-preview:large",false,https://peninsulainsider.com.au/stay/hot-springs-accommodation/,true,true,false,,0,,,,1604,8,5,2,false,CRAWL_PRIORITY,Hot Springs Accommodation Mornington Peninsula · Peninsula Insider
https://peninsulainsider.com.au/stay/hotel-sorrento/,/stay/hotel-sorrento/,/stay,detail,200,allowed,"index, follow, max-image-preview:large",false,https://peninsulainsider.com.au/stay/hotel-sorrento/,true,true,false,,0,,,,1648,71,26,2,false,CRAWL_PRIORITY,"Hotel Sorrento, Sorrento · Peninsula Insider"
https://peninsulainsider.com.au/stay/iluka-retreat/,/stay/iluka-retreat/,/stay,detail,200,allowed,"index, follow, max-image-preview:large",false,https://peninsulainsider.com.au/stay/iluka-retreat/,true,true,false,,0,,,,1404,21,9,2,false,CRAWL_PRIORITY,"Iluka Retreat &amp; Camp, Shoreham · Peninsula Insider"
https://peninsulainsider.com.au/stay/jackalope/,/stay/jackalope/,/stay,detail,200,allowed,"index, follow, max-image-preview:large",false,https://peninsulainsider.com.au/stay/jackalope/,true,true,false,,0,,,,1789,716,627,1,false,CRAWL_PRIORITY,"Jackalope Hotel, Red Hill · Peninsula Insider"
https://peninsulainsider.com.au/stay/kanasta-retro-caravans/,/stay/kanasta-retro-caravans/,/stay,detail,200,allowed,"index, follow, max-image-preview:large",false,https://peninsulainsider.com.au/stay/kanasta-retro-caravans/,true,true,false,,0,,,,1399,24,10,2,false,CRAWL_PRIORITY,"Mornington Peninsula Retro Caravans, Rye · Peninsula Insider"
https://peninsulainsider.com.au/stay/lindenderry/,/stay/lindenderry/,/stay,detail,200,allowed,"index, follow, max-image-preview:large",false,https://peninsulainsider.com.au/stay/lindenderry/,true,true,false,,0,,,,1714,76,24,2,false,CRAWL_PRIORITY,"Lindenderry at Red Hill, Red Hill · Peninsula Insider"
https://peninsulainsider.com.au/stay/luxury/,/stay/luxury/,/stay,detail,200,allowed,"index, follow, max-image-preview:large",false,https://peninsulainsider.com.au/stay/luxury/,true,true,false,,0,,,,1691,0,0,,true,CRAWL_PRIORITY,Luxury Accommodation Mornington Peninsula · Peninsula Insider
https://peninsulainsider.com.au/stay/mantons-creek-estate/,/stay/mantons-creek-estate/,/stay,detail,200,allowed,"index, follow, max-image-preview:large",false,https://peninsulainsider.com.au/stay/mantons-creek-estate/,true,true,false,,0,,,,1401,32,12,2,false,CRAWL_PRIORITY,"Mantons Creek Estate, Shoreham · Peninsula Insider"
https://peninsulainsider.com.au/stay/mornington/,/stay/mornington/,/stay,detail,200,allowed,"index, follow, max-image-preview:large",false,https://peninsulainsider.com.au/stay/mornington/,true,true,false,,0,,,,1034,2,1,3,false,CRAWL_PRIORITY,Where to Stay in Mornington · Peninsula Insider
https://peninsulainsider.com.au/stay/mp-beach-club-cottages/,/stay/mp-beach-club-cottages/,/stay,detail,200,allowed,"index, follow, max-image-preview:large",false,https://peninsulainsider.com.au/stay/mp-beach-club-cottages/,true,true,false,,0,,,,1377,15,7,2,false,CRAWL_PRIORITY,"Mornington Peninsula Beach Club Cottages, Rye · Peninsula Insider"
https://peninsulainsider.com.au/stay/one-spa-racv-cape-schanck/,/stay/one-spa-racv-cape-schanck/,/stay,detail,200,allowed,"index, follow, max-image-preview:large",false,https://peninsulainsider.com.au/stay/one-spa-racv-cape-schanck/,true,true,false,,0,,,,1661,60,22,2,false,CRAWL_PRIORITY,"One Spa at RACV Cape Schanck Resort, Cape Schanck · Peninsula Insider"
https://peninsulainsider.com.au/stay/peninsula-hot-springs-eco-lodges/,/stay/peninsula-hot-springs-eco-lodges/,/stay,detail,200,allowed,"index, follow, max-image-preview:large",false,https://peninsulainsider.com.au/stay/peninsula-hot-springs-eco-lodges/,true,true,false,,0,,,,1397,21,8,2,false,CRAWL_PRIORITY,"Peninsula Hot Springs Eco Lodges, Cape Schanck · Peninsula Insider"
https://peninsulainsider.com.au/stay/peninsula-hot-springs-glamping/,/stay/peninsula-hot-springs-glamping/,/stay,detail,200,allowed,"index, follow, max-image-preview:large",false,https://peninsulainsider.com.au/stay/peninsula-hot-springs-glamping/,true,true,false,,0,,,,1653,33,11,2,false,CRAWL_PRIORITY,"Peninsula Hot Springs Glamping, Cape Schanck · Peninsula Insider"
https://peninsulainsider.com.au/stay/peninsula-hot-springs/,/stay/peninsula-hot-springs/,/stay,detail,200,allowed,"index, follow, max-image-preview:large",false,https://peninsulainsider.com.au/stay/peninsula-hot-springs/,true,true,false,,0,,,,1654,45,18,2,false,CRAWL_PRIORITY,"Peninsula Hot Springs, Cape Schanck · Peninsula Insider"
https://peninsulainsider.com.au/stay/plantation-house-whitecliffs/,/stay/plantation-house-whitecliffs/,/stay,detail,200,allowed,"index, follow, max-image-preview:large",false,https://peninsulainsider.com.au/stay/plantation-house-whitecliffs/,true,true,false,,0,,,,1393,14,6,2,false,CRAWL_PRIORITY,"Plantation House at Whitecliffs, Rye · Peninsula Insider"
https://peninsulainsider.com.au/stay/point-leo-estate-villas/,/stay/point-leo-estate-villas/,/stay,detail,200,allowed,"index, follow, max-image-preview:large",false,https://peninsulainsider.com.au/stay/point-leo-estate-villas/,true,true,false,,0,,,,1681,17,9,2,false,CRAWL_PRIORITY,"Point Leo Estate Villas, Merricks · Peninsula Insider"
https://peninsulainsider.com.au/stay/point-nepean-discovery-tents/,/stay/point-nepean-discovery-tents/,/stay,detail,200,allowed,"index, follow, max-image-preview:large",false,https://peninsulainsider.com.au/stay/point-nepean-discovery-tents/,true,true,false,,0,,,,1392,23,9,2,false,CRAWL_PRIORITY,"Point Nepean Discovery Tents, Portsea · Peninsula Insider"
https://peninsulainsider.com.au/stay/polperro-villas/,/stay/polperro-villas/,/stay,detail,200,allowed,"index, follow, max-image-preview:large",false,https://peninsulainsider.com.au/stay/polperro-villas/,true,true,false,,0,,,,1564,45,16,2,false,CRAWL_PRIORITY,"Polperro Villas, Red Hill · Peninsula Insider"
https://peninsulainsider.com.au/stay/port-phillip-estate/,/stay/port-phillip-estate/,/stay,redirect-stub,200,allowed,(none),false,https://peninsulainsider.com.au/wine/port-phillip-estate/,false,false,true,/wine/port-phillip-estate/,1,/wine/port-phillip-estate/,true,false,0,12,4,2,false,MIGRATION_PENDING,Redirecting…
https://peninsulainsider.com.au/stay/red-hill/,/stay/red-hill/,/stay,detail,200,allowed,"index, follow, max-image-preview:large",false,https://peninsulainsider.com.au/stay/red-hill/,true,true,false,,0,,,,1274,2,1,3,false,CRAWL_PRIORITY,Where to Stay in Red Hill and the Hinterland · Peninsula Insider
https://peninsulainsider.com.au/stay/resorts/,/stay/resorts/,/stay,detail,200,allowed,"index, follow, max-image-preview:large",false,https://peninsulainsider.com.au/stay/resorts/,true,true,false,,0,,,,1116,0,0,,true,CRAWL_PRIORITY,Resorts and Retreats Mornington Peninsula · Peninsula Insider
https://peninsulainsider.com.au/stay/sanctuary-at-alba/,/stay/sanctuary-at-alba/,/stay,detail,200,allowed,"index, follow, max-image-preview:large",false,https://peninsulainsider.com.au/stay/sanctuary-at-alba/,true,true,false,,0,,,,1446,31,11,2,false,CRAWL_PRIORITY,"The Sanctuary at Alba, Cape Schanck · Peninsula Insider"
https://peninsulainsider.com.au/stay/sorrento/,/stay/sorrento/,/stay,detail,200,allowed,"index, follow, max-image-preview:large",false,https://peninsulainsider.com.au/stay/sorrento/,true,true,false,,0,,,,1071,2,1,3,false,CRAWL_PRIORITY,Where to Stay in Sorrento · Peninsula Insider
https://peninsulainsider.com.au/stay/spa-by-jackalope/,/stay/spa-by-jackalope/,/stay,detail,200,allowed,"index, follow, max-image-preview:large",false,https://peninsulainsider.com.au/stay/spa-by-jackalope/,true,true,false,,0,,,,1601,27,14,2,false,CRAWL_PRIORITY,"Spa by Jackalope, Merricks · Peninsula Insider"
https://peninsulainsider.com.au/stay/the-continental-sorrento/,/stay/the-continental-sorrento/,/stay,detail,200,allowed,"index, follow, max-image-preview:large",false,https://peninsulainsider.com.au/stay/the-continental-sorrento/,true,true,false,,0,,,,1664,50,17,2,false,CRAWL_PRIORITY,"The Continental, Sorrento · Peninsula Insider"
https://peninsulainsider.com.au/stay/the-orchard-red-hill/,/stay/the-orchard-red-hill/,/stay,detail,200,allowed,"index, follow, max-image-preview:large",false,https://peninsulainsider.com.au/stay/the-orchard-red-hill/,true,true,false,,0,,,,1468,14,6,2,false,CRAWL_PRIORITY,"The Orchard Luxury Accommodation, Red Hill · Peninsula Insider"
https://peninsulainsider.com.au/stay/treetops-red-hill/,/stay/treetops-red-hill/,/stay,detail,200,allowed,"index, follow, max-image-preview:large",false,https://peninsulainsider.com.au/stay/treetops-red-hill/,true,true,false,,0,,,,1465,14,6,2,false,CRAWL_PRIORITY,"Treetops at Red Hill, Red Hill · Peninsula Insider"
https://peninsulainsider.com.au/stay/villa-mallorca/,/stay/villa-mallorca/,/stay,detail,200,allowed,"index, follow, max-image-preview:large",false,https://peninsulainsider.com.au/stay/villa-mallorca/,true,true,false,,0,,,,1422,20,8,2,false,CRAWL_PRIORITY,"Villa Mallorca, Mount Martha · Peninsula Insider"
https://peninsulainsider.com.au/stay/villas/,/stay/villas/,/stay,detail,200,allowed,"index, follow, max-image-preview:large",false,https://peninsulainsider.com.au/stay/villas/,true,true,false,,0,,,,1468,628,627,1,false,CRAWL_PRIORITY,Villa Stays Mornington Peninsula · Peninsula Insider
https://peninsulainsider.com.au/stay/vineyard-stays/,/stay/vineyard-stays/,/stay,detail,200,allowed,"index, follow, max-image-preview:large",false,https://peninsulainsider.com.au/stay/vineyard-stays/,true,true,false,,0,,,,1945,3,2,2,false,CRAWL_PRIORITY,Vineyard Stays Mornington Peninsula · Peninsula Insider
https://peninsulainsider.com.au/stay/wellness-retreats/,/stay/wellness-retreats/,/stay,detail,200,allowed,"index, follow, max-image-preview:large",false,https://peninsulainsider.com.au/stay/wellness-retreats/,true,true,false,,0,,,,1800,3,2,2,false,CRAWL_PRIORITY,Wellness Retreats Mornington Peninsula · Peninsula Insider
https://peninsulainsider.com.au/stay/where-to-stay-mornington-peninsula/,/stay/where-to-stay-mornington-peninsula/,/stay,redirect-stub,200,allowed,(none),false,https://peninsulainsider.com.au/stay/best-accommodation/,false,false,true,/stay/best-accommodation/,1,/stay/best-accommodation/,true,false,0,0,0,,true,MIGRATION_PENDING,Redirecting…
https://peninsulainsider.com.au/stay/winery-accommodation/,/stay/winery-accommodation/,/stay,detail,200,allowed,"index, follow, max-image-preview:large",false,https://peninsulainsider.com.au/stay/winery-accommodation/,true,true,false,,0,,,,1609,4,3,2,false,CRAWL_PRIORITY,Winery Accommodation Mornington Peninsula · Peninsula Insider
https://peninsulainsider.com.au/stay/woodman-estate/,/stay/woodman-estate/,/stay,detail,200,allowed,"index, follow, max-image-preview:large",false,https://peninsulainsider.com.au/stay/woodman-estate/,true,true,false,,0,,,,1348,17,7,2,false,CRAWL_PRIORITY,"Woodman Estate, Moorooduc · Peninsula Insider"
https://peninsulainsider.com.au/stay/yurt-hideaway/,/stay/yurt-hideaway/,/stay,detail,200,allowed,"index, follow, max-image-preview:large",false,https://peninsulainsider.com.au/stay/yurt-hideaway/,true,true,false,,0,,,,1422,18,7,2,false,CRAWL_PRIORITY,"Yurt Hideaway, Rye · Peninsula Insider"
https://peninsulainsider.com.au/submit/,/submit/,/submit,hub,200,allowed,"index, follow, max-image-preview:large",false,https://peninsulainsider.com.au/submit/,true,true,false,,0,,,,1212,39,39,3,false,CRAWL_PRIORITY,Tell us your local secret · Peninsula Insider
https://peninsulainsider.com.au/terms/,/terms/,/terms,hub,200,allowed,"index, follow, max-image-preview:large",false,https://peninsulainsider.com.au/terms/,true,true,false,,0,,,,1749,1254,627,1,false,CRAWL_PRIORITY,Terms of Use · Peninsula Insider
https://peninsulainsider.com.au/tour-packages/,/tour-packages/,/tour-packages,hub,200,allowed,"index, follow, max-image-preview:large",false,https://peninsulainsider.com.au/tour-packages/,true,true,false,,0,,,,1249,108,51,2,false,CRAWL_PRIORITY,Mornington Peninsula Tour Packages · Peninsula Insider
https://peninsulainsider.com.au/tour-packages/adventure-weekend/,/tour-packages/adventure-weekend/,/tour-packages,detail,200,allowed,"index, follow, max-image-preview:large",false,https://peninsulainsider.com.au/tour-packages/adventure-weekend/,true,true,false,,0,,,,1595,27,9,2,false,CRAWL_PRIORITY,Bucks Adventure Weekend · Tour Package · Peninsula Insider
https://peninsulainsider.com.au/tour-packages/anniversary-long-weekend/,/tour-packages/anniversary-long-weekend/,/tour-packages,detail,200,allowed,"index, follow, max-image-preview:large",false,https://peninsulainsider.com.au/tour-packages/anniversary-long-weekend/,true,true,false,,0,,,,1307,30,10,2,false,CRAWL_PRIORITY,Anniversary Long Weekend · Tour Package · Peninsula Insider
https://peninsulainsider.com.au/tour-packages/coastal-adventure-weekend/,/tour-packages/coastal-adventure-weekend/,/tour-packages,detail,200,allowed,"index, follow, max-image-preview:large",false,https://peninsulainsider.com.au/tour-packages/coastal-adventure-weekend/,true,true,false,,0,,,,1537,27,9,2,false,CRAWL_PRIORITY,Coastal Adventure Weekend · Tour Package · Peninsula Insider
https://peninsulainsider.com.au/tour-packages/long-weekend/,/tour-packages/long-weekend/,/tour-packages,detail,200,allowed,"index, follow, max-image-preview:large",false,https://peninsulainsider.com.au/tour-packages/long-weekend/,true,true,false,,0,,,,1700,12,4,3,false,CRAWL_PRIORITY,Foodie Long Weekend · Tour Package · Peninsula Insider
https://peninsulainsider.com.au/tour-packages/private-wine-charter-weekend/,/tour-packages/private-wine-charter-weekend/,/tour-packages,detail,200,allowed,"index, follow, max-image-preview:large",false,https://peninsulainsider.com.au/tour-packages/private-wine-charter-weekend/,true,true,false,,0,,,,1536,3,1,3,false,CRAWL_PRIORITY,Private Wine Charter Weekend · Tour Package · Peninsula Insider
https://peninsulainsider.com.au/tour-packages/team-charter-weekend/,/tour-packages/team-charter-weekend/,/tour-packages,detail,200,allowed,"index, follow, max-image-preview:large",false,https://peninsulainsider.com.au/tour-packages/team-charter-weekend/,true,true,false,,0,,,,1624,3,1,3,false,CRAWL_PRIORITY,Team Charter Weekend · Tour Package · Peninsula Insider
https://peninsulainsider.com.au/tour-packages/thermal-springs-wine-weekend/,/tour-packages/thermal-springs-wine-weekend/,/tour-packages,detail,200,allowed,"index, follow, max-image-preview:large",false,https://peninsulainsider.com.au/tour-packages/thermal-springs-wine-weekend/,true,true,false,,0,,,,1686,7,3,3,false,CRAWL_PRIORITY,Thermal Springs + Wine Weekend · Tour Package · Peninsula Insider
https://peninsulainsider.com.au/tour-packages/wine-discovery-weekend/,/tour-packages/wine-discovery-weekend/,/tour-packages,detail,200,allowed,"index, follow, max-image-preview:large",false,https://peninsulainsider.com.au/tour-packages/wine-discovery-weekend/,true,true,false,,0,,,,1523,3,1,3,false,CRAWL_PRIORITY,Wine Discovery Weekend · Tour Package · Peninsula Insider
https://peninsulainsider.com.au/tour/,/tour/,/tour,hub,200,allowed,"index, follow, max-image-preview:large",false,https://peninsulainsider.com.au/tour/,true,true,false,,0,,,,1714,741,627,1,false,CRAWL_PRIORITY,Mornington Peninsula Tours · Peninsula Insider
https://peninsulainsider.com.au/tour/amour-of-the-grape-boutique-wine-tour/,/tour/amour-of-the-grape-boutique-wine-tour/,/tour,detail,200,allowed,"index, follow, max-image-preview:large",false,https://peninsulainsider.com.au/tour/amour-of-the-grape-boutique-wine-tour/,true,true,false,,0,,,,1496,15,5,3,false,CRAWL_PRIORITY,Boutique Wine Tour - Mornington Peninsula · Peninsula Insider
https://peninsulainsider.com.au/tour/arthurs-seat-eagle-gondola/,/tour/arthurs-seat-eagle-gondola/,/tour,detail,200,allowed,"index, follow, max-image-preview:large",false,https://peninsulainsider.com.au/tour/arthurs-seat-eagle-gondola/,true,true,false,,0,,,,1687,9,3,2,false,CRAWL_PRIORITY,Arthurs Seat Eagle Gondola Ride · Peninsula Insider
https://peninsulainsider.com.au/tour/australian-journeys-luxury-peninsula-day/,/tour/australian-journeys-luxury-peninsula-day/,/tour,detail,200,allowed,"index, follow, max-image-preview:large",false,https://peninsulainsider.com.au/tour/australian-journeys-luxury-peninsula-day/,true,true,false,,0,,,,1670,15,5,3,false,CRAWL_PRIORITY,Luxury Peninsula Day - Private Wine and Food Tour · Peninsula Insider
https://peninsulainsider.com.au/tour/autopia-mornington-peninsula-day-tour/,/tour/autopia-mornington-peninsula-day-tour/,/tour,detail,200,allowed,"index, follow, max-image-preview:large",false,https://peninsulainsider.com.au/tour/autopia-mornington-peninsula-day-tour/,true,true,false,,0,,,,1601,12,4,3,false,CRAWL_PRIORITY,Mornington Peninsula Day Tour · Peninsula Insider
https://peninsulainsider.com.au/tour/bayplay-sea-dragon-snorkel-tour/,/tour/bayplay-sea-dragon-snorkel-tour/,/tour,detail,200,allowed,"index, follow, max-image-preview:large",false,https://peninsulainsider.com.au/tour/bayplay-sea-dragon-snorkel-tour/,true,true,false,,0,,,,1564,12,4,3,false,CRAWL_PRIORITY,Bayplay Sea Dragon Snorkel Tour · Peninsula Insider
https://peninsulainsider.com.au/tour/bunyip-hot-springs-day-tour/,/tour/bunyip-hot-springs-day-tour/,/tour,detail,200,allowed,"index, follow, max-image-preview:large",false,https://peninsulainsider.com.au/tour/bunyip-hot-springs-day-tour/,true,true,false,,0,,,,1674,12,4,3,false,CRAWL_PRIORITY,Hot Springs Day Tour - Mornington Peninsula · Peninsula Insider
https://peninsulainsider.com.au/tour/bunyip-mornington-peninsula-wine-tour/,/tour/bunyip-mornington-peninsula-wine-tour/,/tour,detail,200,allowed,"index, follow, max-image-preview:large",false,https://peninsulainsider.com.au/tour/bunyip-mornington-peninsula-wine-tour/,true,true,false,,0,,,,1348,18,6,3,false,CRAWL_PRIORITY,Mornington Peninsula Wine Tour · Peninsula Insider
https://peninsulainsider.com.au/tour/fishing-tours/,/tour/fishing-tours/,/tour,detail,200,allowed,"index, follow, max-image-preview:large",false,https://peninsulainsider.com.au/tour/fishing-tours/,true,true,false,,0,,,,1428,6,6,2,false,CRAWL_PRIORITY,Mornington Peninsula fishing tours · Peninsula Insider
https://peninsulainsider.com.au/tour/for-couples/,/tour/for-couples/,/tour,detail,200,allowed,"index, follow, max-image-preview:large",false,https://peninsulainsider.com.au/tour/for-couples/,true,true,false,,0,,,,1236,1,1,2,false,CRAWL_PRIORITY,Couples Tours Mornington Peninsula · Peninsula Insider
https://peninsulainsider.com.au/tour/for-families/,/tour/for-families/,/tour,detail,200,allowed,"index, follow, max-image-preview:large",false,https://peninsulainsider.com.au/tour/for-families/,true,true,false,,0,,,,1177,1,1,2,false,CRAWL_PRIORITY,Family Tours Mornington Peninsula · Peninsula Insider
https://peninsulainsider.com.au/tour/full-day-tours/,/tour/full-day-tours/,/tour,detail,200,allowed,"index, follow, max-image-preview:large",false,https://peninsulainsider.com.au/tour/full-day-tours/,true,true,false,,0,,,,1443,1,1,2,false,CRAWL_PRIORITY,Full Day Tours Mornington Peninsula · Peninsula Insider
https://peninsulainsider.com.au/tour/global-ballooning-peninsula-sunrise/,/tour/global-ballooning-peninsula-sunrise/,/tour,detail,200,allowed,"index, follow, max-image-preview:large",false,https://peninsulainsider.com.au/tour/global-ballooning-peninsula-sunrise/,true,true,false,,0,,,,1897,15,5,2,false,CRAWL_PRIORITY,Global Ballooning Peninsula Sunrise Flight · Peninsula Insider
https://peninsulainsider.com.au/tour/great-private-corporate-charter/,/tour/great-private-corporate-charter/,/tour,detail,200,allowed,"index, follow, max-image-preview:large",false,https://peninsulainsider.com.au/tour/great-private-corporate-charter/,true,true,false,,0,,,,1666,12,4,3,false,CRAWL_PRIORITY,Corporate Day Charter - Mornington Peninsula · Peninsula Insider
https://peninsulainsider.com.au/tour/hot-springs-tours/,/tour/hot-springs-tours/,/tour,detail,200,allowed,"index, follow, max-image-preview:large",false,https://peninsulainsider.com.au/tour/hot-springs-tours/,true,true,false,,0,,,,1292,4,4,2,false,CRAWL_PRIORITY,Mornington Peninsula Hot Springs Tours · Peninsula Insider
https://peninsulainsider.com.au/tour/local-way-wine-cheese-tour/,/tour/local-way-wine-cheese-tour/,/tour,detail,200,allowed,"index, follow, max-image-preview:large",false,https://peninsulainsider.com.au/tour/local-way-wine-cheese-tour/,true,true,false,,0,,,,1649,12,4,3,false,CRAWL_PRIORITY,Mornington Peninsula Wine and Cheese Tour · Peninsula Insider
https://peninsulainsider.com.au/tour/localing-private-wine-day/,/tour/localing-private-wine-day/,/tour,detail,200,allowed,"index, follow, max-image-preview:large",false,https://peninsulainsider.com.au/tour/localing-private-wine-day/,true,true,false,,0,,,,1630,15,5,3,false,CRAWL_PRIORITY,Private Driver-Guide Wine Day - Mornington Peninsula · Peninsula Insider
https://peninsulainsider.com.au/tour/melbourne-elite-private-hens-day/,/tour/melbourne-elite-private-hens-day/,/tour,detail,200,allowed,"index, follow, max-image-preview:large",false,https://peninsulainsider.com.au/tour/melbourne-elite-private-hens-day/,true,true,false,,0,,,,1687,12,4,3,false,CRAWL_PRIORITY,Private Hens Day - Mornington Peninsula · Peninsula Insider
https://peninsulainsider.com.au/tour/moonlit-sanctuary-twilight-tour/,/tour/moonlit-sanctuary-twilight-tour/,/tour,detail,200,allowed,"index, follow, max-image-preview:large",false,https://peninsulainsider.com.au/tour/moonlit-sanctuary-twilight-tour/,true,true,false,,0,,,,1701,12,4,2,false,CRAWL_PRIORITY,Moonlit Sanctuary Twilight Tour · Peninsula Insider
https://peninsulainsider.com.au/tour/moonraker-whale-watching-tour/,/tour/moonraker-whale-watching-tour/,/tour,detail,200,allowed,"index, follow, max-image-preview:large",false,https://peninsulainsider.com.au/tour/moonraker-whale-watching-tour/,true,true,false,,0,,,,1733,9,3,2,false,CRAWL_PRIORITY,Moonraker Whale Watching Tour · Peninsula Insider
https://peninsulainsider.com.au/tour/operators/,/tour/operators/,/tour,detail,200,allowed,"index, follow, max-image-preview:large",false,https://peninsulainsider.com.au/tour/operators/,true,true,false,,0,,,,1575,80,21,2,false,CRAWL_PRIORITY,Mornington Peninsula Tour Operators · Peninsula Insider
https://peninsulainsider.com.au/tour/operators/amour-of-the-grape/,/tour/operators/amour-of-the-grape/,/tour,detail,200,allowed,"index, follow, max-image-preview:large",false,https://peninsulainsider.com.au/tour/operators/amour-of-the-grape/,true,true,false,,0,,,,1193,9,6,3,false,CRAWL_PRIORITY,Amour of the Grape Tours · Tour Operator · Peninsula Insider
https://peninsulainsider.com.au/tour/operators/arthurs-seat-eagle/,/tour/operators/arthurs-seat-eagle/,/tour,detail,200,allowed,"index, follow, max-image-preview:large",false,https://peninsulainsider.com.au/tour/operators/arthurs-seat-eagle/,true,true,false,,0,,,,1249,10,4,2,false,CRAWL_PRIORITY,Arthurs Seat Eagle · Tour Operator · Peninsula Insider
https://peninsulainsider.com.au/tour/operators/australian-journeys/,/tour/operators/australian-journeys/,/tour,detail,200,allowed,"index, follow, max-image-preview:large",false,https://peninsulainsider.com.au/tour/operators/australian-journeys/,true,true,false,,0,,,,1154,9,6,3,false,CRAWL_PRIORITY,Australian Journeys · Tour Operator · Peninsula Insider
https://peninsulainsider.com.au/tour/operators/autopia-tours/,/tour/operators/autopia-tours/,/tour,detail,200,allowed,"index, follow, max-image-preview:large",false,https://peninsulainsider.com.au/tour/operators/autopia-tours/,true,true,false,,0,,,,1146,8,5,3,false,CRAWL_PRIORITY,Autopia Tours · Tour Operator · Peninsula Insider
https://peninsulainsider.com.au/tour/operators/bayplay/,/tour/operators/bayplay/,/tour,detail,200,allowed,"index, follow, max-image-preview:large",false,https://peninsulainsider.com.au/tour/operators/bayplay/,true,true,false,,0,,,,1200,8,5,3,false,CRAWL_PRIORITY,Bayplay Adventure · Tour Operator · Peninsula Insider
https://peninsulainsider.com.au/tour/operators/bunyip-tours/,/tour/operators/bunyip-tours/,/tour,detail,200,allowed,"index, follow, max-image-preview:large",false,https://peninsulainsider.com.au/tour/operators/bunyip-tours/,true,true,false,,0,,,,1133,15,9,3,false,CRAWL_PRIORITY,Bunyip Tours · Tour Operator · Peninsula Insider
https://peninsulainsider.com.au/tour/operators/global-ballooning/,/tour/operators/global-ballooning/,/tour,detail,200,allowed,"index, follow, max-image-preview:large",false,https://peninsulainsider.com.au/tour/operators/global-ballooning/,true,true,false,,0,,,,1237,12,6,2,false,CRAWL_PRIORITY,Global Ballooning Australia · Tour Operator · Peninsula Insider
https://peninsulainsider.com.au/tour/operators/great-private-tours/,/tour/operators/great-private-tours/,/tour,detail,200,allowed,"index, follow, max-image-preview:large",false,https://peninsulainsider.com.au/tour/operators/great-private-tours/,true,true,false,,0,,,,1175,8,5,3,false,CRAWL_PRIORITY,Great Private Tours · Tour Operator · Peninsula Insider
https://peninsulainsider.com.au/tour/operators/local-way-tours/,/tour/operators/local-way-tours/,/tour,detail,200,allowed,"index, follow, max-image-preview:large",false,https://peninsulainsider.com.au/tour/operators/local-way-tours/,true,true,false,,0,,,,1181,8,5,3,false,CRAWL_PRIORITY,Local Way Tours · Tour Operator · Peninsula Insider
https://peninsulainsider.com.au/tour/operators/localing-tours/,/tour/operators/localing-tours/,/tour,detail,200,allowed,"index, follow, max-image-preview:large",false,https://peninsulainsider.com.au/tour/operators/localing-tours/,true,true,false,,0,,,,1187,9,6,3,false,CRAWL_PRIORITY,Localing Private Tours Melbourne · Tour Operator · Peninsula Insider
https://peninsulainsider.com.au/tour/operators/melbourne-elite-tours/,/tour/operators/melbourne-elite-tours/,/tour,detail,200,allowed,"index, follow, max-image-preview:large",false,https://peninsulainsider.com.au/tour/operators/melbourne-elite-tours/,true,true,false,,0,,,,1164,8,5,3,false,CRAWL_PRIORITY,Melbourne Elite Tours · Tour Operator · Peninsula Insider
https://peninsulainsider.com.au/tour/operators/moonlit-sanctuary/,/tour/operators/moonlit-sanctuary/,/tour,detail,200,allowed,"index, follow, max-image-preview:large",false,https://peninsulainsider.com.au/tour/operators/moonlit-sanctuary/,true,true,false,,0,,,,1230,11,5,2,false,CRAWL_PRIORITY,Moonlit Sanctuary Wildlife Conservation Park · Tour Operator · Peninsula Insider
https://peninsulainsider.com.au/tour/operators/moonraker-charters/,/tour/operators/moonraker-charters/,/tour,detail,200,allowed,"index, follow, max-image-preview:large",false,https://peninsulainsider.com.au/tour/operators/moonraker-charters/,true,true,false,,0,,,,1218,10,4,2,false,CRAWL_PRIORITY,Moonraker Charters · Tour Operator · Peninsula Insider
https://peninsulainsider.com.au/tour/operators/mornington-peninsula-plunge/,/tour/operators/mornington-peninsula-plunge/,/tour,detail,200,allowed,"index, follow, max-image-preview:large",false,https://peninsulainsider.com.au/tour/operators/mornington-peninsula-plunge/,true,true,false,,0,,,,1181,10,7,3,false,CRAWL_PRIORITY,Mornington Peninsula Plunge Wine Tours · Tour Operator · Peninsula Insider
https://peninsulainsider.com.au/tour/operators/polperro-dolphin-swims/,/tour/operators/polperro-dolphin-swims/,/tour,detail,200,allowed,"index, follow, max-image-preview:large",false,https://peninsulainsider.com.au/tour/operators/polperro-dolphin-swims/,true,true,false,,0,,,,1198,8,5,2,false,CRAWL_PRIORITY,Polperro Dolphin Swims · Tour Operator · Peninsula Insider
https://peninsulainsider.com.au/tour/operators/ricks-wine-tours/,/tour/operators/ricks-wine-tours/,/tour,detail,200,allowed,"index, follow, max-image-preview:large",false,https://peninsulainsider.com.au/tour/operators/ricks-wine-tours/,true,true,false,,0,,,,1149,9,6,3,false,CRAWL_PRIORITY,Rick&#39;s Wine Tours · Tour Operator · Peninsula Insider
https://peninsulainsider.com.au/tour/operators/searoad-ferries/,/tour/operators/searoad-ferries/,/tour,detail,200,allowed,"index, follow, max-image-preview:large",false,https://peninsulainsider.com.au/tour/operators/searoad-ferries/,true,true,false,,0,,,,1194,7,4,3,false,CRAWL_PRIORITY,Searoad Ferries · Tour Operator · Peninsula Insider
https://peninsulainsider.com.au/tour/operators/temptation-sailing/,/tour/operators/temptation-sailing/,/tour,detail,200,allowed,"index, follow, max-image-preview:large",false,https://peninsulainsider.com.au/tour/operators/temptation-sailing/,true,true,false,,0,,,,1215,7,4,2,false,CRAWL_PRIORITY,Temptation Sailing · Tour Operator · Peninsula Insider
https://peninsulainsider.com.au/tour/operators/wine-hop-coastal-tours/,/tour/operators/wine-hop-coastal-tours/,/tour,detail,200,allowed,"index, follow, max-image-preview:large",false,https://peninsulainsider.com.au/tour/operators/wine-hop-coastal-tours/,true,true,false,,0,,,,1146,8,5,3,false,CRAWL_PRIORITY,Wine Hop and Coastal Tours · Tour Operator · Peninsula Insider
https://peninsulainsider.com.au/tour/plunge-hot-springs-wine-tour/,/tour/plunge-hot-springs-wine-tour/,/tour,detail,200,allowed,"index, follow, max-image-preview:large",false,https://peninsulainsider.com.au/tour/plunge-hot-springs-wine-tour/,true,true,false,,0,,,,1616,18,6,3,false,CRAWL_PRIORITY,Hot Springs + Wine Combination Tour · Peninsula Insider
https://peninsulainsider.com.au/tour/polperro-dolphin-swim/,/tour/polperro-dolphin-swim/,/tour,detail,200,allowed,"index, follow, max-image-preview:large",false,https://peninsulainsider.com.au/tour/polperro-dolphin-swim/,true,true,false,,0,,,,1728,12,4,2,false,CRAWL_PRIORITY,Polperro Dolphin Swim · Peninsula Insider
https://peninsulainsider.com.au/tour/private-tours/,/tour/private-tours/,/tour,detail,200,allowed,"index, follow, max-image-preview:large",false,https://peninsulainsider.com.au/tour/private-tours/,true,true,false,,0,,,,1295,5,2,2,false,CRAWL_PRIORITY,Private Tours Mornington Peninsula · Peninsula Insider
https://peninsulainsider.com.au/tour/ricks-mornington-peninsula-wine-tour/,/tour/ricks-mornington-peninsula-wine-tour/,/tour,detail,200,allowed,"index, follow, max-image-preview:large",false,https://peninsulainsider.com.au/tour/ricks-mornington-peninsula-wine-tour/,true,true,false,,0,,,,1558,15,5,3,false,CRAWL_PRIORITY,Mornington Peninsula Wine Tour · Peninsula Insider
https://peninsulainsider.com.au/tour/searoad-sorrento-queenscliff-crossing/,/tour/searoad-sorrento-queenscliff-crossing/,/tour,detail,200,allowed,"index, follow, max-image-preview:large",false,https://peninsulainsider.com.au/tour/searoad-sorrento-queenscliff-crossing/,true,true,false,,0,,,,1563,11,4,3,false,CRAWL_PRIORITY,Searoad Ferries: Sorrento–Queenscliff Bay Crossing · Peninsula Insider
https://peninsulainsider.com.au/tour/small-group-tours/,/tour/small-group-tours/,/tour,detail,200,allowed,"index, follow, max-image-preview:large",false,https://peninsulainsider.com.au/tour/small-group-tours/,true,true,false,,0,,,,1371,1,1,2,false,CRAWL_PRIORITY,Small-Group Tours Mornington Peninsula · Peninsula Insider
https://peninsulainsider.com.au/tour/temptation-sailing-bay-cruise/,/tour/temptation-sailing-bay-cruise/,/tour,detail,200,allowed,"index, follow, max-image-preview:large",false,https://peninsulainsider.com.au/tour/temptation-sailing-bay-cruise/,true,true,false,,0,,,,1763,11,4,2,false,CRAWL_PRIORITY,Temptation Sailing Bay Cruise · Peninsula Insider
https://peninsulainsider.com.au/tour/wine-hop-coastal-tour/,/tour/wine-hop-coastal-tour/,/tour,detail,200,allowed,"index, follow, max-image-preview:large",false,https://peninsulainsider.com.au/tour/wine-hop-coastal-tour/,true,true,false,,0,,,,1499,12,4,3,false,CRAWL_PRIORITY,Coastal + Wine Day Tour · Peninsula Insider
https://peninsulainsider.com.au/tour/wine-tours/,/tour/wine-tours/,/tour,detail,200,allowed,"index, follow, max-image-preview:large",false,https://peninsulainsider.com.au/tour/wine-tours/,true,true,false,,0,,,,1504,123,121,2,false,CRAWL_PRIORITY,Mornington Peninsula Wine Tours · Peninsula Insider
https://peninsulainsider.com.au/walks/,/walks/,/walks,redirect-stub,200,allowed,(none),false,https://peninsulainsider.com.au/explore/walks/,false,false,true,/explore/walks/,1,/explore/walks/,true,false,0,1,1,,false,MIGRATION_PENDING,Redirecting…
https://peninsulainsider.com.au/walks/easy-walks-mornington-peninsula/,/walks/easy-walks-mornington-peninsula/,/walks,detail,200,allowed,"index, follow, max-image-preview:large",false,https://peninsulainsider.com.au/walks/easy-walks-mornington-peninsula/,true,false,false,,0,,,,2559,0,0,,true,NEEDS_INVESTIGATION,Easy Walks on the Mornington Peninsula · Peninsula Insider
https://peninsulainsider.com.au/weddings/,/weddings/,/weddings,hub,200,allowed,"index, follow, max-image-preview:large",false,https://peninsulainsider.com.au/weddings/,true,true,false,,0,,,,2744,1258,627,1,false,CRAWL_PRIORITY,Mornington Peninsula Weddings: The Insider Guide · Peninsula Insider
https://peninsulainsider.com.au/weddings/winery-wedding-venues-mornington-peninsula/,/weddings/winery-wedding-venues-mornington-peninsula/,/weddings,detail,200,allowed,"index, follow, max-image-preview:large",false,https://peninsulainsider.com.au/weddings/winery-wedding-venues-mornington-peninsula/,true,true,false,,0,,,,2487,627,627,1,false,CRAWL_PRIORITY,Winery Wedding Venues on the Mornington Peninsula · Peninsula Insider
https://peninsulainsider.com.au/whats-on/,/whats-on/,/whats-on,hub,200,allowed,"index, follow, max-image-preview:large",false,https://peninsulainsider.com.au/whats-on/,true,true,false,,0,,,,2115,2721,627,1,false,CRAWL_PRIORITY,What&#39;s On Mornington Peninsula This Weekend · Peninsula Insider
https://peninsulainsider.com.au/whats-on/acoustic-saturdays-peppers-moonah-links-2026/,/whats-on/acoustic-saturdays-peppers-moonah-links-2026/,/whats-on,detail,200,allowed,"index, follow, max-image-preview:large",false,https://peninsulainsider.com.au/whats-on/acoustic-saturdays-peppers-moonah-links-2026/,true,true,false,,0,,,,1173,11,6,1,false,CRAWL_PRIORITY,"Acoustic Saturdays at Peppers Moonah Links, Fingal · Peninsula Insider"
https://peninsulainsider.com.au/whats-on/alba-fire-and-ice-sessions/,/whats-on/alba-fire-and-ice-sessions/,/whats-on,detail,200,allowed,"noindex, nofollow",true,https://peninsulainsider.com.au/whats-on/alba-fire-and-ice-sessions/,true,false,false,,0,,,,1245,1,1,2,false,INTENTIONAL_EXCLUSION,"Alba Thermal Springs - Fire &amp; Ice Circuits, Red Hill · Peninsula Insider"
https://peninsulainsider.com.au/whats-on/anzac-day-sorrento-dawn/,/whats-on/anzac-day-sorrento-dawn/,/whats-on,detail,200,allowed,"noindex, nofollow",true,https://peninsulainsider.com.au/whats-on/anzac-day-sorrento-dawn/,true,false,false,,0,,,,1210,3,2,2,false,INTENTIONAL_EXCLUSION,"ANZAC Day Dawn Service - Sorrento Memorial, Sorrento · Peninsula Insider"
https://peninsulainsider.com.au/whats-on/aperitivo-hour-trofeo-estate-winter-2026/,/whats-on/aperitivo-hour-trofeo-estate-winter-2026/,/whats-on,detail,200,allowed,"index, follow, max-image-preview:large",false,https://peninsulainsider.com.au/whats-on/aperitivo-hour-trofeo-estate-winter-2026/,true,true,false,,0,,,,1189,7,5,2,false,CRAWL_PRIORITY,"Aperitivo Hour at Trofeo Estate, Dromana · Peninsula Insider"
https://peninsulainsider.com.au/whats-on/autumn-winery-walk-2026/,/whats-on/autumn-winery-walk-2026/,/whats-on,detail,200,allowed,"noindex, nofollow",true,https://peninsulainsider.com.au/whats-on/autumn-winery-walk-2026/,true,false,false,,0,,,,1101,1,1,2,false,INTENTIONAL_EXCLUSION,"Autumn Winery Walk 2026, Red Hill · Peninsula Insider"
https://peninsulainsider.com.au/whats-on/bass-flinders-gin-masterclass/,/whats-on/bass-flinders-gin-masterclass/,/whats-on,detail,200,allowed,"index, follow, max-image-preview:large",false,https://peninsulainsider.com.au/whats-on/bass-flinders-gin-masterclass/,true,true,false,,0,,,,1204,31,12,2,false,CRAWL_PRIORITY,"Bass &amp; Flinders Gin Masterclass, Dromana · Peninsula Insider"
https://peninsulainsider.com.au/whats-on/boneo-community-market/,/whats-on/boneo-community-market/,/whats-on,detail,200,allowed,"index, follow, max-image-preview:large",false,https://peninsulainsider.com.au/whats-on/boneo-community-market/,true,true,false,,0,,,,1184,2,2,2,false,CRAWL_PRIORITY,"Boneo Community Market, Mornington Peninsula · Peninsula Insider"
https://peninsulainsider.com.au/whats-on/briars-eco-explorers-autumn/,/whats-on/briars-eco-explorers-autumn/,/whats-on,detail,200,allowed,"noindex, nofollow",true,https://peninsulainsider.com.au/whats-on/briars-eco-explorers-autumn/,true,false,false,,0,,,,1208,1,1,2,false,INTENTIONAL_EXCLUSION,"The Briars - Eco Explorers Autumn Sessions, Mount Martha · Peninsula Insider"
https://peninsulainsider.com.au/whats-on/brunch-thyme-alba-thermal-springs-winter-2026/,/whats-on/brunch-thyme-alba-thermal-springs-winter-2026/,/whats-on,detail,200,allowed,"index, follow, max-image-preview:large",false,https://peninsulainsider.com.au/whats-on/brunch-thyme-alba-thermal-springs-winter-2026/,true,true,false,,0,,,,1206,27,11,2,false,CRAWL_PRIORITY,"Brunch Thyme at Alba Thermal Springs &amp; Spa, Fingal · Peninsula Insider"
https://peninsulainsider.com.au/whats-on/by-mood/,/whats-on/by-mood/,/whats-on,detail,200,allowed,"noindex, nofollow",true,https://peninsulainsider.com.au/whats-on/by-mood/,true,false,false,,0,,,,851,4,4,,false,INTENTIONAL_EXCLUSION,Events by mood · Peninsula Insider
https://peninsulainsider.com.au/whats-on/by-mood/after-dark/,/whats-on/by-mood/after-dark/,/whats-on,detail,200,allowed,"index, follow, max-image-preview:large",false,https://peninsulainsider.com.au/whats-on/by-mood/after-dark/,true,true,false,,0,,,,1023,3,3,,false,CRAWL_PRIORITY,After dark - Peninsula Insider events
https://peninsulainsider.com.au/whats-on/by-mood/this-weekend/,/whats-on/by-mood/this-weekend/,/whats-on,detail,200,allowed,"index, follow, max-image-preview:large",false,https://peninsulainsider.com.au/whats-on/by-mood/this-weekend/,true,true,false,,0,,,,1322,3,3,,false,CRAWL_PRIORITY,This weekend - Peninsula Insider events
https://peninsulainsider.com.au/whats-on/by-mood/when-it-rains/,/whats-on/by-mood/when-it-rains/,/whats-on,detail,200,allowed,"index, follow, max-image-preview:large",false,https://peninsulainsider.com.au/whats-on/by-mood/when-it-rains/,true,true,false,,0,,,,1403,3,3,,false,CRAWL_PRIORITY,When it rains - Peninsula Insider events
https://peninsulainsider.com.au/whats-on/by-mood/worth-the-drive/,/whats-on/by-mood/worth-the-drive/,/whats-on,detail,200,allowed,"index, follow, max-image-preview:large",false,https://peninsulainsider.com.au/whats-on/by-mood/worth-the-drive/,true,true,false,,0,,,,1524,3,3,,false,CRAWL_PRIORITY,Worth the drive - Peninsula Insider events
https://peninsulainsider.com.au/whats-on/chocolaterie-junior-chocolatier/,/whats-on/chocolaterie-junior-chocolatier/,/whats-on,detail,200,allowed,"noindex, nofollow",true,https://peninsulainsider.com.au/whats-on/chocolaterie-junior-chocolatier/,true,false,false,,0,,,,1221,1,1,2,false,INTENTIONAL_EXCLUSION,"Mornington Peninsula Chocolates - Junior Chocolatier Class, Flinders · Peninsula Insider"
https://peninsulainsider.com.au/whats-on/coastrek-mornington-peninsula-2026/,/whats-on/coastrek-mornington-peninsula-2026/,/whats-on,detail,200,allowed,"noindex, nofollow",true,https://peninsulainsider.com.au/whats-on/coastrek-mornington-peninsula-2026/,true,false,false,,0,,,,1231,1,1,2,false,INTENTIONAL_EXCLUSION,"Coastrek Mornington Peninsula 2026, Portsea · Peninsula Insider"
https://peninsulainsider.com.au/whats-on/country-day-tar-barrel-august-2026/,/whats-on/country-day-tar-barrel-august-2026/,/whats-on,detail,200,allowed,"noindex, nofollow",true,https://peninsulainsider.com.au/whats-on/country-day-tar-barrel-august-2026/,true,false,false,,0,,,,1163,1,1,2,false,INTENTIONAL_EXCLUSION,"Country Day at Tar Barrel, Mornington · Peninsula Insider"
https://peninsulainsider.com.au/whats-on/crib-point-community-market/,/whats-on/crib-point-community-market/,/whats-on,detail,200,allowed,"index, follow, max-image-preview:large",false,https://peninsulainsider.com.au/whats-on/crib-point-community-market/,true,true,false,,0,,,,1054,12,6,2,false,CRAWL_PRIORITY,"Crib Point Community Market, Mornington Peninsula · Peninsula Insider"
https://peninsulainsider.com.au/whats-on/crittenden-wines-king-s-birthday-wine-weekend-events/,/whats-on/crittenden-wines-king-s-birthday-wine-weekend-events/,/whats-on,detail,200,allowed,"noindex, nofollow",true,https://peninsulainsider.com.au/whats-on/crittenden-wines-king-s-birthday-wine-weekend-events/,true,false,false,,0,,,,1241,1,1,2,false,INTENTIONAL_EXCLUSION,"Crittenden Wines, King&#39;s Birthday Wine Weekend Events, Dromana · Peninsula Insider"
https://peninsulainsider.com.au/whats-on/doggy-day-out-mornington-peninsula-2026/,/whats-on/doggy-day-out-mornington-peninsula-2026/,/whats-on,detail,200,allowed,"index, follow, max-image-preview:large",false,https://peninsulainsider.com.au/whats-on/doggy-day-out-mornington-peninsula-2026/,true,true,false,,0,,,,1195,1,1,2,false,CRAWL_PRIORITY,"Doggy Day Out on the Mornington Peninsula, Mornington · Peninsula Insider"
https://peninsulainsider.com.au/whats-on/dromana-community-market/,/whats-on/dromana-community-market/,/whats-on,detail,200,allowed,"index, follow, max-image-preview:large",false,https://peninsulainsider.com.au/whats-on/dromana-community-market/,true,true,false,,0,,,,1143,2,2,2,false,CRAWL_PRIORITY,"Dromana Community Market, Dromana · Peninsula Insider"
https://peninsulainsider.com.au/whats-on/emu-plains-market-balnarring/,/whats-on/emu-plains-market-balnarring/,/whats-on,detail,200,allowed,"index, follow, max-image-preview:large",false,https://peninsulainsider.com.au/whats-on/emu-plains-market-balnarring/,true,true,false,,0,,,,1179,45,17,2,false,CRAWL_PRIORITY,"Emu Plains Market, Balnarring, Balnarring · Peninsula Insider"
https://peninsulainsider.com.au/whats-on/emu-plains-market/,/whats-on/emu-plains-market/,/whats-on,detail,200,allowed,"index, follow, max-image-preview:large",false,https://peninsulainsider.com.au/whats-on/emu-plains-market/,true,true,false,,0,,,,1208,5,3,2,false,CRAWL_PRIORITY,"Emu Plains Market, Balnarring · Peninsula Insider"
https://peninsulainsider.com.au/whats-on/family-mystery-picnic-mornington-peninsula-2026/,/whats-on/family-mystery-picnic-mornington-peninsula-2026/,/whats-on,detail,200,allowed,"index, follow, max-image-preview:large",false,https://peninsulainsider.com.au/whats-on/family-mystery-picnic-mornington-peninsula-2026/,true,true,false,,0,,,,1193,1,1,2,false,CRAWL_PRIORITY,"Family Mystery Picnic on the Mornington Peninsula, Mornington · Peninsula Insider"
https://peninsulainsider.com.au/whats-on/faux-snow-flurries-arthurs-seat-eagle-2026/,/whats-on/faux-snow-flurries-arthurs-seat-eagle-2026/,/whats-on,detail,200,allowed,"noindex, nofollow",true,https://peninsulainsider.com.au/whats-on/faux-snow-flurries-arthurs-seat-eagle-2026/,true,false,false,,0,,,,1198,2,2,2,false,INTENTIONAL_EXCLUSION,"Faux Snow Flurries at Arthurs Seat Eagle, Arthurs Seat · Peninsula Insider"
https://peninsulainsider.com.au/whats-on/flinders-hotel-mothers-day-2026/,/whats-on/flinders-hotel-mothers-day-2026/,/whats-on,detail,200,allowed,"noindex, nofollow",true,https://peninsulainsider.com.au/whats-on/flinders-hotel-mothers-day-2026/,true,false,false,,0,,,,1159,1,1,2,false,INTENTIONAL_EXCLUSION,"Mother&#39;s Day at Flinders Hotel, Flinders · Peninsula Insider"
https://peninsulainsider.com.au/whats-on/flinders-truffles-winter-truffle-hunt-season/,/whats-on/flinders-truffles-winter-truffle-hunt-season/,/whats-on,detail,200,allowed,"index, follow, max-image-preview:large",false,https://peninsulainsider.com.au/whats-on/flinders-truffles-winter-truffle-hunt-season/,true,true,false,,0,,,,1257,12,6,2,false,CRAWL_PRIORITY,"Flinders Truffles: Winter Truffle Hunt Season, Flinders · Peninsula Insider"
https://peninsulainsider.com.au/whats-on/foxeys-hangout-vegetable-feast-morning-sun-vineyard/,/whats-on/foxeys-hangout-vegetable-feast-morning-sun-vineyard/,/whats-on,detail,200,allowed,"index, follow, max-image-preview:large",false,https://peninsulainsider.com.au/whats-on/foxeys-hangout-vegetable-feast-morning-sun-vineyard/,true,true,false,,0,,,,1219,3,3,2,false,CRAWL_PRIORITY,"Foxeys Hangout Vegetable Feast (Morning Sun Vineyard), Red Hill · Peninsula Insider"
https://peninsulainsider.com.au/whats-on/harry-baker-2k-sailing-regatta/,/whats-on/harry-baker-2k-sailing-regatta/,/whats-on,detail,200,allowed,"noindex, nofollow",true,https://peninsulainsider.com.au/whats-on/harry-baker-2k-sailing-regatta/,true,false,false,,0,,,,1190,1,1,2,false,INTENTIONAL_EXCLUSION,"Harry Baker 2K Sailing Regatta, Sorrento · Peninsula Insider"
https://peninsulainsider.com.au/whats-on/hastings-thursday-street-market/,/whats-on/hastings-thursday-street-market/,/whats-on,detail,200,allowed,"index, follow, max-image-preview:large",false,https://peninsulainsider.com.au/whats-on/hastings-thursday-street-market/,true,true,false,,0,,,,1166,72,26,2,false,CRAWL_PRIORITY,"Hastings Thursday Street Market, Hastings · Peninsula Insider"
https://peninsulainsider.com.au/whats-on/heart-of-the-community-market-rosebud/,/whats-on/heart-of-the-community-market-rosebud/,/whats-on,detail,200,allowed,"index, follow, max-image-preview:large",false,https://peninsulainsider.com.au/whats-on/heart-of-the-community-market-rosebud/,true,true,false,,0,,,,1065,2,2,2,false,CRAWL_PRIORITY,"Heart of the Community Market (Rosebud), Rosebud · Peninsula Insider"
https://peninsulainsider.com.au/whats-on/helen-britton-story-so-far-mprg-2026/,/whats-on/helen-britton-story-so-far-mprg-2026/,/whats-on,detail,200,allowed,"index, follow, max-image-preview:large",false,https://peninsulainsider.com.au/whats-on/helen-britton-story-so-far-mprg-2026/,true,true,false,,0,,,,1220,19,8,1,false,CRAWL_PRIORITY,"Helen Britton: The Story So Far at MPRG, Mornington · Peninsula Insider"
https://peninsulainsider.com.au/whats-on/hill-ridge-community-market-september-2026-restart/,/whats-on/hill-ridge-community-market-september-2026-restart/,/whats-on,detail,200,allowed,"index, follow, max-image-preview:large",false,https://peninsulainsider.com.au/whats-on/hill-ridge-community-market-september-2026-restart/,true,true,false,,0,,,,1214,5,3,2,false,CRAWL_PRIORITY,"Hill &amp; Ridge Community Market, September 2026 (Restart), Red Hill · Peninsula Insider"
https://peninsulainsider.com.au/whats-on/jetty-road-brewery-mothers-day-2026/,/whats-on/jetty-road-brewery-mothers-day-2026/,/whats-on,detail,200,allowed,"noindex, nofollow",true,https://peninsulainsider.com.au/whats-on/jetty-road-brewery-mothers-day-2026/,true,false,false,,0,,,,1153,1,1,2,false,INTENTIONAL_EXCLUSION,"Mother&#39;s Day at Jetty Road Brewery, Dromana · Peninsula Insider"
https://peninsulainsider.com.au/whats-on/main-street-mornington-festival-2026/,/whats-on/main-street-mornington-festival-2026/,/whats-on,detail,200,allowed,"index, follow, max-image-preview:large",false,https://peninsulainsider.com.au/whats-on/main-street-mornington-festival-2026/,true,true,false,,0,,,,1214,26,10,2,false,CRAWL_PRIORITY,"Main Street Mornington Festival 2026, Mornington · Peninsula Insider"
https://peninsulainsider.com.au/whats-on/michael-vale-exhibition-at-mprg/,/whats-on/michael-vale-exhibition-at-mprg/,/whats-on,detail,200,allowed,"noindex, nofollow",true,https://peninsulainsider.com.au/whats-on/michael-vale-exhibition-at-mprg/,true,false,false,,0,,,,1180,1,1,2,false,INTENTIONAL_EXCLUSION,"Michael Vale Exhibition at MPRG, Mornington · Peninsula Insider"
https://peninsulainsider.com.au/whats-on/moonlit-sanctuary-easter-program/,/whats-on/moonlit-sanctuary-easter-program/,/whats-on,detail,200,allowed,"noindex, nofollow",true,https://peninsulainsider.com.au/whats-on/moonlit-sanctuary-easter-program/,true,false,false,,0,,,,1216,2,2,2,false,INTENTIONAL_EXCLUSION,"Moonlit Sanctuary - Easter School Holiday Program, Mornington · Peninsula Insider"
https://peninsulainsider.com.au/whats-on/mornington-christmas-festival-main-street-christmas-parade/,/whats-on/mornington-christmas-festival-main-street-christmas-parade/,/whats-on,detail,200,allowed,"index, follow, max-image-preview:large",false,https://peninsulainsider.com.au/whats-on/mornington-christmas-festival-main-street-christmas-parade/,true,true,false,,0,,,,1246,1,1,2,false,CRAWL_PRIORITY,"Mornington Christmas Festival &amp; Main Street Christmas Parade, Mornington · Peninsula Insider"
https://peninsulainsider.com.au/whats-on/mornington-cup-2026/,/whats-on/mornington-cup-2026/,/whats-on,detail,200,allowed,"noindex, nofollow",true,https://peninsulainsider.com.au/whats-on/mornington-cup-2026/,true,false,false,,0,,,,1277,1,1,2,false,INTENTIONAL_EXCLUSION,"Mornington Cup 2026, Mornington · Peninsula Insider"
https://peninsulainsider.com.au/whats-on/mornington-king-s-birthday-race-day/,/whats-on/mornington-king-s-birthday-race-day/,/whats-on,detail,200,allowed,"noindex, nofollow",true,https://peninsulainsider.com.au/whats-on/mornington-king-s-birthday-race-day/,true,false,false,,0,,,,1216,1,1,2,false,INTENTIONAL_EXCLUSION,"Mornington King&#39;s Birthday Race Day, Mornington · Peninsula Insider"
https://peninsulainsider.com.au/whats-on/mornington-peninsula-regional-gallery-school-holiday-workshops/,/whats-on/mornington-peninsula-regional-gallery-school-holiday-workshops/,/whats-on,detail,200,allowed,"noindex, nofollow",true,https://peninsulainsider.com.au/whats-on/mornington-peninsula-regional-gallery-school-holiday-workshops/,true,false,false,,0,,,,1189,1,1,2,false,INTENTIONAL_EXCLUSION,"Mornington Peninsula Regional Gallery, School Holiday Workshops, Mornington · Peninsula Insider"
https://peninsulainsider.com.au/whats-on/mornington-peninsula-winter-wine-weekend-2026/,/whats-on/mornington-peninsula-winter-wine-weekend-2026/,/whats-on,detail,200,allowed,"noindex, nofollow",true,https://peninsulainsider.com.au/whats-on/mornington-peninsula-winter-wine-weekend-2026/,true,false,false,,0,,,,1239,1,1,2,false,INTENTIONAL_EXCLUSION,"Mornington Peninsula Winter Wine Weekend 2026, Red Hill · Peninsula Insider"
https://peninsulainsider.com.au/whats-on/mornington-peninsula-winter-wine-weekend-winter-wine-festival/,/whats-on/mornington-peninsula-winter-wine-weekend-winter-wine-festival/,/whats-on,detail,200,allowed,"noindex, nofollow",true,https://peninsulainsider.com.au/whats-on/mornington-peninsula-winter-wine-weekend-winter-wine-festival/,true,false,false,,0,,,,1238,1,1,2,false,INTENTIONAL_EXCLUSION,"Mornington Peninsula Winter Wine Weekend, Winter Wine Festival, Red Hill · Peninsula Insider"
https://peninsulainsider.com.au/whats-on/mornington-racecourse-market-may-2026/,/whats-on/mornington-racecourse-market-may-2026/,/whats-on,detail,200,allowed,"noindex, nofollow",true,https://peninsulainsider.com.au/whats-on/mornington-racecourse-market-may-2026/,true,false,false,,0,,,,1055,2,2,2,false,INTENTIONAL_EXCLUSION,"Mornington Racecourse Market, May 2026, Mornington · Peninsula Insider"
https://peninsulainsider.com.au/whats-on/mornington-racecourse-market/,/whats-on/mornington-racecourse-market/,/whats-on,detail,200,allowed,"index, follow, max-image-preview:large",false,https://peninsulainsider.com.au/whats-on/mornington-racecourse-market/,true,true,false,,0,,,,1207,4,2,2,false,CRAWL_PRIORITY,"Mornington Racecourse Market, Mornington · Peninsula Insider"
https://peninsulainsider.com.au/whats-on/mornington-racecourse-monthly-market-june-2026/,/whats-on/mornington-racecourse-monthly-market-june-2026/,/whats-on,detail,200,allowed,"noindex, nofollow",true,https://peninsulainsider.com.au/whats-on/mornington-racecourse-monthly-market-june-2026/,true,false,false,,0,,,,1186,2,2,2,false,INTENTIONAL_EXCLUSION,"Mornington Racecourse Monthly Market, June 2026, Mornington · Peninsula Insider"
https://peninsulainsider.com.au/whats-on/mornington-tourist-railway-santa-specials/,/whats-on/mornington-tourist-railway-santa-specials/,/whats-on,detail,200,allowed,"index, follow, max-image-preview:large",false,https://peninsulainsider.com.au/whats-on/mornington-tourist-railway-santa-specials/,true,true,false,,0,,,,1195,2,2,2,false,CRAWL_PRIORITY,"Mornington Tourist Railway, Santa Specials, Moorooduc · Peninsula Insider"
https://peninsulainsider.com.au/whats-on/mornington-tourist-railway-school-holiday-special-runs/,/whats-on/mornington-tourist-railway-school-holiday-special-runs/,/whats-on,detail,200,allowed,"noindex, nofollow",true,https://peninsulainsider.com.au/whats-on/mornington-tourist-railway-school-holiday-special-runs/,true,false,false,,0,,,,1183,1,1,2,false,INTENTIONAL_EXCLUSION,"Mornington Tourist Railway, School Holiday Special Runs, Moorooduc · Peninsula Insider"
https://peninsulainsider.com.au/whats-on/mornington-wednesday-market-main-street-market/,/whats-on/mornington-wednesday-market-main-street-market/,/whats-on,detail,200,allowed,"index, follow, max-image-preview:large",false,https://peninsulainsider.com.au/whats-on/mornington-wednesday-market-main-street-market/,true,true,false,,0,,,,1193,1,1,2,false,CRAWL_PRIORITY,"Mornington Wednesday Market (Main Street Market), Mornington · Peninsula Insider"
https://peninsulainsider.com.au/whats-on/mornington-winter-music-festival-2026/,/whats-on/mornington-winter-music-festival-2026/,/whats-on,detail,200,allowed,"noindex, nofollow",true,https://peninsulainsider.com.au/whats-on/mornington-winter-music-festival-2026/,true,false,false,,0,,,,1240,1,1,2,false,INTENTIONAL_EXCLUSION,"Mornington Winter Music Festival 2026, Mornington · Peninsula Insider"
https://peninsulainsider.com.au/whats-on/mothers-day-classic-moonah-links-2026/,/whats-on/mothers-day-classic-moonah-links-2026/,/whats-on,detail,200,allowed,"noindex, nofollow",true,https://peninsulainsider.com.au/whats-on/mothers-day-classic-moonah-links-2026/,true,false,false,,0,,,,1172,1,1,2,false,INTENTIONAL_EXCLUSION,"Mother&#39;s Day Classic 2026, Peppers Moonah Links, Mornington Peninsula · Peninsula Insider"
https://peninsulainsider.com.au/whats-on/mprg-autumn-exhibition/,/whats-on/mprg-autumn-exhibition/,/whats-on,detail,200,allowed,"noindex, nofollow",true,https://peninsulainsider.com.au/whats-on/mprg-autumn-exhibition/,true,false,false,,0,,,,1192,1,1,2,false,INTENTIONAL_EXCLUSION,"Mornington Peninsula Regional Gallery - Autumn Exhibition, Mornington · Peninsula Insider"
https://peninsulainsider.com.au/whats-on/mt-eliza-farmers-market/,/whats-on/mt-eliza-farmers-market/,/whats-on,detail,200,allowed,"index, follow, max-image-preview:large",false,https://peninsulainsider.com.au/whats-on/mt-eliza-farmers-market/,true,true,false,,0,,,,1201,10,5,2,false,CRAWL_PRIORITY,"Mt Eliza Farmers Market, Mornington Peninsula · Peninsula Insider"
https://peninsulainsider.com.au/whats-on/mt-martha-south-beach-market/,/whats-on/mt-martha-south-beach-market/,/whats-on,detail,200,allowed,"noindex, nofollow",true,https://peninsulainsider.com.au/whats-on/mt-martha-south-beach-market/,true,false,false,,0,,,,1207,1,1,2,false,INTENTIONAL_EXCLUSION,"Mt Martha South Beach Market, Mount Martha · Peninsula Insider"
https://peninsulainsider.com.au/whats-on/mugs-keep-cups-workshop-peninsula-ceramics-studio-july-2026/,/whats-on/mugs-keep-cups-workshop-peninsula-ceramics-studio-july-2026/,/whats-on,detail,200,allowed,"noindex, nofollow",true,https://peninsulainsider.com.au/whats-on/mugs-keep-cups-workshop-peninsula-ceramics-studio-july-2026/,true,false,false,,0,,,,1215,1,1,2,false,INTENTIONAL_EXCLUSION,"Mugs &amp; Keep Cups Workshop at Peninsula Ceramics Studio, Moorooduc · Peninsula Insider"
https://peninsulainsider.com.au/whats-on/natalia-milosz-piekarska-sifted-light-mprg-2026/,/whats-on/natalia-milosz-piekarska-sifted-light-mprg-2026/,/whats-on,detail,200,allowed,"index, follow, max-image-preview:large",false,https://peninsulainsider.com.au/whats-on/natalia-milosz-piekarska-sifted-light-mprg-2026/,true,true,false,,0,,,,1202,18,7,2,false,CRAWL_PRIORITY,"Natalia Milosz-Piekarska: Sifted Light at MPRG, Mornington · Peninsula Insider"
https://peninsulainsider.com.au/whats-on/national-works-on-paper-2026-nwop/,/whats-on/national-works-on-paper-2026-nwop/,/whats-on,detail,200,allowed,"index, follow, max-image-preview:large",false,https://peninsulainsider.com.au/whats-on/national-works-on-paper-2026-nwop/,true,true,false,,0,,,,1256,8,4,2,false,CRAWL_PRIORITY,"National Works on Paper 2026 (NWOP), Mornington · Peninsula Insider"
https://peninsulainsider.com.au/whats-on/new-wave-26-at-mprg/,/whats-on/new-wave-26-at-mprg/,/whats-on,detail,200,allowed,"noindex, nofollow",true,https://peninsulainsider.com.au/whats-on/new-wave-26-at-mprg/,true,false,false,,0,,,,1214,1,1,2,false,INTENTIONAL_EXCLUSION,"New Wave 26 at MPRG, Mornington · Peninsula Insider"
https://peninsulainsider.com.au/whats-on/ninch-nabs-samples-seconds-makers-market/,/whats-on/ninch-nabs-samples-seconds-makers-market/,/whats-on,detail,200,allowed,"noindex, nofollow",true,https://peninsulainsider.com.au/whats-on/ninch-nabs-samples-seconds-makers-market/,true,false,false,,0,,,,1181,2,2,2,false,INTENTIONAL_EXCLUSION,"Ninch Nabs: Samples &amp; Seconds Makers Market, Mornington Peninsula · Peninsula Insider"
https://peninsulainsider.com.au/whats-on/pearcedale-community-market/,/whats-on/pearcedale-community-market/,/whats-on,detail,200,allowed,"index, follow, max-image-preview:large",false,https://peninsulainsider.com.au/whats-on/pearcedale-community-market/,true,true,false,,0,,,,1166,1,1,2,false,CRAWL_PRIORITY,"Pearcedale Community Market, Mornington Peninsula · Peninsula Insider"
https://peninsulainsider.com.au/whats-on/peninsula-hot-springs-allara-briggs-pattison/,/whats-on/peninsula-hot-springs-allara-briggs-pattison/,/whats-on,detail,200,allowed,"noindex, nofollow",true,https://peninsulainsider.com.au/whats-on/peninsula-hot-springs-allara-briggs-pattison/,true,false,false,,0,,,,1219,1,1,2,false,INTENTIONAL_EXCLUSION,"Peninsula Hot Springs - Allara Briggs Pattison, Rye · Peninsula Insider"
https://peninsulainsider.com.au/whats-on/peninsula-hot-springs-bathe-in-cinema-thursdays/,/whats-on/peninsula-hot-springs-bathe-in-cinema-thursdays/,/whats-on,detail,200,allowed,"noindex, nofollow",true,https://peninsulainsider.com.au/whats-on/peninsula-hot-springs-bathe-in-cinema-thursdays/,true,false,false,,0,,,,1186,2,2,2,false,INTENTIONAL_EXCLUSION,"Peninsula Hot Springs – Bathe-in Cinema (Thursdays), Rye · Peninsula Insider"
https://peninsulainsider.com.au/whats-on/peninsula-hot-springs-daily-studio-yoga/,/whats-on/peninsula-hot-springs-daily-studio-yoga/,/whats-on,detail,200,allowed,"index, follow, max-image-preview:large",false,https://peninsulainsider.com.au/whats-on/peninsula-hot-springs-daily-studio-yoga/,true,true,false,,0,,,,1169,21,9,2,false,CRAWL_PRIORITY,"Peninsula Hot Springs Daily Studio Yoga, Mornington Peninsula · Peninsula Insider"
https://peninsulainsider.com.au/whats-on/peninsula-hot-springs-hot-springs-yoga-complimentary/,/whats-on/peninsula-hot-springs-hot-springs-yoga-complimentary/,/whats-on,detail,200,allowed,"index, follow, max-image-preview:large",false,https://peninsulainsider.com.au/whats-on/peninsula-hot-springs-hot-springs-yoga-complimentary/,true,true,false,,0,,,,1189,14,6,2,false,CRAWL_PRIORITY,"Peninsula Hot Springs Yoga (Complimentary), Mornington Peninsula · Peninsula Insider"
https://peninsulainsider.com.au/whats-on/peninsula-hot-springs-kodomo-no-hi/,/whats-on/peninsula-hot-springs-kodomo-no-hi/,/whats-on,detail,200,allowed,"noindex, nofollow",true,https://peninsulainsider.com.au/whats-on/peninsula-hot-springs-kodomo-no-hi/,true,false,false,,0,,,,1212,1,1,2,false,INTENTIONAL_EXCLUSION,"Peninsula Hot Springs - Kodomo no Hi (Children&#39;s Day), Rye · Peninsula Insider"
https://peninsulainsider.com.au/whats-on/peninsula-hot-springs-sound-healing-sessions/,/whats-on/peninsula-hot-springs-sound-healing-sessions/,/whats-on,detail,200,allowed,"index, follow, max-image-preview:large",false,https://peninsulainsider.com.au/whats-on/peninsula-hot-springs-sound-healing-sessions/,true,true,false,,0,,,,1155,12,6,2,false,CRAWL_PRIORITY,"Peninsula Hot Springs, Sound Healing Sessions, Rye · Peninsula Insider"
https://peninsulainsider.com.au/whats-on/peninsula-hot-springs-sunday-sessions/,/whats-on/peninsula-hot-springs-sunday-sessions/,/whats-on,detail,200,allowed,"noindex, nofollow",true,https://peninsulainsider.com.au/whats-on/peninsula-hot-springs-sunday-sessions/,true,false,false,,0,,,,1248,2,2,2,false,INTENTIONAL_EXCLUSION,"Peninsula Hot Springs Sunday Sessions, Rye · Peninsula Insider"
https://peninsulainsider.com.au/whats-on/peninsula-summer-music-festival-2027-save-the-date/,/whats-on/peninsula-summer-music-festival-2027-save-the-date/,/whats-on,detail,200,allowed,"index, follow, max-image-preview:large",false,https://peninsulainsider.com.au/whats-on/peninsula-summer-music-festival-2027-save-the-date/,true,true,false,,0,,,,1171,37,13,2,false,CRAWL_PRIORITY,"Peninsula Summer Music Festival 2027, Save the Date, Mornington Peninsula · Peninsula Insider"
https://peninsulainsider.com.au/whats-on/peninsula-summer-music-festival-2027/,/whats-on/peninsula-summer-music-festival-2027/,/whats-on,detail,200,allowed,"index, follow, max-image-preview:large",false,https://peninsulainsider.com.au/whats-on/peninsula-summer-music-festival-2027/,true,true,false,,0,,,,1223,10,4,2,false,CRAWL_PRIORITY,"Peninsula Summer Music Festival 2027, Mornington Peninsula · Peninsula Insider"
https://peninsulainsider.com.au/whats-on/pier-10-mothers-day-lunch-2026/,/whats-on/pier-10-mothers-day-lunch-2026/,/whats-on,detail,200,allowed,"noindex, nofollow",true,https://peninsulainsider.com.au/whats-on/pier-10-mothers-day-lunch-2026/,true,false,false,,0,,,,1141,1,1,2,false,INTENTIONAL_EXCLUSION,"Mother&#39;s Day Lunch at Pier 10, Mornington Peninsula · Peninsula Insider"
https://peninsulainsider.com.au/whats-on/point-nepean-portsea-market/,/whats-on/point-nepean-portsea-market/,/whats-on,detail,200,allowed,"noindex, nofollow",true,https://peninsulainsider.com.au/whats-on/point-nepean-portsea-market/,true,false,false,,0,,,,1211,1,1,2,false,INTENTIONAL_EXCLUSION,"Point Nepean Portsea Market, Portsea · Peninsula Insider"
https://peninsulainsider.com.au/whats-on/polperro-cellar-table-private-dining-experience/,/whats-on/polperro-cellar-table-private-dining-experience/,/whats-on,detail,200,allowed,"index, follow, max-image-preview:large",false,https://peninsulainsider.com.au/whats-on/polperro-cellar-table-private-dining-experience/,true,true,false,,0,,,,1201,22,9,2,false,CRAWL_PRIORITY,"Polperro Cellar Table, Private Dining Experience, Red Hill · Peninsula Insider"
https://peninsulainsider.com.au/whats-on/pt-leo-estate-local-complimentary-sculpture-park-winter-2026/,/whats-on/pt-leo-estate-local-complimentary-sculpture-park-winter-2026/,/whats-on,detail,200,allowed,"index, follow, max-image-preview:large",false,https://peninsulainsider.com.au/whats-on/pt-leo-estate-local-complimentary-sculpture-park-winter-2026/,true,true,false,,0,,,,1189,11,5,2,false,CRAWL_PRIORITY,"Complimentary Weekday Sculpture Park Entry for MP Locals at Pt. Leo Estate, Merricks · Peninsula Insider"
https://peninsulainsider.com.au/whats-on/pt-leo-estate-sculpture-park/,/whats-on/pt-leo-estate-sculpture-park/,/whats-on,detail,200,allowed,"index, follow, max-image-preview:large",false,https://peninsulainsider.com.au/whats-on/pt-leo-estate-sculpture-park/,true,true,false,,0,,,,1283,25,10,2,false,CRAWL_PRIORITY,"Pt. Leo Estate Sculpture Park, Merricks · Peninsula Insider"
https://peninsulainsider.com.au/whats-on/red-hill-brewery-secret-stash-weekend/,/whats-on/red-hill-brewery-secret-stash-weekend/,/whats-on,detail,200,allowed,"index, follow, max-image-preview:large",false,https://peninsulainsider.com.au/whats-on/red-hill-brewery-secret-stash-weekend/,true,true,false,,0,,,,1220,1,1,2,false,CRAWL_PRIORITY,"Red Hill Brewery Secret Stash Weekend, Red Hill · Peninsula Insider"
https://peninsulainsider.com.au/whats-on/red-hill-market-first-saturday/,/whats-on/red-hill-market-first-saturday/,/whats-on,detail,200,allowed,"index, follow, max-image-preview:large",false,https://peninsulainsider.com.au/whats-on/red-hill-market-first-saturday/,true,true,false,,0,,,,1244,5,3,2,false,CRAWL_PRIORITY,"Red Hill Market - First Saturday, Every Month, Red Hill · Peninsula Insider"
https://peninsulainsider.com.au/whats-on/red-hill-truffles-winter-truffle-hunt-season/,/whats-on/red-hill-truffles-winter-truffle-hunt-season/,/whats-on,detail,200,allowed,"index, follow, max-image-preview:large",false,https://peninsulainsider.com.au/whats-on/red-hill-truffles-winter-truffle-hunt-season/,true,true,false,,0,,,,1288,12,6,2,false,CRAWL_PRIORITY,"Red Hill Truffles: Winter Truffle Hunt Season, Main Ridge · Peninsula Insider"
https://peninsulainsider.com.au/whats-on/restore-pamper-retreat-at-polperro-farmhouse/,/whats-on/restore-pamper-retreat-at-polperro-farmhouse/,/whats-on,detail,200,allowed,"index, follow, max-image-preview:large",false,https://peninsulainsider.com.au/whats-on/restore-pamper-retreat-at-polperro-farmhouse/,true,true,false,,0,,,,1249,21,8,2,false,CRAWL_PRIORITY,"Restore &amp; Pamper Retreat at Polperro Farmhouse, Red Hill · Peninsula Insider"
https://peninsulainsider.com.au/whats-on/rocky-road-festival-mornington-peninsula-chocolaterie/,/whats-on/rocky-road-festival-mornington-peninsula-chocolaterie/,/whats-on,detail,200,allowed,"noindex, nofollow",true,https://peninsulainsider.com.au/whats-on/rocky-road-festival-mornington-peninsula-chocolaterie/,true,false,false,,0,,,,1214,1,1,2,false,INTENTIONAL_EXCLUSION,"Rocky Road Festival, Mornington Peninsula Chocolaterie, Flinders · Peninsula Insider"
https://peninsulainsider.com.au/whats-on/rocky-road-festival-tasting-sessions/,/whats-on/rocky-road-festival-tasting-sessions/,/whats-on,detail,200,allowed,"noindex, nofollow",true,https://peninsulainsider.com.au/whats-on/rocky-road-festival-tasting-sessions/,true,false,false,,0,,,,1229,2,2,2,false,INTENTIONAL_EXCLUSION,"Rocky Road Festival Tasting Sessions, Flinders · Peninsula Insider"
https://peninsulainsider.com.au/whats-on/shoreham-community-market/,/whats-on/shoreham-community-market/,/whats-on,detail,200,allowed,"noindex, nofollow",true,https://peninsulainsider.com.au/whats-on/shoreham-community-market/,true,false,false,,0,,,,1164,2,2,2,false,INTENTIONAL_EXCLUSION,"Shoreham Community Market, Shoreham · Peninsula Insider"
https://peninsulainsider.com.au/whats-on/sip-sketch-sculpture-park-pt-leo-estate-school-holidays-2026/,/whats-on/sip-sketch-sculpture-park-pt-leo-estate-school-holidays-2026/,/whats-on,detail,200,allowed,"noindex, nofollow",true,https://peninsulainsider.com.au/whats-on/sip-sketch-sculpture-park-pt-leo-estate-school-holidays-2026/,true,false,false,,0,,,,1212,2,2,2,false,INTENTIONAL_EXCLUSION,"Sip &amp; Sketch in the Sculpture Park at Pt. Leo Estate, Merricks · Peninsula Insider"
https://peninsulainsider.com.au/whats-on/soil-cellar-flinders-truffles-x-polperro-winery/,/whats-on/soil-cellar-flinders-truffles-x-polperro-winery/,/whats-on,detail,200,allowed,"noindex, nofollow",true,https://peninsulainsider.com.au/whats-on/soil-cellar-flinders-truffles-x-polperro-winery/,true,false,false,,0,,,,1236,1,1,2,false,INTENTIONAL_EXCLUSION,"Soil &amp; Cellar: Flinders Truffles x Polperro Winery, Mornington Peninsula · Peninsula Insider"
https://peninsulainsider.com.au/whats-on/songs-of-dreams-and-destiny/,/whats-on/songs-of-dreams-and-destiny/,/whats-on,detail,200,allowed,"noindex, nofollow",true,https://peninsulainsider.com.au/whats-on/songs-of-dreams-and-destiny/,true,false,false,,0,,,,1141,1,1,2,false,INTENTIONAL_EXCLUSION,"Songs of Dreams and Destiny, Mornington · Peninsula Insider"
https://peninsulainsider.com.au/whats-on/sorrento-solstice-festival-2026/,/whats-on/sorrento-solstice-festival-2026/,/whats-on,detail,200,allowed,"noindex, nofollow",true,https://peninsulainsider.com.au/whats-on/sorrento-solstice-festival-2026/,true,false,false,,0,,,,1230,1,1,2,false,INTENTIONAL_EXCLUSION,"Sorrento Solstice Festival 2026, Sorrento · Peninsula Insider"
https://peninsulainsider.com.au/whats-on/sorrento-solstice-festival-fire-night/,/whats-on/sorrento-solstice-festival-fire-night/,/whats-on,detail,200,allowed,"noindex, nofollow",true,https://peninsulainsider.com.au/whats-on/sorrento-solstice-festival-fire-night/,true,false,false,,0,,,,1267,1,1,2,false,INTENTIONAL_EXCLUSION,"Sorrento Solstice Festival (Fire Night), Sorrento · Peninsula Insider"
https://peninsulainsider.com.au/whats-on/sorrento-writers-festival-2026/,/whats-on/sorrento-writers-festival-2026/,/whats-on,detail,200,allowed,"noindex, nofollow",true,https://peninsulainsider.com.au/whats-on/sorrento-writers-festival-2026/,true,false,false,,0,,,,1231,2,2,2,false,INTENTIONAL_EXCLUSION,"Sorrento Writers Festival 2026, Sorrento · Peninsula Insider"
https://peninsulainsider.com.au/whats-on/soul-night-market-mornington/,/whats-on/soul-night-market-mornington/,/whats-on,detail,200,allowed,"noindex, nofollow",true,https://peninsulainsider.com.au/whats-on/soul-night-market-mornington/,true,false,false,,0,,,,1159,1,1,2,false,INTENTIONAL_EXCLUSION,"Soul Night Market – Mornington, Mornington · Peninsula Insider"
https://peninsulainsider.com.au/whats-on/soul-night-market-sorrento-beach/,/whats-on/soul-night-market-sorrento-beach/,/whats-on,detail,200,allowed,"noindex, nofollow",true,https://peninsulainsider.com.au/whats-on/soul-night-market-sorrento-beach/,true,false,false,,0,,,,1176,2,2,2,false,INTENTIONAL_EXCLUSION,"Soul Night Market – Sorrento Beach, Sorrento · Peninsula Insider"
https://peninsulainsider.com.au/whats-on/sound-circle-full-moon-sound-journey-at-peninsula-hot-springs/,/whats-on/sound-circle-full-moon-sound-journey-at-peninsula-hot-springs/,/whats-on,detail,200,allowed,"index, follow, max-image-preview:large",false,https://peninsulainsider.com.au/whats-on/sound-circle-full-moon-sound-journey-at-peninsula-hot-springs/,true,true,false,,0,,,,1223,4,2,2,false,CRAWL_PRIORITY,"Sound Circle: Full Moon Sound Journey at Peninsula Hot Springs, Mornington Peninsula · Peninsula Insider"
https://peninsulainsider.com.au/whats-on/southern-peninsula-sleepout-the-ranch-2026/,/whats-on/southern-peninsula-sleepout-the-ranch-2026/,/whats-on,detail,200,allowed,"noindex, nofollow",true,https://peninsulainsider.com.au/whats-on/southern-peninsula-sleepout-the-ranch-2026/,true,false,false,,0,,,,1165,1,1,2,false,INTENTIONAL_EXCLUSION,"Southern Peninsula Sleepout at The Ranch Adventure Park, Boneo · Peninsula Insider"
https://peninsulainsider.com.au/whats-on/stonier-fire-wine-winter-lunch/,/whats-on/stonier-fire-wine-winter-lunch/,/whats-on,detail,200,allowed,"noindex, nofollow",true,https://peninsulainsider.com.au/whats-on/stonier-fire-wine-winter-lunch/,true,false,false,,0,,,,1212,1,1,2,false,INTENTIONAL_EXCLUSION,"Stonier Fire &amp; Wine Winter Lunch, Merricks · Peninsula Insider"
https://peninsulainsider.com.au/whats-on/stonier-pies-pinot-king-s-birthday-weekend/,/whats-on/stonier-pies-pinot-king-s-birthday-weekend/,/whats-on,detail,200,allowed,"noindex, nofollow",true,https://peninsulainsider.com.au/whats-on/stonier-pies-pinot-king-s-birthday-weekend/,true,false,false,,0,,,,1245,1,1,2,false,INTENTIONAL_EXCLUSION,"Stonier Pies &amp; Pinot (King&#39;s Birthday Weekend), Merricks · Peninsula Insider"
https://peninsulainsider.com.au/whats-on/stonier-vineyard-tours-new-release-pinot-tasting/,/whats-on/stonier-vineyard-tours-new-release-pinot-tasting/,/whats-on,detail,200,allowed,"noindex, nofollow",true,https://peninsulainsider.com.au/whats-on/stonier-vineyard-tours-new-release-pinot-tasting/,true,false,false,,0,,,,1231,1,1,2,false,INTENTIONAL_EXCLUSION,"Stonier Vineyard Tours &amp; New Release Pinot Tasting, Merricks · Peninsula Insider"
https://peninsulainsider.com.au/whats-on/sunny-ridge-strawberry-picking/,/whats-on/sunny-ridge-strawberry-picking/,/whats-on,detail,200,allowed,"noindex, nofollow",true,https://peninsulainsider.com.au/whats-on/sunny-ridge-strawberry-picking/,true,false,false,,0,,,,1207,1,1,2,false,INTENTIONAL_EXCLUSION,"Sunny Ridge Strawberry Farm - School Holiday Picking, Main Ridge · Peninsula Insider"
https://peninsulainsider.com.au/whats-on/sustainable-house-day-2026/,/whats-on/sustainable-house-day-2026/,/whats-on,detail,200,allowed,"noindex, nofollow",true,https://peninsulainsider.com.au/whats-on/sustainable-house-day-2026/,true,false,false,,0,,,,1199,1,1,2,false,INTENTIONAL_EXCLUSION,"Sustainable House Day 2026, Mornington · Peninsula Insider"
https://peninsulainsider.com.au/whats-on/tall-poppy-melbourne-design-week-exhibition/,/whats-on/tall-poppy-melbourne-design-week-exhibition/,/whats-on,detail,200,allowed,"noindex, nofollow",true,https://peninsulainsider.com.au/whats-on/tall-poppy-melbourne-design-week-exhibition/,true,false,false,,0,,,,1504,1,1,2,false,INTENTIONAL_EXCLUSION,"Tall Poppy, the first Melbourne Design Week exhibition on the Peninsula, Mornington Peninsula · Peninsula Insider"
https://peninsulainsider.com.au/whats-on/ten-minutes-by-tractor-terroir-masterclass/,/whats-on/ten-minutes-by-tractor-terroir-masterclass/,/whats-on,detail,200,allowed,"index, follow, max-image-preview:large",false,https://peninsulainsider.com.au/whats-on/ten-minutes-by-tractor-terroir-masterclass/,true,true,false,,0,,,,1248,37,14,2,false,CRAWL_PRIORITY,"Ten Minutes by Tractor, Terroir Masterclass, Main Ridge · Peninsula Insider"
https://peninsulainsider.com.au/whats-on/the-bloody-long-walk-mornington-peninsula-2026/,/whats-on/the-bloody-long-walk-mornington-peninsula-2026/,/whats-on,detail,200,allowed,"index, follow, max-image-preview:large",false,https://peninsulainsider.com.au/whats-on/the-bloody-long-walk-mornington-peninsula-2026/,true,true,false,,0,,,,1217,5,3,2,false,CRAWL_PRIORITY,"The Bloody Long Walk – Mornington Peninsula 2026, Portsea · Peninsula Insider"
https://peninsulainsider.com.au/whats-on/the-enchanted-market-at-the-briars/,/whats-on/the-enchanted-market-at-the-briars/,/whats-on,detail,200,allowed,"noindex, nofollow",true,https://peninsulainsider.com.au/whats-on/the-enchanted-market-at-the-briars/,true,false,false,,0,,,,1175,1,1,2,false,INTENTIONAL_EXCLUSION,"The Enchanted Market at The Briars, Mount Martha · Peninsula Insider"
https://peninsulainsider.com.au/whats-on/this-weekend/,/whats-on/this-weekend/,/whats-on,detail,200,allowed,"index, follow, max-image-preview:large",false,https://peninsulainsider.com.au/whats-on/this-weekend/,true,true,false,,0,,,,1489,39,13,,false,CRAWL_PRIORITY,What&#39;s on this weekend - Fri 21 – Sun 23 August · Peninsula Insider
https://peninsulainsider.com.au/whats-on/this-weekend/archive/,/whats-on/this-weekend/archive/,/whats-on,detail,200,allowed,"noindex, nofollow",true,https://peninsulainsider.com.au/whats-on/this-weekend/archive/,true,false,false,,0,,,,853,13,13,,false,INTENTIONAL_EXCLUSION,Peninsula This Weekend archive · Peninsula Insider
https://peninsulainsider.com.au/whats-on/this-weekend/archive/2026-04-24/,/whats-on/this-weekend/archive/2026-04-24/,/whats-on,detail,200,allowed,"index, follow, max-image-preview:large",false,https://peninsulainsider.com.au/whats-on/this-weekend/archive/2026-04-24/,true,true,false,,0,,,,1964,1,1,,false,CRAWL_PRIORITY,Peninsula This Weekend - 25–26 April · Peninsula Insider
https://peninsulainsider.com.au/whats-on/this-weekend/archive/2026-04-26/,/whats-on/this-weekend/archive/2026-04-26/,/whats-on,detail,200,allowed,"index, follow, max-image-preview:large",false,https://peninsulainsider.com.au/whats-on/this-weekend/archive/2026-04-26/,true,true,false,,0,,,,1554,2,2,,false,CRAWL_PRIORITY,Peninsula This Weekend - 2–3 May · Peninsula Insider
https://peninsulainsider.com.au/whats-on/this-weekend/archive/2026-05-03/,/whats-on/this-weekend/archive/2026-05-03/,/whats-on,detail,200,allowed,"index, follow, max-image-preview:large",false,https://peninsulainsider.com.au/whats-on/this-weekend/archive/2026-05-03/,true,true,false,,0,,,,1513,2,2,,false,CRAWL_PRIORITY,Peninsula This Weekend - 9–10 May · Peninsula Insider
https://peninsulainsider.com.au/whats-on/this-weekend/archive/2026-05-11/,/whats-on/this-weekend/archive/2026-05-11/,/whats-on,detail,200,allowed,"index, follow, max-image-preview:large",false,https://peninsulainsider.com.au/whats-on/this-weekend/archive/2026-05-11/,true,true,false,,0,,,,1604,2,2,,false,CRAWL_PRIORITY,Peninsula This Weekend - 16–17 May · Peninsula Insider
https://peninsulainsider.com.au/whats-on/this-weekend/archive/2026-05-17/,/whats-on/this-weekend/archive/2026-05-17/,/whats-on,detail,200,allowed,"index, follow, max-image-preview:large",false,https://peninsulainsider.com.au/whats-on/this-weekend/archive/2026-05-17/,true,true,false,,0,,,,1688,2,2,,false,CRAWL_PRIORITY,Peninsula This Weekend - 23–24 May · Peninsula Insider
https://peninsulainsider.com.au/whats-on/this-weekend/archive/2026-05-24/,/whats-on/this-weekend/archive/2026-05-24/,/whats-on,detail,200,allowed,"index, follow, max-image-preview:large",false,https://peninsulainsider.com.au/whats-on/this-weekend/archive/2026-05-24/,true,true,false,,0,,,,1662,3,3,,false,CRAWL_PRIORITY,Peninsula This Weekend - 30–31 May · Peninsula Insider
https://peninsulainsider.com.au/whats-on/this-weekend/archive/2026-05-31/,/whats-on/this-weekend/archive/2026-05-31/,/whats-on,detail,200,allowed,"index, follow, max-image-preview:large",false,https://peninsulainsider.com.au/whats-on/this-weekend/archive/2026-05-31/,true,true,false,,0,,,,1707,3,3,,false,CRAWL_PRIORITY,Peninsula This Weekend - 6–7 June · Peninsula Insider
https://peninsulainsider.com.au/whats-on/this-weekend/archive/2026-06-07/,/whats-on/this-weekend/archive/2026-06-07/,/whats-on,detail,200,allowed,"index, follow, max-image-preview:large",false,https://peninsulainsider.com.au/whats-on/this-weekend/archive/2026-06-07/,true,true,false,,0,,,,1667,3,3,,false,CRAWL_PRIORITY,Peninsula This Weekend - 13–14 June · Peninsula Insider
https://peninsulainsider.com.au/whats-on/this-weekend/archive/2026-06-15/,/whats-on/this-weekend/archive/2026-06-15/,/whats-on,detail,200,allowed,"index, follow, max-image-preview:large",false,https://peninsulainsider.com.au/whats-on/this-weekend/archive/2026-06-15/,true,true,false,,0,,,,1692,3,3,,false,CRAWL_PRIORITY,Peninsula This Weekend - 20–21 June · Peninsula Insider
https://peninsulainsider.com.au/whats-on/this-weekend/archive/2026-06-22/,/whats-on/this-weekend/archive/2026-06-22/,/whats-on,detail,200,allowed,"index, follow, max-image-preview:large",false,https://peninsulainsider.com.au/whats-on/this-weekend/archive/2026-06-22/,true,true,false,,0,,,,1674,3,3,,false,CRAWL_PRIORITY,Peninsula This Weekend - 27–28 June · Peninsula Insider
https://peninsulainsider.com.au/whats-on/this-weekend/archive/2026-06-29/,/whats-on/this-weekend/archive/2026-06-29/,/whats-on,detail,200,allowed,"index, follow, max-image-preview:large",false,https://peninsulainsider.com.au/whats-on/this-weekend/archive/2026-06-29/,true,true,false,,0,,,,1767,3,3,,false,CRAWL_PRIORITY,Peninsula This Weekend - 4–5 July · Peninsula Insider
https://peninsulainsider.com.au/whats-on/this-weekend/archive/2026-07-10/,/whats-on/this-weekend/archive/2026-07-10/,/whats-on,detail,200,allowed,"index, follow, max-image-preview:large",false,https://peninsulainsider.com.au/whats-on/this-weekend/archive/2026-07-10/,true,true,false,,0,,,,1818,3,3,,false,CRAWL_PRIORITY,Peninsula This Weekend - 11–12 July · Peninsula Insider
https://peninsulainsider.com.au/whats-on/this-weekend/archive/2026-07-13/,/whats-on/this-weekend/archive/2026-07-13/,/whats-on,detail,200,allowed,"index, follow, max-image-preview:large",false,https://peninsulainsider.com.au/whats-on/this-weekend/archive/2026-07-13/,true,true,false,,0,,,,1763,2,2,,false,CRAWL_PRIORITY,Peninsula This Weekend - 18–19 July · Peninsula Insider
https://peninsulainsider.com.au/whats-on/tootgarook-primary-school-market/,/whats-on/tootgarook-primary-school-market/,/whats-on,detail,200,allowed,"index, follow, max-image-preview:large",false,https://peninsulainsider.com.au/whats-on/tootgarook-primary-school-market/,true,true,false,,0,,,,1179,53,20,1,false,CRAWL_PRIORITY,"Tootgarook Primary School Market, Mornington Peninsula · Peninsula Insider"
https://peninsulainsider.com.au/whats-on/trace-duo-exhibition-at-lander-se/,/whats-on/trace-duo-exhibition-at-lander-se/,/whats-on,detail,200,allowed,"noindex, nofollow",true,https://peninsulainsider.com.au/whats-on/trace-duo-exhibition-at-lander-se/,true,false,false,,0,,,,1106,1,1,2,false,INTENTIONAL_EXCLUSION,"TRACE Duo Exhibition at Lander-Se, Mornington Peninsula · Peninsula Insider"
https://peninsulainsider.com.au/whats-on/trace-duo-exhibition/,/whats-on/trace-duo-exhibition/,/whats-on,detail,200,allowed,"noindex, nofollow",true,https://peninsulainsider.com.au/whats-on/trace-duo-exhibition/,true,false,false,,0,,,,1116,1,1,2,false,INTENTIONAL_EXCLUSION,"TRACE Duo Exhibition, Mornington Peninsula · Peninsula Insider"
https://peninsulainsider.com.au/whats-on/trivia-jetty-road-brewery-winter-2026/,/whats-on/trivia-jetty-road-brewery-winter-2026/,/whats-on,detail,200,allowed,"index, follow, max-image-preview:large",false,https://peninsulainsider.com.au/whats-on/trivia-jetty-road-brewery-winter-2026/,true,true,false,,0,,,,1135,7,3,2,false,CRAWL_PRIORITY,"Trivia Night at Jetty Road Brewery, Dromana · Peninsula Insider"
https://peninsulainsider.com.au/whats-on/wild-mushroom-forage-lunch-with-the-kitchen/,/whats-on/wild-mushroom-forage-lunch-with-the-kitchen/,/whats-on,detail,200,allowed,"noindex, nofollow",true,https://peninsulainsider.com.au/whats-on/wild-mushroom-forage-lunch-with-the-kitchen/,true,false,false,,0,,,,1229,1,1,2,false,INTENTIONAL_EXCLUSION,"Wild Mushroom Forage &amp; Lunch with The Kitchen, Mornington Peninsula · Peninsula Insider"
https://peninsulainsider.com.au/whats-on/winter-acoustic-sessions-portsea-hotel-2026/,/whats-on/winter-acoustic-sessions-portsea-hotel-2026/,/whats-on,detail,200,allowed,"index, follow, max-image-preview:large",false,https://peninsulainsider.com.au/whats-on/winter-acoustic-sessions-portsea-hotel-2026/,true,true,false,,0,,,,1198,37,14,2,false,CRAWL_PRIORITY,"Winter Acoustic Sessions at Portsea Hotel, Portsea · Peninsula Insider"
https://peninsulainsider.com.au/whats-on/winter-camp-2026-the-ranch/,/whats-on/winter-camp-2026-the-ranch/,/whats-on,detail,200,allowed,"noindex, nofollow",true,https://peninsulainsider.com.au/whats-on/winter-camp-2026-the-ranch/,true,false,false,,0,,,,1160,1,1,2,false,INTENTIONAL_EXCLUSION,"Winter Camp 2026, The Ranch, Mornington Peninsula · Peninsula Insider"
https://peninsulainsider.com.au/whats-on/winter-wine-weekend-full-3-day-peninsula-program/,/whats-on/winter-wine-weekend-full-3-day-peninsula-program/,/whats-on,detail,200,allowed,"noindex, nofollow",true,https://peninsulainsider.com.au/whats-on/winter-wine-weekend-full-3-day-peninsula-program/,true,false,false,,0,,,,1221,1,1,2,false,INTENTIONAL_EXCLUSION,"Winter Wine Weekend, Full 3-Day Peninsula Program, Mornington Peninsula · Peninsula Insider"
https://peninsulainsider.com.au/whats-on/winter-wine-weekend-june/,/whats-on/winter-wine-weekend-june/,/whats-on,detail,200,allowed,"noindex, nofollow",true,https://peninsulainsider.com.au/whats-on/winter-wine-weekend-june/,true,false,false,,0,,,,1241,1,1,2,false,INTENTIONAL_EXCLUSION,"Mornington Peninsula Winter Wine Weekend, Red Hill · Peninsula Insider"
https://peninsulainsider.com.au/whats-on/winter-wine-weekend-winter-wine-festival-red-hill-showgrounds/,/whats-on/winter-wine-weekend-winter-wine-festival-red-hill-showgrounds/,/whats-on,detail,200,allowed,"noindex, nofollow",true,https://peninsulainsider.com.au/whats-on/winter-wine-weekend-winter-wine-festival-red-hill-showgrounds/,true,false,false,,0,,,,1232,1,1,2,false,INTENTIONAL_EXCLUSION,"Winter Wine Weekend, Winter Wine Festival (Red Hill Showgrounds), Red Hill · Peninsula Insider"
https://peninsulainsider.com.au/whats-on/youth-services-school-holiday-program/,/whats-on/youth-services-school-holiday-program/,/whats-on,detail,200,allowed,"noindex, nofollow",true,https://peninsulainsider.com.au/whats-on/youth-services-school-holiday-program/,true,false,false,,0,,,,1229,1,1,2,false,INTENTIONAL_EXCLUSION,"Youth Services School Holiday Program, Mornington Peninsula · Peninsula Insider"
https://peninsulainsider.com.au/wine/,/wine/,/wine,hub,200,allowed,"index, follow, max-image-preview:large",false,https://peninsulainsider.com.au/wine/,true,true,false,,0,,,,3364,2119,627,1,false,CRAWL_PRIORITY,Best Cellar Doors on the Mornington Peninsula 2026 Guide
https://peninsulainsider.com.au/wine/appointment-producers/,/wine/appointment-producers/,/wine,detail,200,allowed,"index, follow, max-image-preview:large",false,https://peninsulainsider.com.au/wine/appointment-producers/,true,true,false,,0,,,,1511,628,627,1,false,CRAWL_PRIORITY,Appointment-Only Wineries · Mornington Peninsula · Peninsula Insider
https://peninsulainsider.com.au/wine/ashcombe-maze/,/wine/ashcombe-maze/,/wine,redirect-stub,200,allowed,(none),false,https://peninsulainsider.com.au/explore/ashcombe-maze/,false,false,true,/explore/ashcombe-maze/,1,/explore/ashcombe-maze/,true,false,0,0,0,,true,MIGRATION_PENDING,Redirecting…
https://peninsulainsider.com.au/wine/avani-wines/,/wine/avani-wines/,/wine,detail,200,allowed,"index, follow, max-image-preview:large",false,https://peninsulainsider.com.au/wine/avani-wines/,true,true,false,,0,,,,1489,170,60,2,false,CRAWL_PRIORITY,"Avani Wines, Red Hill · Peninsula Insider"
https://peninsulainsider.com.au/wine/baillieu-vineyard/,/wine/baillieu-vineyard/,/wine,detail,200,allowed,"index, follow, max-image-preview:large",false,https://peninsulainsider.com.au/wine/baillieu-vineyard/,true,true,false,,0,,,,1382,162,58,2,false,CRAWL_PRIORITY,"Baillieu Vineyard, Merricks · Peninsula Insider"
https://peninsulainsider.com.au/wine/balnarring/,/wine/balnarring/,/wine,detail,200,allowed,"index, follow, max-image-preview:large",false,https://peninsulainsider.com.au/wine/balnarring/,true,true,false,,0,,,,2172,6,4,3,false,CRAWL_PRIORITY,Balnarring Wineries · Mornington Peninsula · Peninsula Insider
https://peninsulainsider.com.au/wine/barmah-park-vineyard/,/wine/barmah-park-vineyard/,/wine,detail,200,allowed,"index, follow, max-image-preview:large",false,https://peninsulainsider.com.au/wine/barmah-park-vineyard/,true,true,false,,0,,,,1414,151,53,2,false,CRAWL_PRIORITY,"Barmah Park Vineyard, Moorooduc · Peninsula Insider"
https://peninsulainsider.com.au/wine/bass-and-flinders/,/wine/bass-and-flinders/,/wine,detail,200,allowed,"index, follow, max-image-preview:large",false,https://peninsulainsider.com.au/wine/bass-and-flinders/,true,true,false,,0,,,,1602,17,7,2,false,CRAWL_PRIORITY,"Bass &amp; Flinders Distillery, Mornington · Peninsula Insider"
https://peninsulainsider.com.au/wine/best-cellar-doors/,/wine/best-cellar-doors/,/wine,detail,200,allowed,"index, follow, max-image-preview:large",false,https://peninsulainsider.com.au/wine/best-cellar-doors/,true,true,false,,0,,,,1768,1290,627,1,false,CRAWL_PRIORITY,Best Cellar Doors Mornington Peninsula · Peninsula Insider
https://peninsulainsider.com.au/wine/best-wineries-mornington-peninsula/,/wine/best-wineries-mornington-peninsula/,/wine,redirect-stub,200,allowed,(none),false,https://peninsulainsider.com.au/wine/best-cellar-doors/,false,false,true,/wine/best-cellar-doors/,1,/wine/best-cellar-doors/,true,false,0,0,0,,true,MIGRATION_PENDING,Redirecting…
https://peninsulainsider.com.au/wine/brewery/,/wine/brewery/,/wine,redirect-stub,200,allowed,(none),false,https://peninsulainsider.com.au/eat/breweries/,false,false,true,/eat/breweries/,1,/eat/breweries/,true,false,0,0,0,,true,MIGRATION_PENDING,Redirecting…
https://peninsulainsider.com.au/wine/cellar-doors/,/wine/cellar-doors/,/wine,redirect-stub,200,allowed,(none),false,https://peninsulainsider.com.au/wine/best-cellar-doors/,false,false,true,/wine/best-cellar-doors/,1,/wine/best-cellar-doors/,true,false,0,0,0,,true,MIGRATION_PENDING,Redirecting…
https://peninsulainsider.com.au/wine/chardonnay/,/wine/chardonnay/,/wine,detail,200,allowed,"index, follow, max-image-preview:large",false,https://peninsulainsider.com.au/wine/chardonnay/,true,true,false,,0,,,,1619,11,6,2,false,CRAWL_PRIORITY,Mornington Peninsula Chardonnay · Best Producers · Peninsula Insider
https://peninsulainsider.com.au/wine/crittenden-estate/,/wine/crittenden-estate/,/wine,detail,200,allowed,"index, follow, max-image-preview:large",false,https://peninsulainsider.com.au/wine/crittenden-estate/,true,true,false,,0,,,,1781,20,11,2,false,CRAWL_PRIORITY,"Crittenden Estate, Dromana · Peninsula Insider"
https://peninsulainsider.com.au/wine/dexter-wines/,/wine/dexter-wines/,/wine,detail,200,allowed,"index, follow, max-image-preview:large",false,https://peninsulainsider.com.au/wine/dexter-wines/,true,true,false,,0,,,,1617,35,14,2,false,CRAWL_PRIORITY,"Dexter Wines, Main Ridge · Peninsula Insider"
https://peninsulainsider.com.au/wine/distillery/,/wine/distillery/,/wine,redirect-stub,200,allowed,(none),false,https://peninsulainsider.com.au/eat/distilleries/,false,false,true,/eat/distilleries/,1,/eat/distilleries/,true,false,0,0,0,,true,MIGRATION_PENDING,Redirecting…
https://peninsulainsider.com.au/wine/dog-friendly/,/wine/dog-friendly/,/wine,redirect-stub,200,allowed,(none),false,https://peninsulainsider.com.au/journal/dog-friendly-wineries-mornington-peninsula/,false,false,true,/journal/dog-friendly-wineries-mornington-peninsula/,1,/journal/dog-friendly-wineries-mornington-peninsula/,true,false,0,0,0,,true,MIGRATION_PENDING,Redirecting…
https://peninsulainsider.com.au/wine/dromana-estate/,/wine/dromana-estate/,/wine,detail,200,allowed,"index, follow, max-image-preview:large",false,https://peninsulainsider.com.au/wine/dromana-estate/,true,true,false,,0,,,,1410,13,7,2,false,CRAWL_PRIORITY,"Dromana Estate, Tuerong · Peninsula Insider"
https://peninsulainsider.com.au/wine/elan-vineyard/,/wine/elan-vineyard/,/wine,detail,200,allowed,"index, follow, max-image-preview:large",false,https://peninsulainsider.com.au/wine/elan-vineyard/,true,true,false,,0,,,,1426,16,7,2,false,CRAWL_PRIORITY,"Elan Vineyard &amp; Gallery, Balnarring · Peninsula Insider"
https://peninsulainsider.com.au/wine/eldridge-estate/,/wine/eldridge-estate/,/wine,detail,200,allowed,"index, follow, max-image-preview:large",false,https://peninsulainsider.com.au/wine/eldridge-estate/,true,true,false,,0,,,,1626,18,8,2,false,CRAWL_PRIORITY,"Eldridge Estate, Red Hill · Peninsula Insider"
https://peninsulainsider.com.au/wine/elgee-park/,/wine/elgee-park/,/wine,detail,200,allowed,"index, follow, max-image-preview:large",false,https://peninsulainsider.com.au/wine/elgee-park/,true,true,false,,0,,,,1434,15,7,2,false,CRAWL_PRIORITY,"Elgee Park, Merricks · Peninsula Insider"
https://peninsulainsider.com.au/wine/flinders/,/wine/flinders/,/wine,detail,200,allowed,"index, follow, max-image-preview:large",false,https://peninsulainsider.com.au/wine/flinders/,true,true,false,,0,,,,2065,3,1,3,false,CRAWL_PRIORITY,Flinders Wineries · Mornington Peninsula · Peninsula Insider
https://peninsulainsider.com.au/wine/foxeys-hangout/,/wine/foxeys-hangout/,/wine,detail,200,allowed,"index, follow, max-image-preview:large",false,https://peninsulainsider.com.au/wine/foxeys-hangout/,true,true,false,,0,,,,1697,20,10,2,false,CRAWL_PRIORITY,"Foxeys Hangout, Red Hill · Peninsula Insider"
https://peninsulainsider.com.au/wine/garagiste/,/wine/garagiste/,/wine,detail,200,allowed,"index, follow, max-image-preview:large",false,https://peninsulainsider.com.au/wine/garagiste/,true,true,false,,0,,,,1525,18,10,2,false,CRAWL_PRIORITY,"Garagiste, Mornington · Peninsula Insider"
https://peninsulainsider.com.au/wine/hurley-vineyard/,/wine/hurley-vineyard/,/wine,detail,200,allowed,"index, follow, max-image-preview:large",false,https://peninsulainsider.com.au/wine/hurley-vineyard/,true,true,false,,0,,,,1563,16,7,2,false,CRAWL_PRIORITY,"Hurley Vineyard, Balnarring · Peninsula Insider"
https://peninsulainsider.com.au/wine/jetty-road-brewery/,/wine/jetty-road-brewery/,/wine,detail,200,allowed,"index, follow, max-image-preview:large",false,https://peninsulainsider.com.au/wine/jetty-road-brewery/,true,true,false,,0,,,,1565,4,2,2,false,CRAWL_PRIORITY,"Jetty Road Brewery, Dromana · Peninsula Insider"
https://peninsulainsider.com.au/wine/kerri-greens/,/wine/kerri-greens/,/wine,detail,200,allowed,"index, follow, max-image-preview:large",false,https://peninsulainsider.com.au/wine/kerri-greens/,true,true,false,,0,,,,1437,12,6,2,false,CRAWL_PRIORITY,"Kerri Greens, Merricks · Peninsula Insider"
https://peninsulainsider.com.au/wine/kooyong/,/wine/kooyong/,/wine,detail,200,allowed,"index, follow, max-image-preview:large",false,https://peninsulainsider.com.au/wine/kooyong/,true,true,false,,0,,,,1724,36,12,2,false,CRAWL_PRIORITY,"Kooyong, Main Ridge · Peninsula Insider"
https://peninsulainsider.com.au/wine/lightfoot-wines/,/wine/lightfoot-wines/,/wine,detail,200,allowed,"index, follow, max-image-preview:large",false,https://peninsulainsider.com.au/wine/lightfoot-wines/,true,true,false,,0,,,,1396,12,6,2,false,CRAWL_PRIORITY,"Lightfoot Wines, Main Ridge · Peninsula Insider"
https://peninsulainsider.com.au/wine/main-ridge-estate/,/wine/main-ridge-estate/,/wine,detail,200,allowed,"index, follow, max-image-preview:large",false,https://peninsulainsider.com.au/wine/main-ridge-estate/,true,true,false,,0,,,,1748,25,11,2,false,CRAWL_PRIORITY,"Main Ridge Estate, Main Ridge · Peninsula Insider"
https://peninsulainsider.com.au/wine/main-ridge/,/wine/main-ridge/,/wine,detail,200,allowed,"index, follow, max-image-preview:large",false,https://peninsulainsider.com.au/wine/main-ridge/,true,true,false,,0,,,,2493,7,5,3,false,CRAWL_PRIORITY,Main Ridge Wineries · Mornington Peninsula · Peninsula Insider
https://peninsulainsider.com.au/wine/merricks-estate/,/wine/merricks-estate/,/wine,detail,200,allowed,"index, follow, max-image-preview:large",false,https://peninsulainsider.com.au/wine/merricks-estate/,true,true,false,,0,,,,1416,9,5,2,false,CRAWL_PRIORITY,"Merricks Estate, Merricks · Peninsula Insider"
https://peninsulainsider.com.au/wine/merricks/,/wine/merricks/,/wine,detail,200,allowed,"index, follow, max-image-preview:large",false,https://peninsulainsider.com.au/wine/merricks/,true,true,false,,0,,,,2409,7,5,3,false,CRAWL_PRIORITY,Merricks Wineries · Mornington Peninsula · Peninsula Insider
https://peninsulainsider.com.au/wine/montalto/,/wine/montalto/,/wine,detail,200,allowed,"index, follow, max-image-preview:large",false,https://peninsulainsider.com.au/wine/montalto/,true,true,false,,0,,,,1901,57,28,2,false,CRAWL_PRIORITY,"Montalto Vineyard &amp; Olive Grove, Red Hill · Peninsula Insider"
https://peninsulainsider.com.au/wine/moorooduc-estate/,/wine/moorooduc-estate/,/wine,detail,200,allowed,"index, follow, max-image-preview:large",false,https://peninsulainsider.com.au/wine/moorooduc-estate/,true,true,false,,0,,,,1668,10,6,2,false,CRAWL_PRIORITY,"Moorooduc Estate, Moorooduc · Peninsula Insider"
https://peninsulainsider.com.au/wine/moorooduc-tuerong/,/wine/moorooduc-tuerong/,/wine,detail,200,allowed,"index, follow, max-image-preview:large",false,https://peninsulainsider.com.au/wine/moorooduc-tuerong/,true,true,false,,0,,,,1059,2,1,3,false,CRAWL_PRIORITY,Moorooduc &amp; Tuerong Wineries · Mornington Peninsula · Peninsula Insider
https://peninsulainsider.com.au/wine/moorooduc/,/wine/moorooduc/,/wine,redirect-stub,200,allowed,(none),false,https://peninsulainsider.com.au/explore/places/moorooduc/,false,false,true,/explore/places/moorooduc/,1,/explore/places/moorooduc/,true,false,0,1,1,3,false,MIGRATION_PENDING,Redirecting…
https://peninsulainsider.com.au/wine/morning-sun/,/wine/morning-sun/,/wine,detail,200,allowed,"index, follow, max-image-preview:large",false,https://peninsulainsider.com.au/wine/morning-sun/,true,true,false,,0,,,,1571,10,6,2,false,CRAWL_PRIORITY,"Morning Sun Vineyard, Main Ridge · Peninsula Insider"
https://peninsulainsider.com.au/wine/mornington-peninsula-brewery/,/wine/mornington-peninsula-brewery/,/wine,detail,200,allowed,"index, follow, max-image-preview:large",false,https://peninsulainsider.com.au/wine/mornington-peninsula-brewery/,true,true,false,,0,,,,1516,4,2,2,false,CRAWL_PRIORITY,"Mornington Peninsula Brewery, Mornington · Peninsula Insider"
https://peninsulainsider.com.au/wine/nazaaray-estate/,/wine/nazaaray-estate/,/wine,detail,200,allowed,"index, follow, max-image-preview:large",false,https://peninsulainsider.com.au/wine/nazaaray-estate/,true,true,false,,0,,,,1500,16,7,2,false,CRAWL_PRIORITY,"Nazaaray Estate, Flinders · Peninsula Insider"
https://peninsulainsider.com.au/wine/ocean-eight/,/wine/ocean-eight/,/wine,detail,200,allowed,"index, follow, max-image-preview:large",false,https://peninsulainsider.com.au/wine/ocean-eight/,true,true,false,,0,,,,1729,32,12,2,false,CRAWL_PRIORITY,"Ocean Eight Vineyard, Main Ridge · Peninsula Insider"
https://peninsulainsider.com.au/wine/onannon/,/wine/onannon/,/wine,detail,200,allowed,"index, follow, max-image-preview:large",false,https://peninsulainsider.com.au/wine/onannon/,true,true,false,,0,,,,1441,16,8,2,false,CRAWL_PRIORITY,"Onannon, Tuerong · Peninsula Insider"
https://peninsulainsider.com.au/wine/paradigm-hill/,/wine/paradigm-hill/,/wine,detail,200,allowed,"index, follow, max-image-preview:large",false,https://peninsulainsider.com.au/wine/paradigm-hill/,true,true,false,,0,,,,1647,12,6,2,false,CRAWL_PRIORITY,"Paradigm Hill, Merricks · Peninsula Insider"
https://peninsulainsider.com.au/wine/paringa-estate/,/wine/paringa-estate/,/wine,detail,200,allowed,"index, follow, max-image-preview:large",false,https://peninsulainsider.com.au/wine/paringa-estate/,true,true,false,,0,,,,1713,33,14,2,false,CRAWL_PRIORITY,"Paringa Estate, Red Hill · Peninsula Insider"
https://peninsulainsider.com.au/wine/phaedrus-estate/,/wine/phaedrus-estate/,/wine,detail,200,allowed,"index, follow, max-image-preview:large",false,https://peninsulainsider.com.au/wine/phaedrus-estate/,true,true,false,,0,,,,1402,12,6,2,false,CRAWL_PRIORITY,"Phaedrus Estate, Dromana · Peninsula Insider"
https://peninsulainsider.com.au/wine/pinot-noir/,/wine/pinot-noir/,/wine,detail,200,allowed,"index, follow, max-image-preview:large",false,https://peninsulainsider.com.au/wine/pinot-noir/,true,true,false,,0,,,,1835,11,6,2,false,CRAWL_PRIORITY,Mornington Peninsula Pinot Noir · Best Producers · Peninsula Insider
https://peninsulainsider.com.au/wine/polperro/,/wine/polperro/,/wine,detail,200,allowed,"index, follow, max-image-preview:large",false,https://peninsulainsider.com.au/wine/polperro/,true,true,false,,0,,,,1773,44,20,2,false,CRAWL_PRIORITY,"Polperro, Red Hill · Peninsula Insider"
https://peninsulainsider.com.au/wine/port-phillip-estate/,/wine/port-phillip-estate/,/wine,detail,200,allowed,"index, follow, max-image-preview:large",false,https://peninsulainsider.com.au/wine/port-phillip-estate/,true,true,false,,0,,,,1793,19,12,2,false,CRAWL_PRIORITY,"Port Phillip Estate, Red Hill · Peninsula Insider"
https://peninsulainsider.com.au/wine/prancing-horse-estate/,/wine/prancing-horse-estate/,/wine,detail,200,allowed,"index, follow, max-image-preview:large",false,https://peninsulainsider.com.au/wine/prancing-horse-estate/,true,true,false,,0,,,,1457,9,5,2,false,CRAWL_PRIORITY,"Prancing Horse Estate, Red Hill · Peninsula Insider"
https://peninsulainsider.com.au/wine/pt-leo-estate/,/wine/pt-leo-estate/,/wine,detail,200,allowed,"index, follow, max-image-preview:large",false,https://peninsulainsider.com.au/wine/pt-leo-estate/,true,true,false,,0,,,,1908,43,22,2,false,CRAWL_PRIORITY,"Pt. Leo Estate, Merricks · Peninsula Insider"
https://peninsulainsider.com.au/wine/quealy-winemakers/,/wine/quealy-winemakers/,/wine,detail,200,allowed,"index, follow, max-image-preview:large",false,https://peninsulainsider.com.au/wine/quealy-winemakers/,true,true,false,,0,,,,1659,27,10,2,false,CRAWL_PRIORITY,"Quealy Winemakers, Balnarring · Peninsula Insider"
https://peninsulainsider.com.au/wine/red-hill-brewery/,/wine/red-hill-brewery/,/wine,detail,200,allowed,"index, follow, max-image-preview:large",false,https://peninsulainsider.com.au/wine/red-hill-brewery/,true,true,false,,0,,,,1753,5,3,2,false,CRAWL_PRIORITY,"Red Hill Brewery, Red Hill · Peninsula Insider"
https://peninsulainsider.com.au/wine/red-hill-estate/,/wine/red-hill-estate/,/wine,detail,200,allowed,"index, follow, max-image-preview:large",false,https://peninsulainsider.com.au/wine/red-hill-estate/,true,true,false,,0,,,,1579,18,10,2,false,CRAWL_PRIORITY,"Red Hill Estate, Red Hill · Peninsula Insider"
https://peninsulainsider.com.au/wine/red-hill-truffles/,/wine/red-hill-truffles/,/wine,redirect-stub,200,allowed,(none),false,https://peninsulainsider.com.au/explore/red-hill-truffles/,false,false,true,/explore/red-hill-truffles/,1,/explore/red-hill-truffles/,true,false,0,0,0,,true,MIGRATION_PENDING,Redirecting…
https://peninsulainsider.com.au/wine/red-hill/,/wine/red-hill/,/wine,detail,200,allowed,"index, follow, max-image-preview:large",false,https://peninsulainsider.com.au/wine/red-hill/,true,true,false,,0,,,,2614,8,6,2,false,CRAWL_PRIORITY,Red Hill Wineries · Mornington Peninsula · Peninsula Insider
https://peninsulainsider.com.au/wine/scorpo-wines/,/wine/scorpo-wines/,/wine,detail,200,allowed,"index, follow, max-image-preview:large",false,https://peninsulainsider.com.au/wine/scorpo-wines/,true,true,false,,0,,,,1568,15,6,2,false,CRAWL_PRIORITY,"Scorpo Wines, Merricks · Peninsula Insider"
https://peninsulainsider.com.au/wine/st-andrews-beach-brewery/,/wine/st-andrews-beach-brewery/,/wine,detail,200,allowed,"index, follow, max-image-preview:large",false,https://peninsulainsider.com.au/wine/st-andrews-beach-brewery/,true,true,false,,0,,,,1671,4,2,2,false,CRAWL_PRIORITY,"St Andrews Beach Brewery, Rye · Peninsula Insider"
https://peninsulainsider.com.au/wine/stonier-wines/,/wine/stonier-wines/,/wine,detail,200,allowed,"index, follow, max-image-preview:large",false,https://peninsulainsider.com.au/wine/stonier-wines/,true,true,false,,0,,,,1751,27,11,2,false,CRAWL_PRIORITY,"Stonier Wines, Merricks · Peninsula Insider"
https://peninsulainsider.com.au/wine/stumpy-gully-vineyard/,/wine/stumpy-gully-vineyard/,/wine,detail,200,allowed,"index, follow, max-image-preview:large",false,https://peninsulainsider.com.au/wine/stumpy-gully-vineyard/,true,true,false,,0,,,,1483,8,4,2,false,CRAWL_PRIORITY,"Stumpy Gully Vineyard, Moorooduc · Peninsula Insider"
https://peninsulainsider.com.au/wine/sunny-ridge-strawberry-farm/,/wine/sunny-ridge-strawberry-farm/,/wine,redirect-stub,200,allowed,(none),false,https://peninsulainsider.com.au/explore/sunny-ridge-strawberry-farm/,false,false,true,/explore/sunny-ridge-strawberry-farm/,1,/explore/sunny-ridge-strawberry-farm/,true,false,0,0,0,,true,MIGRATION_PENDING,Redirecting…
https://peninsulainsider.com.au/wine/t-gallant/,/wine/t-gallant/,/wine,detail,200,allowed,"index, follow, max-image-preview:large",false,https://peninsulainsider.com.au/wine/t-gallant/,true,true,false,,0,,,,1629,14,6,2,false,CRAWL_PRIORITY,"T&#39;Gallant, Main Ridge · Peninsula Insider"
https://peninsulainsider.com.au/wine/ten-minutes-by-tractor/,/wine/ten-minutes-by-tractor/,/wine,detail,200,allowed,"index, follow, max-image-preview:large",false,https://peninsulainsider.com.au/wine/ten-minutes-by-tractor/,true,true,false,,0,,,,1862,674,627,1,false,CRAWL_PRIORITY,"Ten Minutes by Tractor, Main Ridge · Peninsula Insider"
https://peninsulainsider.com.au/wine/trofeo-estate/,/wine/trofeo-estate/,/wine,detail,200,allowed,"index, follow, max-image-preview:large",false,https://peninsulainsider.com.au/wine/trofeo-estate/,true,true,false,,0,,,,1503,8,4,2,false,CRAWL_PRIORITY,"Trofeo Estate, Dromana · Peninsula Insider"
https://peninsulainsider.com.au/wine/tucks-ridge/,/wine/tucks-ridge/,/wine,detail,200,allowed,"index, follow, max-image-preview:large",false,https://peninsulainsider.com.au/wine/tucks-ridge/,true,true,false,,0,,,,1492,8,4,2,false,CRAWL_PRIORITY,"Tuck&#39;s Ridge, Red Hill · Peninsula Insider"
https://peninsulainsider.com.au/wine/two-bays-brewing/,/wine/two-bays-brewing/,/wine,detail,200,allowed,"index, follow, max-image-preview:large",false,https://peninsulainsider.com.au/wine/two-bays-brewing/,true,true,false,,0,,,,1639,4,2,2,false,CRAWL_PRIORITY,"Two Bays Brewing Co, Dromana · Peninsula Insider"
https://peninsulainsider.com.au/wine/willow-creek-vineyard/,/wine/willow-creek-vineyard/,/wine,detail,200,allowed,"index, follow, max-image-preview:large",false,https://peninsulainsider.com.au/wine/willow-creek-vineyard/,true,true,false,,0,,,,1611,13,8,2,false,CRAWL_PRIORITY,"Willow Creek Vineyard, Merricks · Peninsula Insider"
https://peninsulainsider.com.au/wine/wine-region/,/wine/wine-region/,/wine,detail,200,allowed,"index, follow, max-image-preview:large",false,https://peninsulainsider.com.au/wine/wine-region/,true,true,false,,0,,,,1607,1,1,2,false,CRAWL_PRIORITY,Mornington Peninsula Wine Region · Peninsula Insider
https://peninsulainsider.com.au/wine/yabby-lake/,/wine/yabby-lake/,/wine,detail,200,allowed,"index, follow, max-image-preview:large",false,https://peninsulainsider.com.au/wine/yabby-lake/,true,true,false,,0,,,,1749,19,10,2,false,CRAWL_PRIORITY,"Yabby Lake Vineyard, Tuerong · Peninsula Insider"
