url,path,tier,family,state,baseline_score,current_score,hard_gate,last_reviewed,next_action
https://peninsulainsider.com.au/,/,T1,home,in-remediation,67.5,97.75,No observed hard gate; provisional missing spoken assistive-tech assessment,2026-10-10,"Verify release; complete spoken assistive-tech task; retain measured mobile speed deduction. Three independent final scores95.25/97.75/97.75."
https://peninsulainsider.com.au/about/,/about/,T1,hub,unscored,,,,,Baseline page
https://peninsulainsider.com.au/ask/,/ask/,T1,hub,unscored,,,,,Baseline page
https://peninsulainsider.com.au/awards/,/awards/,T1,hub,unscored,,,,,Baseline page
https://peninsulainsider.com.au/boating/,/boating/,T1,hub,unscored,,,,,Baseline page
https://peninsulainsider.com.au/corporate-events/,/corporate-events/,T1,hub,unscored,,,,,Baseline page
https://peninsulainsider.com.au/dog-friendly/,/dog-friendly/,T1,hub,unscored,,,,,Baseline page
https://peninsulainsider.com.au/eat/,/eat/,T1,hub,provisional,67.25,93.25,No confirmed new primary-task hard gate; incomplete whole-field freshness and spoken assistive assessment keep acceptance provisional.,2026-10-09,"Verify this release live, then remediate measured critical stylesheet loading, remaining linked-guide/catalogue freshness and spoken assistive testing;99 remains open."
https://peninsulainsider.com.au/explore/,/explore/,T1,hub,unscored,,,,,Baseline page
https://peninsulainsider.com.au/explore/golf/,/explore/golf/,T1,hub,in-remediation,62.75,83.5,"Three independent graders reconciled exact public release 453dbcb/37331704030 to provisional 83.5/100. Scoped factual corrections are live; original image rights, broader record sources, normal-user booking, direct AT and field CWV/CLS remain open.",2026-10-06,"Detail visitor actions live; comparison recovery in protected release. Reconcile rights, full-record claims, booking, direct AT and field performance gates; retain 83.5 provisional hub score."
https://peninsulainsider.com.au/explore/places/,/explore/places/,T1,hub,unscored,,,,,Baseline page
https://peninsulainsider.com.au/explore/places/arthurs-seat/,/explore/places/arthurs-seat/,T1,place,unscored,,,,,Baseline page
https://peninsulainsider.com.au/explore/places/balnarring/,/explore/places/balnarring/,T1,place,unscored,,,,,Baseline page
https://peninsulainsider.com.au/explore/places/bittern/,/explore/places/bittern/,T1,place,unscored,,,,,Baseline page
https://peninsulainsider.com.au/explore/places/blairgowrie/,/explore/places/blairgowrie/,T1,place,unscored,,,,,Baseline page
https://peninsulainsider.com.au/explore/places/boneo/,/explore/places/boneo/,T1,place,in-remediation,,,Set16 exact live accepted at da58703/37144128210; CMS hero provenance, full rubric and AT remain open,2026-10-04
https://peninsulainsider.com.au/explore/places/cape-schanck/,/explore/places/cape-schanck/,T1,place,in-remediation,,,"Set17 exact live release accepted at e062db5/37147779530; full rights, independent 23-criterion, direct AT and field performance gates remain open.",2026-10-04,"Obtain rights-cleared hero evidence, direct AT/field checks and full independent 23-criterion regrade; do not claim 99."
https://peninsulainsider.com.au/explore/places/capel-sound/,/explore/places/capel-sound/,T1,place,in-remediation,,,"Bounded set15 live accepted; full rubric, assistive technology and field performance open",2026-10-04,"Complete full independent 23-criterion, assistive-technology and field-performance review"
https://peninsulainsider.com.au/explore/places/crib-point/,/explore/places/crib-point/,T1,place,unscored,,,,,Baseline page
https://peninsulainsider.com.au/explore/places/dromana/,/explore/places/dromana/,T1,place,in-remediation,,,"Set19 baseline: uncredited CMS hero and factual/locality errors; licensed hero/fact corrections live accepted at d3f580f/37176929345. Full rubric, direct AT, field performance and Shoreham beach-photo gate open.",2026-10-04,"Continue full 23-criterion review, direct AT, field performance and remaining media rights gates; score remains null."
https://peninsulainsider.com.au/explore/places/fingal/,/explore/places/fingal/,T1,place,in-remediation,,,"Task-path release live at 6644339/37191301289; Moonah locality and gallery iteration in validation; full 23-criterion AT, field performance, remaining factual/image gates open",2026-10-04,Validate scoped Fingal gallery/locality iteration; protected CI/live; independently regrade all 23 criteria. Score remains null
https://peninsulainsider.com.au/explore/places/flinders/,/explore/places/flinders/,T1,place,in-remediation,,,"Set20 safety and wayfinding correction live accepted at 3648637/37179870735; independent responsive GO. Hero rights, visible FAQ, direct AT, field performance and full rubric open.",2026-10-04,"Continue hero provenance, visible FAQ and full 23-criterion assessment; score remains null."
https://peninsulainsider.com.au/explore/places/hastings/,/explore/places/hastings/,T1,place,in-remediation,,,"Set20 safety, wayfinding and linked-market correction live accepted at 3648637/37179870735; independent responsive GO. Hero rights, visible FAQ, direct AT, field performance and full rubric open.",2026-10-04,"Continue hero provenance, visible FAQ and full 23-criterion assessment; score remains null."
https://peninsulainsider.com.au/explore/places/main-ridge/,/explore/places/main-ridge/,T1,place,in-remediation,,,"Set18 bounded live release accepted at 482ce6e/37171162408; full 23-criterion, direct AT, field performance and remaining rights/locality gates stay open. Admin hero hydration provenance follow-up live accepted at 8e8fef4/37173314691.",2026-10-04,Complete full independent rubric and remaining hard gates before assigning 99.
https://peninsulainsider.com.au/explore/places/mccrae/,/explore/places/mccrae/,T1,place,unscored,,,,,Baseline page
https://peninsulainsider.com.au/explore/places/merricks-beach/,/explore/places/merricks-beach/,T1,place,unscored,,,,,Baseline page
https://peninsulainsider.com.au/explore/places/merricks-north/,/explore/places/merricks-north/,T1,place,in-remediation,,,"Set18 bounded live release accepted at 482ce6e/37171162408; full 23-criterion, direct AT, field performance and remaining rights/locality gates stay open. Admin hero hydration provenance follow-up live accepted at 8e8fef4/37173314691.",2026-10-04,Complete full independent rubric and remaining hard gates before assigning 99.
https://peninsulainsider.com.au/explore/places/merricks/,/explore/places/merricks/,T1,place,in-remediation,,,"Set18 bounded live release accepted at 482ce6e/37171162408; full 23-criterion, direct AT, field performance and remaining rights/locality gates stay open.",2026-10-04,Verify hero provenance follow-up on exact public build where relevant; complete full independent rubric and hard gates before assigning 99.
https://peninsulainsider.com.au/explore/places/moorooduc/,/explore/places/moorooduc/,T1,place,in-remediation,,,"Set18 bounded live release accepted at 482ce6e/37171162408; full 23-criterion, direct AT, field performance and remaining rights/locality gates stay open.",2026-10-04,Verify hero provenance follow-up on exact public build where relevant; complete full independent rubric and hard gates before assigning 99.
https://peninsulainsider.com.au/explore/places/mornington/,/explore/places/mornington/,T1,place,in-remediation,,,"Set18 bounded live release accepted at 482ce6e/37171162408; full 23-criterion, direct AT, field performance and remaining rights/locality gates stay open.",2026-10-04,Verify hero provenance follow-up on exact public build where relevant; complete full independent rubric and hard gates before assigning 99.
https://peninsulainsider.com.au/explore/places/mount-eliza/,/explore/places/mount-eliza/,T1,place,in-remediation,,,"Set18 bounded live release accepted at 482ce6e/37171162408; full 23-criterion, direct AT, field performance and remaining rights/locality gates stay open.",2026-10-04,Verify hero provenance follow-up on exact public build where relevant; complete full independent rubric and hard gates before assigning 99.
https://peninsulainsider.com.au/explore/places/mount-martha/,/explore/places/mount-martha/,T1,place,unscored,,,,,Baseline page
https://peninsulainsider.com.au/explore/places/point-leo/,/explore/places/point-leo/,T1,place,unscored,,,,,Baseline page
https://peninsulainsider.com.au/explore/places/point-nepean/,/explore/places/point-nepean/,T1,place,unscored,,,,,Baseline page
https://peninsulainsider.com.au/explore/places/portsea/,/explore/places/portsea/,T1,place,unscored,,,,,Baseline page
https://peninsulainsider.com.au/explore/places/red-hill-south/,/explore/places/red-hill-south/,T1,place,in-remediation,,,"Set19 baseline: uncredited CMS hero and factual/locality errors; licensed hero/fact corrections live accepted at d3f580f/37176929345. Full rubric, direct AT, field performance and Shoreham beach-photo gate open.",2026-10-04,"Continue full 23-criterion review, direct AT, field performance and remaining media rights gates; score remains null."
https://peninsulainsider.com.au/explore/places/red-hill/,/explore/places/red-hill/,T1,place,in-remediation,,,"Set18 bounded live release accepted at 482ce6e/37171162408; full 23-criterion, direct AT, field performance and remaining rights/locality gates stay open.",2026-10-04,Verify hero provenance follow-up on exact public build where relevant; complete full independent rubric and hard gates before assigning 99.
https://peninsulainsider.com.au/explore/places/rosebud/,/explore/places/rosebud/,T1,place,unscored,,,,,Baseline page
https://peninsulainsider.com.au/explore/places/rye/,/explore/places/rye/,T1,place,in-remediation,,,"Set17 exact live release accepted at e062db5/37147779530; full rights, independent 23-criterion, direct AT and field performance gates remain open.",2026-10-04,"Obtain rights-cleared hero evidence, direct AT/field checks and full independent 23-criterion regrade; do not claim 99."
https://peninsulainsider.com.au/explore/places/safety-beach/,/explore/places/safety-beach/,T1,place,unscored,,,,,Baseline page
https://peninsulainsider.com.au/explore/places/shoreham/,/explore/places/shoreham/,T1,place,in-remediation,,,Set19 hero and facts live accepted at d3f580f/37176929345; linked set20 no-patrol FAQ live accepted at 3648637/37179870735. Full rubric and remaining media rights gates open.,2026-10-04,"Continue full 23-criterion review, direct AT, field performance and remaining media rights gates; score remains null."
https://peninsulainsider.com.au/explore/places/somers/,/explore/places/somers/,T1,place,unscored,,,,,Baseline page
https://peninsulainsider.com.au/explore/places/sorrento/,/explore/places/sorrento/,T1,place,unscored,,,,,Baseline page
https://peninsulainsider.com.au/explore/places/st-andrews-beach/,/explore/places/st-andrews-beach/,T1,place,in-remediation,,,"Set17 exact live release accepted at e062db5/37147779530; full rights, independent 23-criterion, direct AT and field performance gates remain open.",2026-10-04,"Obtain rights-cleared hero evidence, direct AT/field checks and full independent 23-criterion regrade; do not claim 99."
https://peninsulainsider.com.au/explore/places/stony-point/,/explore/places/stony-point/,T1,place,unscored,,,,,Baseline page
https://peninsulainsider.com.au/explore/places/tootgarook/,/explore/places/tootgarook/,T1,place,in-remediation,,,"Batch14 exact live accepted; linked-page rights, accessibility, factual audit, field performance and complete 23-criterion score remain open",2026-10-04,Continue linked destinations and full independent rubric; do not infer 99 from bounded review
https://peninsulainsider.com.au/explore/places/tuerong/,/explore/places/tuerong/,T1,place,unscored,,,,,Baseline page
https://peninsulainsider.com.au/explore/places/tyabb/,/explore/places/tyabb/,T1,place,unscored,,,,,Baseline page
https://peninsulainsider.com.au/explore/plans/,/explore/plans/,T1,hub,unscored,,,,,Baseline page
https://peninsulainsider.com.au/explore/regions/,/explore/regions/,T1,hub,unscored,,,,,Baseline page
https://peninsulainsider.com.au/fishing/,/fishing/,T1,hub,unscored,,,,,Baseline page
https://peninsulainsider.com.au/guides/,/guides/,T1,hub,unscored,,,,,Baseline page
https://peninsulainsider.com.au/journal/,/journal/,T1,hub,unscored,,,,,Baseline page
https://peninsulainsider.com.au/map/,/map/,T1,hub,unscored,,,,,Baseline page
https://peninsulainsider.com.au/stay/,/stay/,T1,hub,in-remediation,,,"Batch13 mobile filter fix live accepted on exact release 12ac8ab/37133457835; full 23-criterion facts, direct assistive technology, field performance and directory design remain open. Score null.",2026-10-04,Independent full regrade and next bounded Stay directory/facts set.
https://peninsulainsider.com.au/tour/,/tour/,T1,hub,unscored,,,,,Baseline page
https://peninsulainsider.com.au/weddings/,/weddings/,T1,hub,unscored,,,,,Baseline page
https://peninsulainsider.com.au/whats-on/,/whats-on/,T1,hub,in-remediation,,,"Live 2cb818b verified; CMS media/attribution bypass fixed across four routes with successful CMS GETs. Full AT, whole-feed rights/freshness and field performance remain open; no 99 acceptance.",2026-10-08,Add OLA organiser-attributed audience qualifier; scope-refresh Bloody Long Walk evidence; complete full independent review. Historical full scores 79.5 UX/85 facts/90 visual are not a current rescore.
https://peninsulainsider.com.au/whats-on/this-weekend/,/whats-on/this-weekend/,T1,hub,in-remediation,,,"Live 9c5f2230 retains dated no-JS edition warning; direct AT, rights reopening, field performance and full T1 review pending",2026-10-08,"Live 91.25/100 provisional; improve mobile card scan and date discovery, then complete AT, field performance and rights gates"
https://peninsulainsider.com.au/wine/,/wine/,T1,hub,unscored,,,,,Baseline page
https://peninsulainsider.com.au/agents/,/agents/,T2,guide-utility,unscored,,,,,Baseline page
https://peninsulainsider.com.au/careers/,/careers/,T2,guide-utility,unscored,,,,,Baseline page
https://peninsulainsider.com.au/contact/,/contact/,T2,guide-utility,unscored,,,,,Baseline page
https://peninsulainsider.com.au/corporate-events/best-corporate-retreat-venues-mornington-peninsula/,/corporate-events/best-corporate-retreat-venues-mornington-peninsula/,T2,guide-utility,unscored,,,,,Baseline page
https://peninsulainsider.com.au/dispatch/,/dispatch/,T2,guide-utility,unscored,,,,,Baseline page
https://peninsulainsider.com.au/eat/allis-wine-bar/,/eat/allis-wine-bar/,T2,eat,in-remediation,,,"Media treatment live verified; factual freshness, direct accessibility and complete 23-criterion evidence remain open.",2026-10-03,Verify current operator facts and complete independent 23-criterion public regrade; image/media treatment passed live acceptance.
https://peninsulainsider.com.au/eat/bakeries/,/eat/bakeries/,T2,eat,unscored,,,,,Baseline page
https://peninsulainsider.com.au/eat/balnarring-bakehouse/,/eat/balnarring-bakehouse/,T2,eat,in-remediation,,,"Media treatment live verified; factual freshness, direct accessibility and complete 23-criterion evidence remain open.",2026-10-03,Verify current operator facts and complete independent 23-criterion public regrade; image/media treatment passed live acceptance.
https://peninsulainsider.com.au/eat/balnarring-pub/,/eat/balnarring-pub/,T2,eat,in-remediation,,,"Media treatment live verified; factual freshness, direct accessibility and complete 23-criterion evidence remain open.",2026-10-03,Verify current operator facts and complete independent 23-criterion public regrade; image/media treatment passed live acceptance.
https://peninsulainsider.com.au/eat/barmah-park/,/eat/barmah-park/,T2,eat,in-remediation,,,"Media treatment live verified; factual freshness, direct accessibility and complete 23-criterion evidence remain open.",2026-10-03,Verify current operator facts and complete independent 23-criterion public regrade; image/media treatment passed live acceptance.
https://peninsulainsider.com.au/eat/barragunda-dining/,/eat/barragunda-dining/,T2,eat,in-remediation,,,"Media treatment live verified; factual freshness, direct accessibility and complete 23-criterion evidence remain open.",2026-10-03,Verify current operator facts and complete independent 23-criterion public regrade; image/media treatment passed live acceptance.
https://peninsulainsider.com.au/eat/best-restaurants/,/eat/best-restaurants/,T2,eat,unscored,,,,,Baseline page
https://peninsulainsider.com.au/eat/bistro-elba/,/eat/bistro-elba/,T2,eat,in-remediation,,,"Media treatment live verified; factual freshness, direct accessibility and complete 23-criterion evidence remain open.",2026-10-03,Verify current operator facts and complete independent 23-criterion public regrade; image/media treatment passed live acceptance.
https://peninsulainsider.com.au/eat/breweries/,/eat/breweries/,T2,eat,unscored,,,,,Baseline page
https://peninsulainsider.com.au/eat/brunch/,/eat/brunch/,T2,eat,unscored,,,,,Baseline page
https://peninsulainsider.com.au/eat/cafes/,/eat/cafes/,T2,eat,unscored,,,,,Baseline page
https://peninsulainsider.com.au/eat/cellar-door-lunch/,/eat/cellar-door-lunch/,T2,eat,unscored,,,,,Baseline page
https://peninsulainsider.com.au/eat/commonfolk-coffee/,/eat/commonfolk-coffee/,T2,eat,in-remediation,,,"Media treatment live verified; factual freshness, direct accessibility and complete 23-criterion evidence remain open.",2026-10-03,Verify current operator facts and complete independent 23-criterion public regrade; image/media treatment passed live acceptance.
https://peninsulainsider.com.au/eat/crittenden-restaurant/,/eat/crittenden-restaurant/,T2,eat,in-remediation,,,"Media treatment live verified; factual freshness, direct accessibility and complete 23-criterion evidence remain open.",2026-10-03,Verify current operator facts and complete independent 23-criterion public regrade; image/media treatment passed live acceptance.
https://peninsulainsider.com.au/eat/date-night/,/eat/date-night/,T2,eat,unscored,,,,,Baseline page
https://peninsulainsider.com.au/eat/distilleries/,/eat/distilleries/,T2,eat,unscored,,,,,Baseline page
https://peninsulainsider.com.au/eat/doot-doot-doot/,/eat/doot-doot-doot/,T2,eat,in-remediation,,,Place label says Red Hill while operator address is Merricks North; full rubric remains open.,2026-10-03,Verify current operator facts and complete independent 23-criterion public regrade; image/media treatment passed live acceptance.
https://peninsulainsider.com.au/eat/dromana-hotel/,/eat/dromana-hotel/,T2,eat,in-remediation,,,"Media treatment live verified; factual freshness, direct accessibility and complete 23-criterion evidence remain open.",2026-10-03,Verify current operator facts and complete independent 23-criterion public regrade; image/media treatment passed live acceptance.
https://peninsulainsider.com.au/eat/epicurean-red-hill/,/eat/epicurean-red-hill/,T2,eat,in-remediation,,,"Set18 bounded live release accepted at 482ce6e/37171162408; full 23-criterion, direct AT, field performance and remaining rights/locality gates stay open.",2026-10-04,Verify hero provenance follow-up on exact public build where relevant; complete full independent rubric and hard gates before assigning 99.
https://peninsulainsider.com.au/eat/family-friendly/,/eat/family-friendly/,T2,eat,unscored,,,,,Baseline page
https://peninsulainsider.com.au/eat/fine-dining/,/eat/fine-dining/,T2,eat,unscored,,,,,Baseline page
https://peninsulainsider.com.au/eat/flinders-general-store/,/eat/flinders-general-store/,T2,eat,in-remediation,,,"Media treatment live verified; factual freshness, direct accessibility and complete 23-criterion evidence remain open.",2026-10-03,Verify current operator facts and complete independent 23-criterion public regrade; image/media treatment passed live acceptance.
https://peninsulainsider.com.au/eat/flinders-sourdough/,/eat/flinders-sourdough/,T2,eat,in-remediation,,,"Media treatment live verified; factual freshness, direct accessibility and complete 23-criterion evidence remain open.",2026-10-03,Verify current operator facts and complete independent 23-criterion public regrade; image/media treatment passed live acceptance.
https://peninsulainsider.com.au/eat/green-olive-red-hill/,/eat/green-olive-red-hill/,T2,eat,in-remediation,,,"Media treatment live verified; factual freshness, direct accessibility and complete 23-criterion evidence remain open.",2026-10-03,Verify current operator facts and complete independent 23-criterion public regrade; image/media treatment passed live acceptance.
https://peninsulainsider.com.au/eat/hatted-restaurants/,/eat/hatted-restaurants/,T2,eat,unscored,,,,,Baseline page
https://peninsulainsider.com.au/eat/laura-pt-leo/,/eat/laura-pt-leo/,T2,eat,in-remediation,,,Current-sounding two-hat badge lacks a current-year independent award record; full rubric remains open.,2026-10-03,Verify current operator facts and complete independent 23-criterion public regrade; image/media treatment passed live acceptance.
https://peninsulainsider.com.au/eat/long-lunch/,/eat/long-lunch/,T2,eat,unscored,,,,,Baseline page
https://peninsulainsider.com.au/eat/main-ridge-dairy/,/eat/main-ridge-dairy/,T2,eat,in-remediation,,,"Media treatment live verified; factual freshness, direct accessibility and complete 23-criterion evidence remain open.",2026-10-03,Verify current operator facts and complete independent 23-criterion public regrade; image/media treatment passed live acceptance.
https://peninsulainsider.com.au/eat/many-little/,/eat/many-little/,T2,eat,in-remediation,,,"Set18 bounded live release accepted at 482ce6e/37171162408; full 23-criterion, direct AT, field performance and remaining rights/locality gates stay open.",2026-10-04,Verify hero provenance follow-up on exact public build where relevant; complete full independent rubric and hard gates before assigning 99.
https://peninsulainsider.com.au/eat/markets/,/eat/markets/,T2,eat,unscored,,,,,Baseline page
https://peninsulainsider.com.au/eat/martha-s-table/,/eat/martha-s-table/,T2,eat,in-remediation,,,"Media treatment live verified; factual freshness, direct accessibility and complete 23-criterion evidence remain open.",2026-10-03,Verify current operator facts and complete independent 23-criterion public regrade; image/media treatment passed live acceptance.
https://peninsulainsider.com.au/eat/merricks-general-wine-store/,/eat/merricks-general-wine-store/,T2,eat,in-remediation,,,"Media treatment live verified; factual freshness, direct accessibility and complete 23-criterion evidence remain open.",2026-10-03,Verify current operator facts and complete independent 23-criterion public regrade; image/media treatment passed live acceptance.
https://peninsulainsider.com.au/eat/moke-dining/,/eat/moke-dining/,T2,eat,in-remediation,,,"Media treatment live verified; factual freshness, direct accessibility and complete 23-criterion evidence remain open.",2026-10-03,Verify current operator facts and complete independent 23-criterion public regrade; image/media treatment passed live acceptance.
https://peninsulainsider.com.au/eat/mornington-farmers-market/,/eat/mornington-farmers-market/,T2,eat,in-remediation,,,"Set18 bounded live release accepted at 482ce6e/37171162408; full 23-criterion, direct AT, field performance and remaining rights/locality gates stay open.",2026-10-04,Verify hero provenance follow-up on exact public build where relevant; complete full independent rubric and hard gates before assigning 99.
https://peninsulainsider.com.au/eat/mornington-hotel/,/eat/mornington-hotel/,T2,eat,in-remediation,,,"Media treatment live verified; factual freshness, direct accessibility and complete 23-criterion evidence remain open.",2026-10-03,Verify current operator facts and complete independent 23-criterion public regrade; image/media treatment passed live acceptance.
https://peninsulainsider.com.au/eat/mornington-main-street-market/,/eat/mornington-main-street-market/,T2,eat,unscored,,,,,Baseline page
https://peninsulainsider.com.au/eat/mornington-peninsula-chocolates/,/eat/mornington-peninsula-chocolates/,T2,eat,in-remediation,,,"Media treatment live verified; factual freshness, direct accessibility and complete 23-criterion evidence remain open.",2026-10-03,Verify current operator facts and complete independent 23-criterion public regrade; image/media treatment passed live acceptance.
https://peninsulainsider.com.au/eat/mount-eliza-farmers-market/,/eat/mount-eliza-farmers-market/,T2,eat,unscored,,,,,Baseline page
https://peninsulainsider.com.au/eat/mr-vincenzos/,/eat/mr-vincenzos/,T2,eat,in-remediation,,,"Media treatment live verified; factual freshness, direct accessibility and complete 23-criterion evidence remain open.",2026-10-03,Verify current operator facts and complete independent 23-criterion public regrade; image/media treatment passed live acceptance.
https://peninsulainsider.com.au/eat/no-booking/,/eat/no-booking/,T2,eat,unscored,,,,,Baseline page
https://peninsulainsider.com.au/eat/paddock-to-plate/,/eat/paddock-to-plate/,T2,eat,unscored,,,,,Baseline page
https://peninsulainsider.com.au/eat/point-leo-wine-terrace/,/eat/point-leo-wine-terrace/,T2,eat,in-remediation,,,"Media treatment live verified; factual freshness, direct accessibility and complete 23-criterion evidence remain open.",2026-10-03,Verify current operator facts and complete independent 23-criterion public regrade; image/media treatment passed live acceptance.
https://peninsulainsider.com.au/eat/portsea-hotel/,/eat/portsea-hotel/,T2,eat,in-remediation,,,"Media treatment live verified; factual freshness, direct accessibility and complete 23-criterion evidence remain open.",2026-10-03,Verify current operator facts and complete independent 23-criterion public regrade; image/media treatment passed live acceptance.
https://peninsulainsider.com.au/eat/providores/,/eat/providores/,T2,eat,unscored,,,,,Baseline page
https://peninsulainsider.com.au/eat/pubs/,/eat/pubs/,T2,eat,unscored,,,,,Baseline page
https://peninsulainsider.com.au/eat/rare-hare/,/eat/rare-hare/,T2,eat,in-remediation,,,"Set18 bounded live release accepted at 482ce6e/37171162408; full 23-criterion, direct AT, field performance and remaining rights/locality gates stay open.",2026-10-04,Verify hero provenance follow-up on exact public build where relevant; complete full independent rubric and hard gates before assigning 99.
https://peninsulainsider.com.au/eat/red-gum-bbq/,/eat/red-gum-bbq/,T2,eat,in-remediation,,,"Media treatment live verified; factual freshness, direct accessibility and complete 23-criterion evidence remain open.",2026-10-03,Verify current operator facts and complete independent 23-criterion public regrade; image/media treatment passed live acceptance.
https://peninsulainsider.com.au/eat/red-hill-bakery/,/eat/red-hill-bakery/,T2,eat,in-remediation,,,"Media treatment live verified; factual freshness, direct accessibility and complete 23-criterion evidence remain open.",2026-10-03,Verify current operator facts and complete independent 23-criterion public regrade; image/media treatment passed live acceptance.
https://peninsulainsider.com.au/eat/rye-beachside-market/,/eat/rye-beachside-market/,T2,eat,unscored,,,,,Baseline page
https://peninsulainsider.com.au/eat/rye-hotel/,/eat/rye-hotel/,T2,eat,in-remediation,,,"Media treatment live verified; factual freshness, direct accessibility and complete 23-criterion evidence remain open.",2026-10-03,Verify current operator facts and complete independent 23-criterion public regrade; image/media treatment passed live acceptance.
https://peninsulainsider.com.au/eat/seafood/,/eat/seafood/,T2,eat,unscored,,,,,Baseline page
https://peninsulainsider.com.au/eat/somers-general/,/eat/somers-general/,T2,eat,in-remediation,,,"Media treatment live verified; factual freshness, direct accessibility and complete 23-criterion evidence remain open.",2026-10-03,Verify current operator facts and complete independent 23-criterion public regrade; image/media treatment passed live acceptance.
https://peninsulainsider.com.au/eat/sorrento-hotel/,/eat/sorrento-hotel/,T2,eat,in-remediation,,,"Media treatment live verified; factual freshness, direct accessibility and complete 23-criterion evidence remain open.",2026-10-03,Verify current operator facts and complete independent 23-criterion public regrade; image/media treatment passed live acceptance.
https://peninsulainsider.com.au/eat/stringers-sorrento/,/eat/stringers-sorrento/,T2,eat,in-remediation,,,"Media treatment live verified; factual freshness, direct accessibility and complete 23-criterion evidence remain open.",2026-10-03,Verify current operator facts and complete independent 23-criterion public regrade; image/media treatment passed live acceptance.
https://peninsulainsider.com.au/eat/tedesca-osteria/,/eat/tedesca-osteria/,T2,eat,in-remediation,,,"Media treatment live verified; factual freshness, direct accessibility and complete 23-criterion evidence remain open.",2026-10-03,Verify current operator facts and complete independent 23-criterion public regrade; image/media treatment passed live acceptance.
https://peninsulainsider.com.au/eat/the-baths-sorrento/,/eat/the-baths-sorrento/,T2,eat,in-remediation,,,"Media treatment live verified; factual freshness, direct accessibility and complete 23-criterion evidence remain open.",2026-10-03,Verify current operator facts and complete independent 23-criterion public regrade; image/media treatment passed live acceptance.
https://peninsulainsider.com.au/eat/the-bay-hotel-mornington/,/eat/the-bay-hotel-mornington/,T2,eat,in-remediation,,,"Media treatment live verified; factual freshness, direct accessibility and complete 23-criterion evidence remain open.",2026-10-03,Verify current operator facts and complete independent 23-criterion public regrade; image/media treatment passed live acceptance.
https://peninsulainsider.com.au/eat/the-rocks-mornington/,/eat/the-rocks-mornington/,T2,eat,in-remediation,,,"Media treatment live verified; factual freshness, direct accessibility and complete 23-criterion evidence remain open.",2026-10-03,Verify current operator facts and complete independent 23-criterion public regrade; image/media treatment passed live acceptance.
https://peninsulainsider.com.au/eat/waterfront/,/eat/waterfront/,T2,eat,unscored,,,,,Baseline page
https://peninsulainsider.com.au/explore/arthurs-seat-lookout/,/explore/arthurs-seat-lookout/,T2,guide-utility,unscored,,,,,Baseline page
https://peninsulainsider.com.au/explore/ashcombe-maze/,/explore/ashcombe-maze/,T2,guide-utility,unscored,,,,,Baseline page
https://peninsulainsider.com.au/explore/balnarring-beach/,/explore/balnarring-beach/,T2,guide-utility,unscored,,,,,Baseline page
https://peninsulainsider.com.au/explore/beaches/,/explore/beaches/,T2,guide-utility,unscored,,,,,Baseline page
https://peninsulainsider.com.au/explore/bushrangers-bay-walk/,/explore/bushrangers-bay-walk/,T2,guide-utility,unscored,,,,,Baseline page
https://peninsulainsider.com.au/explore/cape-schanck-boardwalk/,/explore/cape-schanck-boardwalk/,T2,guide-utility,unscored,,,,,Baseline page
https://peninsulainsider.com.au/explore/cape-schanck-lighthouse-walk/,/explore/cape-schanck-lighthouse-walk/,T2,guide-utility,unscored,,,,,Baseline page
https://peninsulainsider.com.au/explore/coastal-walk-cape-schanck/,/explore/coastal-walk-cape-schanck/,T2,guide-utility,unscored,,,,,Baseline page
https://peninsulainsider.com.au/explore/coppins-track/,/explore/coppins-track/,T2,guide-utility,unscored,,,,,Baseline page
https://peninsulainsider.com.au/explore/day-trips/,/explore/day-trips/,T2,guide-utility,unscored,,,,,Baseline page
https://peninsulainsider.com.au/explore/dromana-beach/,/explore/dromana-beach/,T2,guide-utility,unscored,,,,,Baseline page
https://peninsulainsider.com.au/explore/eagle-ridge-golf-course/,/explore/eagle-ridge-golf-course/,T2,guide-utility,in-remediation,,,"Full-record facts, image rights, direct AT, booking and field CWV/CLS evidence open; full score withheld.",2026-10-06,Iteration10 first-screen action live; iteration11 comparison recovery in protected release. Complete individual 23-criterion T2 evidence and clear hard gates.
https://peninsulainsider.com.au/explore/family-friendly/,/explore/family-friendly/,T2,guide-utility,unscored,,,,,Baseline page
https://peninsulainsider.com.au/explore/farnsworth-track/,/explore/farnsworth-track/,T2,guide-utility,unscored,,,,,Baseline page
https://peninsulainsider.com.au/explore/flinders-golf-club/,/explore/flinders-golf-club/,T2,guide-utility,in-remediation,,,"Full-record facts, image rights, direct AT, booking and field CWV/CLS evidence open; full score withheld. Historical flag to recheck against current live page: Golf hub calls Flinders nine holes though operator publishes 18-hole visitor rounds",2026-10-06,Iteration10 first-screen action live; iteration11 comparison recovery in protected release. Complete individual 23-criterion T2 evidence and clear hard gates.
https://peninsulainsider.com.au/explore/getting-around/,/explore/getting-around/,T2,guide-utility,unscored,,,,,Baseline page
https://peninsulainsider.com.au/explore/getting-here/,/explore/getting-here/,T2,guide-utility,unscored,,,,,Baseline page
https://peninsulainsider.com.au/explore/greens-bush-two-bays-section/,/explore/greens-bush-two-bays-section/,T2,guide-utility,unscored,,,,,Baseline page
https://peninsulainsider.com.au/explore/gunnamatta-ocean-beach/,/explore/gunnamatta-ocean-beach/,T2,guide-utility,unscored,,,,,Baseline page
https://peninsulainsider.com.au/explore/hot-springs/,/explore/hot-springs/,T2,guide-utility,unscored,,,,,Baseline page
https://peninsulainsider.com.au/explore/map/,/explore/map/,T2,guide-utility,unscored,,,,,Baseline page
https://peninsulainsider.com.au/explore/markets/,/explore/markets/,T2,guide-utility,in-remediation,,,"Set18 bounded live release accepted at 482ce6e/37171162408; full 23-criterion, direct AT, field performance and remaining rights/locality gates stay open.",2026-10-04,Verify hero provenance follow-up on exact public build where relevant; complete full independent rubric and hard gates before assigning 99.
https://peninsulainsider.com.au/explore/montalto-sculpture-trail/,/explore/montalto-sculpture-trail/,T2,guide-utility,unscored,,,,,Baseline page
https://peninsulainsider.com.au/explore/moonah-links/,/explore/moonah-links/,T2,guide-utility,in-remediation,,,"Full-record facts, image rights, direct AT, booking and field CWV/CLS evidence open; full score withheld. Historical flag to recheck against current live page: Public page assigns Moonah Links to Cape Schanck despite operator contact address in Fingal",2026-10-06,Iteration10 first-screen action live; iteration11 comparison recovery in protected release. Complete individual 23-criterion T2 evidence and clear hard gates.
https://peninsulainsider.com.au/explore/mornington-foreshore-walk/,/explore/mornington-foreshore-walk/,T2,guide-utility,unscored,,,,,Baseline page
https://peninsulainsider.com.au/explore/mornington-golf-club/,/explore/mornington-golf-club/,T2,guide-utility,in-remediation,,,"Full-record facts, image rights, direct AT, booking and field CWV/CLS evidence open; full score withheld.",2026-10-06,Iteration10 first-screen action live; iteration11 comparison recovery in protected release. Complete individual 23-criterion T2 evidence and clear hard gates.
https://peninsulainsider.com.au/explore/mornington-peninsula-gallery/,/explore/mornington-peninsula-gallery/,T2,guide-utility,unscored,,,,,Baseline page
https://peninsulainsider.com.au/explore/mount-martha-beach/,/explore/mount-martha-beach/,T2,guide-utility,unscored,,,,,Baseline page
https://peninsulainsider.com.au/explore/plans/corporate-events-how-to-plan-peninsula-retreat/,/explore/plans/corporate-events-how-to-plan-peninsula-retreat/,T2,plan,unscored,,,,,Baseline page
https://peninsulainsider.com.au/explore/plans/flinders-and-cape-reset/,/explore/plans/flinders-and-cape-reset/,T2,plan,unscored,,,,,Baseline page
https://peninsulainsider.com.au/explore/plans/how-to-build-a-red-hill-saturday/,/explore/plans/how-to-build-a-red-hill-saturday/,T2,plan,unscored,,,,,Baseline page
https://peninsulainsider.com.au/explore/plans/how-to-plan-a-peninsula-weekend/,/explore/plans/how-to-plan-a-peninsula-weekend/,T2,plan,unscored,,,,,Baseline page
https://peninsulainsider.com.au/explore/plans/mornington-day-guide/,/explore/plans/mornington-day-guide/,T2,plan,unscored,,,,,Baseline page
https://peninsulainsider.com.au/explore/plans/mornington-peninsula-golf-stay-and-play/,/explore/plans/mornington-peninsula-golf-stay-and-play/,T2,plan,unscored,,,,,Baseline page
https://peninsulainsider.com.au/explore/plans/mornington-peninsula-stay-and-soak/,/explore/plans/mornington-peninsula-stay-and-soak/,T2,plan,unscored,,,,,Baseline page
https://peninsulainsider.com.au/explore/plans/one-more-hour-after-five-peninsula/,/explore/plans/one-more-hour-after-five-peninsula/,T2,plan,unscored,,,,,Baseline page
https://peninsulainsider.com.au/explore/plans/ridge-to-sea-two-night-escape/,/explore/plans/ridge-to-sea-two-night-escape/,T2,plan,unscored,,,,,Baseline page
https://peninsulainsider.com.au/explore/plans/sorrento-off-season-weekend/,/explore/plans/sorrento-off-season-weekend/,T2,plan,unscored,,,,,Baseline page
https://peninsulainsider.com.au/explore/plans/the-birthday-weekend/,/explore/plans/the-birthday-weekend/,T2,plan,unscored,,,,,Baseline page
https://peninsulainsider.com.au/explore/plans/the-couples-weekend/,/explore/plans/the-couples-weekend/,T2,plan,unscored,,,,,Baseline page
https://peninsulainsider.com.au/explore/plans/the-easter-peninsula/,/explore/plans/the-easter-peninsula/,T2,plan,unscored,,,,,Baseline page
https://peninsulainsider.com.au/explore/plans/the-family-day-out/,/explore/plans/the-family-day-out/,T2,plan,unscored,,,,,Baseline page
https://peninsulainsider.com.au/explore/plans/the-four-hour-peninsula/,/explore/plans/the-four-hour-peninsula/,T2,plan,unscored,,,,,Baseline page
https://peninsulainsider.com.au/explore/plans/the-friday-night-arrival/,/explore/plans/the-friday-night-arrival/,T2,plan,unscored,,,,,Baseline page
https://peninsulainsider.com.au/explore/plans/the-market-saturday/,/explore/plans/the-market-saturday/,T2,plan,in-remediation,,,"Set18 bounded live release accepted at 482ce6e/37171162408; full 23-criterion, direct AT, field performance and remaining rights/locality gates stay open.",2026-10-04,Verify hero provenance follow-up on exact public build where relevant; complete full independent rubric and hard gates before assigning 99.
https://peninsulainsider.com.au/explore/plans/the-one-booking-peninsula-day/,/explore/plans/the-one-booking-peninsula-day/,T2,plan,unscored,,,,,Baseline page
https://peninsulainsider.com.au/explore/plans/the-one-night-escape/,/explore/plans/the-one-night-escape/,T2,plan,in-remediation,,,Production release and phone/desktop smoke accepted; full 23-criterion review pending,2026-10-03,"Complete live rights, assistive-tech, speed and stability checks and independently regrade every rubric criterion"
https://peninsulainsider.com.au/explore/plans/the-peninsula-golf-weekend/,/explore/plans/the-peninsula-golf-weekend/,T2,plan,unscored,,,,,Baseline page
https://peninsulainsider.com.au/explore/plans/the-peninsula-orientation-drive/,/explore/plans/the-peninsula-orientation-drive/,T2,plan,unscored,,,,,Baseline page
https://peninsulainsider.com.au/explore/plans/the-peninsula-picnic/,/explore/plans/the-peninsula-picnic/,T2,plan,unscored,,,,,Baseline page
https://peninsulainsider.com.au/explore/plans/the-point-nepean-half-day/,/explore/plans/the-point-nepean-half-day/,T2,plan,unscored,,,,,Baseline page
https://peninsulainsider.com.au/explore/plans/the-producer-trail/,/explore/plans/the-producer-trail/,T2,plan,unscored,,,,,Baseline page
https://peninsulainsider.com.au/explore/plans/the-pub-crawl/,/explore/plans/the-pub-crawl/,T2,plan,unscored,,,,,Baseline page
https://peninsulainsider.com.au/explore/plans/the-school-holidays-survival-guide/,/explore/plans/the-school-holidays-survival-guide/,T2,plan,unscored,,,,,Baseline page
https://peninsulainsider.com.au/explore/plans/the-thermal-springs-weekend/,/explore/plans/the-thermal-springs-weekend/,T2,plan,unscored,,,,,Baseline page
https://peninsulainsider.com.au/explore/plans/walks-cape-schanck-hot-springs-day/,/explore/plans/walks-cape-schanck-hot-springs-day/,T2,plan,unscored,,,,,Baseline page
https://peninsulainsider.com.au/explore/plans/weddings-mornington-peninsula-weekend-planning/,/explore/plans/weddings-mornington-peninsula-weekend-planning/,T2,plan,unscored,,,,,Baseline page
https://peninsulainsider.com.au/explore/plans/wellness-weekend/,/explore/plans/wellness-weekend/,T2,plan,unscored,,,,,Baseline page
https://peninsulainsider.com.au/explore/point-nepean-fort-walk/,/explore/point-nepean-fort-walk/,T2,guide-utility,unscored,,,,,Baseline page
https://peninsulainsider.com.au/explore/point-nepean-national-park/,/explore/point-nepean-national-park/,T2,guide-utility,unscored,,,,,Baseline page
https://peninsulainsider.com.au/explore/portsea-front-beach/,/explore/portsea-front-beach/,T2,guide-utility,unscored,,,,,Baseline page
https://peninsulainsider.com.au/explore/portsea-golf-club/,/explore/portsea-golf-club/,T2,guide-utility,in-remediation,,,"Full-record facts, image rights, direct AT, booking and field CWV/CLS evidence open; full score withheld. Historical flag to recheck against current live page: Public record says private-only despite operator publishing limited nonmember green-fee times",2026-10-06,Iteration10 first-screen action live; iteration11 comparison recovery in protected release. Complete individual 23-criterion T2 evidence and clear hard gates.
https://peninsulainsider.com.au/explore/pt-leo-sculpture-park/,/explore/pt-leo-sculpture-park/,T2,guide-utility,unscored,,,,,Baseline page
https://peninsulainsider.com.au/explore/racv-cape-schanck-golf-course/,/explore/racv-cape-schanck-golf-course/,T2,guide-utility,in-remediation,,,"Full-record facts, image rights, direct AT, booking and field CWV/CLS evidence open; full score withheld.",2026-10-06,Iteration10 first-screen action live; iteration11 comparison recovery in protected release. Complete individual 23-criterion T2 evidence and clear hard gates.
https://peninsulainsider.com.au/explore/rainy-day/,/explore/rainy-day/,T2,guide-utility,unscored,,,,,Baseline page
https://peninsulainsider.com.au/explore/red-hill-hinterland-cycling/,/explore/red-hill-hinterland-cycling/,T2,guide-utility,unscored,,,,,Baseline page
https://peninsulainsider.com.au/explore/red-hill-truffles/,/explore/red-hill-truffles/,T2,guide-utility,unscored,,,,,Baseline page
https://peninsulainsider.com.au/explore/regions/mornington-bay-coast/,/explore/regions/mornington-bay-coast/,T2,guide-utility,unscored,,,,,Baseline page
https://peninsulainsider.com.au/explore/regions/ocean-coast/,/explore/regions/ocean-coast/,T2,guide-utility,unscored,,,,,Baseline page
https://peninsulainsider.com.au/explore/regions/peninsula-tip/,/explore/regions/peninsula-tip/,T2,guide-utility,unscored,,,,,Baseline page
https://peninsulainsider.com.au/explore/regions/red-hill-wine-country/,/explore/regions/red-hill-wine-country/,T2,guide-utility,in-remediation,,,Linked set19 regional caption/image correction live accepted at d3f580f/37176929345; broad region hero and full rubric remain open.,2026-10-04,Independently assess all 23 criteria and remaining hard gates; score remains null.
https://peninsulainsider.com.au/explore/regions/western-port/,/explore/regions/western-port/,T2,guide-utility,unscored,,,,,Baseline page
https://peninsulainsider.com.au/explore/rosebud-country-club/,/explore/rosebud-country-club/,T2,guide-utility,in-remediation,,,"Full-record facts, image rights, direct AT, booking and field CWV/CLS evidence open; full score withheld.",2026-10-06,Iteration10 first-screen action live; iteration11 comparison recovery in protected release. Complete individual 23-criterion T2 evidence and clear hard gates.
https://peninsulainsider.com.au/explore/rye-ocean-beach/,/explore/rye-ocean-beach/,T2,guide-utility,unscored,,,,,Baseline page
https://peninsulainsider.com.au/explore/safety-beach-foreshore/,/explore/safety-beach-foreshore/,T2,guide-utility,unscored,,,,,Baseline page
https://peninsulainsider.com.au/explore/sea-search-encounters/,/explore/sea-search-encounters/,T2,guide-utility,unscored,,,,,Baseline page
https://peninsulainsider.com.au/explore/sorrento-back-beach/,/explore/sorrento-back-beach/,T2,guide-utility,unscored,,,,,Baseline page
https://peninsulainsider.com.au/explore/sorrento-ferry/,/explore/sorrento-ferry/,T2,guide-utility,unscored,,,,,Baseline page
https://peninsulainsider.com.au/explore/sorrento-golf-club/,/explore/sorrento-golf-club/,T2,guide-utility,in-remediation,,,"Full-record facts, image rights, direct AT, booking and field CWV/CLS evidence open; full score withheld.",2026-10-06,Iteration10 first-screen action live; iteration11 comparison recovery in protected release. Complete individual 23-criterion T2 evidence and clear hard gates.
https://peninsulainsider.com.au/explore/sorrento-ocean-baths/,/explore/sorrento-ocean-baths/,T2,guide-utility,unscored,,,,,Baseline page
https://peninsulainsider.com.au/explore/spas-and-wellness/,/explore/spas-and-wellness/,T2,guide-utility,in-remediation,,,"Set18 bounded live release accepted at 482ce6e/37171162408; full 23-criterion, direct AT, field performance and remaining rights/locality gates stay open.",2026-10-04,Verify hero provenance follow-up on exact public build where relevant; complete full independent rubric and hard gates before assigning 99.
https://peninsulainsider.com.au/explore/st-andrews-beach-golf-course/,/explore/st-andrews-beach-golf-course/,T2,guide-utility,in-remediation,,,"Full-record facts, image rights, direct AT, booking and field CWV/CLS evidence open; full score withheld. Historical flag to recheck against current live page: Fingal locality candidate remains; golf record also renders an internal ranking-verification placeholder",2026-10-06,Iteration10 first-screen action live; iteration11 comparison recovery in protected release. Complete individual 23-criterion T2 evidence and clear hard gates.
https://peninsulainsider.com.au/explore/summit-circuit-arthurs-seat/,/explore/summit-circuit-arthurs-seat/,T2,guide-utility,unscored,,,,,Baseline page
https://peninsulainsider.com.au/explore/sunny-ridge-strawberry-farm/,/explore/sunny-ridge-strawberry-farm/,T2,guide-utility,unscored,,,,,Baseline page
https://peninsulainsider.com.au/explore/the-dunes-golf-links/,/explore/the-dunes-golf-links/,T2,guide-utility,in-remediation,,,"Full-record facts, image rights, direct AT, booking and field CWV/CLS evidence open; full score withheld.",2026-10-06,Iteration10 first-screen action live; iteration11 comparison recovery in protected release. Complete individual 23-criterion T2 evidence and clear hard gates.
https://peninsulainsider.com.au/explore/the-national-golf-club/,/explore/the-national-golf-club/,T2,guide-utility,in-remediation,,,"Full-record facts, image rights, direct AT, booking and field CWV/CLS evidence open; full score withheld. Historical flag to recheck against current live page: Public National record address and visitor eligibility incomplete",2026-10-06,Iteration10 first-screen action live; iteration11 comparison recovery in protected release. Complete individual 23-criterion T2 evidence and clear hard gates.
https://peninsulainsider.com.au/explore/things-to-do/,/explore/things-to-do/,T2,guide-utility,in-remediation,,,Public golf paragraph wrongly says The National public-access and Moonah in Cape Schanck; factual correction in validation,2026-10-04,Validate corrected golf access/locality and schema through CI/live; then complete independent T2 baseline
https://peninsulainsider.com.au/explore/two-bays-walking-track/,/explore/two-bays-walking-track/,T2,guide-utility,unscored,,,,,Baseline page
https://peninsulainsider.com.au/explore/walks/,/explore/walks/,T2,guide-utility,unscored,,,,,Baseline page
https://peninsulainsider.com.au/explore/weekend-trips/,/explore/weekend-trips/,T2,guide-utility,unscored,,,,,Baseline page
https://peninsulainsider.com.au/journal/a-flinders-weekend/,/journal/a-flinders-weekend/,T2,journal,unscored,,,,,Baseline page
https://peninsulainsider.com.au/journal/a-winter-peninsula-weekend/,/journal/a-winter-peninsula-weekend/,T2,journal,unscored,,,,,Baseline page
https://peninsulainsider.com.au/journal/area-guide-dromana/,/journal/area-guide-dromana/,T2,journal,unscored,,,,,Baseline page
https://peninsulainsider.com.au/journal/area-guide-flinders/,/journal/area-guide-flinders/,T2,journal,unscored,,,,,Baseline page
https://peninsulainsider.com.au/journal/area-guide-main-ridge/,/journal/area-guide-main-ridge/,T2,journal,in-remediation,,,"Linked set19 locality, image provenance or operator-access fix live accepted at d3f580f/37176929345; full 23-criterion score open.",2026-10-04,Independently assess all 23 criteria and remaining hard gates; score remains null.
https://peninsulainsider.com.au/journal/area-guide-merricks/,/journal/area-guide-merricks/,T2,journal,unscored,,,,,Baseline page
https://peninsulainsider.com.au/journal/area-guide-portsea/,/journal/area-guide-portsea/,T2,journal,unscored,,,,,Baseline page
https://peninsulainsider.com.au/journal/area-guide-red-hill/,/journal/area-guide-red-hill/,T2,journal,unscored,,,,,Baseline page
https://peninsulainsider.com.au/journal/arthurs-seat-eagle-visitor-guide/,/journal/arthurs-seat-eagle-visitor-guide/,T2,journal,unscored,,,,,Baseline page
https://peninsulainsider.com.au/journal/ashcombe-maze-visitor-guide/,/journal/ashcombe-maze-visitor-guide/,T2,journal,unscored,,,,,Baseline page
https://peninsulainsider.com.au/journal/autumn-weekend-edit/,/journal/autumn-weekend-edit/,T2,journal,unscored,,,,,Baseline page
https://peninsulainsider.com.au/journal/best-brunch-mornington-peninsula/,/journal/best-brunch-mornington-peninsula/,T2,journal,unscored,,,,,Baseline page
https://peninsulainsider.com.au/journal/best-towns-to-base-yourself-with-a-dog-mornington-peninsula/,/journal/best-towns-to-base-yourself-with-a-dog-mornington-peninsula/,T2,journal,unscored,,,,,Baseline page
https://peninsulainsider.com.au/journal/boat-moorings-berths-mornington-peninsula/,/journal/boat-moorings-berths-mornington-peninsula/,T2,journal,unscored,,,,,Baseline page
https://peninsulainsider.com.au/journal/breakfast-before-the-crowds/,/journal/breakfast-before-the-crowds/,T2,journal,unscored,,,,,Baseline page
https://peninsulainsider.com.au/journal/cape-schanck-guide/,/journal/cape-schanck-guide/,T2,journal,unscored,,,,,Baseline page
https://peninsulainsider.com.au/journal/cellar-door/,/journal/cellar-door/,T2,journal,unscored,,,,,Baseline page
https://peninsulainsider.com.au/journal/corporate-events-red-hill-vs-sorrento/,/journal/corporate-events-red-hill-vs-sorrento/,T2,journal,unscored,,,,,Baseline page
https://peninsulainsider.com.au/journal/dog-daycare-boarding-groomers-pet-shops-mornington-peninsula/,/journal/dog-daycare-boarding-groomers-pet-shops-mornington-peninsula/,T2,journal,unscored,,,,,Baseline page
https://peninsulainsider.com.au/journal/dog-friendly-accommodation-mornington-peninsula/,/journal/dog-friendly-accommodation-mornington-peninsula/,T2,journal,unscored,,,,,Baseline page
https://peninsulainsider.com.au/journal/dog-friendly-beaches-mornington-peninsula/,/journal/dog-friendly-beaches-mornington-peninsula/,T2,journal,unscored,,,,,Baseline page
https://peninsulainsider.com.au/journal/dog-friendly-cafes-pubs-wineries-mornington-peninsula/,/journal/dog-friendly-cafes-pubs-wineries-mornington-peninsula/,T2,journal,unscored,,,,,Baseline page
https://peninsulainsider.com.au/journal/dog-friendly-mornington-peninsula/,/journal/dog-friendly-mornington-peninsula/,T2,journal,unscored,,,,,Baseline page
https://peninsulainsider.com.au/journal/dog-friendly-wineries-mornington-peninsula/,/journal/dog-friendly-wineries-mornington-peninsula/,T2,journal,unscored,,,,,Baseline page
https://peninsulainsider.com.au/journal/emergency-vet-pet-help-mornington-peninsula/,/journal/emergency-vet-pet-help-mornington-peninsula/,T2,journal,unscored,,,,,Baseline page
https://peninsulainsider.com.au/journal/first-time-peninsula/,/journal/first-time-peninsula/,T2,journal,unscored,,,,,Baseline page
https://peninsulainsider.com.au/journal/free-things-to-do-mornington-peninsula/,/journal/free-things-to-do-mornington-peninsula/,T2,journal,unscored,,,,,Baseline page
https://peninsulainsider.com.au/journal/hatted-restaurants-mornington-peninsula-2025/,/journal/hatted-restaurants-mornington-peninsula-2025/,T2,journal,unscored,,,,,Baseline page
https://peninsulainsider.com.au/journal/indoor-play-mornington-peninsula/,/journal/indoor-play-mornington-peninsula/,T2,journal,unscored,,,,,Baseline page
https://peninsulainsider.com.au/journal/insider-picks-2026-07-05/,/journal/insider-picks-2026-07-05/,T2,journal,unscored,,,,,Baseline page
https://peninsulainsider.com.au/journal/insider-picks-2026-07-24/,/journal/insider-picks-2026-07-24/,T2,journal,unscored,,,,,Baseline page
https://peninsulainsider.com.au/journal/insider-picks-2026-07-25/,/journal/insider-picks-2026-07-25/,T2,journal,unscored,,,,,Baseline page
https://peninsulainsider.com.au/journal/insider-picks-2026-07-27/,/journal/insider-picks-2026-07-27/,T2,journal,unscored,,,,,Baseline page
https://peninsulainsider.com.au/journal/insider-picks-2026-07-28/,/journal/insider-picks-2026-07-28/,T2,journal,unscored,,,,,Baseline page
https://peninsulainsider.com.au/journal/insider-picks-2026-07-29/,/journal/insider-picks-2026-07-29/,T2,journal,unscored,,,,,Baseline page
https://peninsulainsider.com.au/journal/insider-picks-2026-07-30/,/journal/insider-picks-2026-07-30/,T2,journal,unscored,,,,,Baseline page
https://peninsulainsider.com.au/journal/insider-picks-2026-07-31/,/journal/insider-picks-2026-07-31/,T2,journal,unscored,,,,,Baseline page
https://peninsulainsider.com.au/journal/insider-picks-2026-08-01/,/journal/insider-picks-2026-08-01/,T2,journal,unscored,,,,,Baseline page
https://peninsulainsider.com.au/journal/insider-picks-2026-08-02/,/journal/insider-picks-2026-08-02/,T2,journal,unscored,,,,,Baseline page
https://peninsulainsider.com.au/journal/insider-picks-2026-08-06/,/journal/insider-picks-2026-08-06/,T2,journal,unscored,,,,,Baseline page
https://peninsulainsider.com.au/journal/insider-picks-2026-08-09/,/journal/insider-picks-2026-08-09/,T2,journal,unscored,,,,,Baseline page
https://peninsulainsider.com.au/journal/insider-picks-2026-08-10/,/journal/insider-picks-2026-08-10/,T2,journal,unscored,,,,,Baseline page
https://peninsulainsider.com.au/journal/insider-picks-2026-08-12/,/journal/insider-picks-2026-08-12/,T2,journal,unscored,,,,,Baseline page
https://peninsulainsider.com.au/journal/insider-picks-2026-08-17/,/journal/insider-picks-2026-08-17/,T2,journal,unscored,,,,,Baseline page
https://peninsulainsider.com.au/journal/insider-picks-2026-08-27/,/journal/insider-picks-2026-08-27/,T2,journal,unscored,,,,,Baseline page
https://peninsulainsider.com.au/journal/insider-picks-2026-09-01/,/journal/insider-picks-2026-09-01/,T2,journal,unscored,,,,,Baseline page
https://peninsulainsider.com.au/journal/insider-picks-2026-09-02/,/journal/insider-picks-2026-09-02/,T2,journal,unscored,,,,,Baseline page
https://peninsulainsider.com.au/journal/insider-picks-2026-09-04/,/journal/insider-picks-2026-09-04/,T2,journal,unscored,,,,,Baseline page
https://peninsulainsider.com.au/journal/insider-picks-2026-09-05/,/journal/insider-picks-2026-09-05/,T2,journal,unscored,,,,,Baseline page
https://peninsulainsider.com.au/journal/insider-picks-2026-09-06/,/journal/insider-picks-2026-09-06/,T2,journal,unscored,,,,,Baseline page
https://peninsulainsider.com.au/journal/insider-picks-2026-09-07/,/journal/insider-picks-2026-09-07/,T2,journal,unscored,,,,,Baseline page
https://peninsulainsider.com.au/journal/insider-picks-2026-09-08/,/journal/insider-picks-2026-09-08/,T2,journal,unscored,,,,,Baseline page
https://peninsulainsider.com.au/journal/insider-picks-2026-09-09/,/journal/insider-picks-2026-09-09/,T2,journal,unscored,,,,,Baseline page
https://peninsulainsider.com.au/journal/insider-picks-2026-09-10/,/journal/insider-picks-2026-09-10/,T2,journal,unscored,,,,,Baseline page
https://peninsulainsider.com.au/journal/insider-picks-2026-09-11/,/journal/insider-picks-2026-09-11/,T2,journal,unscored,,,,,Baseline page
https://peninsulainsider.com.au/journal/insider-picks-2026-09-12/,/journal/insider-picks-2026-09-12/,T2,journal,unscored,,,,,Baseline page
https://peninsulainsider.com.au/journal/insider-picks-2026-09-13/,/journal/insider-picks-2026-09-13/,T2,journal,unscored,,,,,Baseline page
https://peninsulainsider.com.au/journal/insider-picks-2026-09-14/,/journal/insider-picks-2026-09-14/,T2,journal,unscored,,,,,Baseline page
https://peninsulainsider.com.au/journal/insider-picks-2026-09-15/,/journal/insider-picks-2026-09-15/,T2,journal,unscored,,,,,Baseline page
https://peninsulainsider.com.au/journal/insider-picks-2026-09-16/,/journal/insider-picks-2026-09-16/,T2,journal,unscored,,,,,Baseline page
https://peninsulainsider.com.au/journal/insider-picks-2026-09-17/,/journal/insider-picks-2026-09-17/,T2,journal,unscored,,,,,Baseline page
https://peninsulainsider.com.au/journal/insider-picks-2026-09-19/,/journal/insider-picks-2026-09-19/,T2,journal,unscored,,,,,Baseline page
https://peninsulainsider.com.au/journal/insider-picks-2026-09-20/,/journal/insider-picks-2026-09-20/,T2,journal,unscored,,,,,Baseline page
https://peninsulainsider.com.au/journal/insider-picks-2026-09-23/,/journal/insider-picks-2026-09-23/,T2,journal,unscored,,,,,Baseline page
https://peninsulainsider.com.au/journal/insider-picks-2026-09-24/,/journal/insider-picks-2026-09-24/,T2,journal,unscored,,,,,Baseline page
https://peninsulainsider.com.au/journal/insider-picks-2026-09-27/,/journal/insider-picks-2026-09-27/,T2,journal,unscored,,,,,Baseline page
https://peninsulainsider.com.au/journal/insider-picks-2026-09-28/,/journal/insider-picks-2026-09-28/,T2,journal,unscored,,,,,Baseline page
https://peninsulainsider.com.au/journal/insider-picks-2026-09-29/,/journal/insider-picks-2026-09-29/,T2,journal,unscored,,,,,Baseline page
https://peninsulainsider.com.au/journal/insider-picks-2026-09-30/,/journal/insider-picks-2026-09-30/,T2,journal,unscored,,,,,Baseline page
https://peninsulainsider.com.au/journal/insider-picks-2026-10-01/,/journal/insider-picks-2026-10-01/,T2,journal,unscored,,,,,Baseline page
https://peninsulainsider.com.au/journal/insider-picks-2026-10-03/,/journal/insider-picks-2026-10-03/,T2,journal,unscored,,,,,Baseline page
https://peninsulainsider.com.au/journal/insider-picks-2026-10-04/,/journal/insider-picks-2026-10-04/,T2,journal,unscored,,,,,Baseline page
https://peninsulainsider.com.au/journal/insider-picks-2026-10-05/,/journal/insider-picks-2026-10-05/,T2,journal,unscored,,,,,Baseline page
https://peninsulainsider.com.au/journal/insider-picks-2026-10-06/,/journal/insider-picks-2026-10-06/,T2,journal,unscored,,,,,Baseline page
https://peninsulainsider.com.au/journal/insider-picks-2026-10-07/,/journal/insider-picks-2026-10-07/,T2,journal,unscored,,,,,Baseline page
https://peninsulainsider.com.au/journal/local-secrets/,/journal/local-secrets/,T2,journal,unscored,,,,,Baseline page
https://peninsulainsider.com.au/journal/luxury-hotels-mornington-peninsula/,/journal/luxury-hotels-mornington-peninsula/,T2,journal,in-remediation,,,Public article wrongly calls RACV golf course part of Moonah Links and only hotel on a golf course; correction in validation,2026-10-04,Validate factual hotel-course separation through CI/live; complete independent T2 baseline
https://peninsulainsider.com.au/journal/mornington-peninsula-day-trip/,/journal/mornington-peninsula-day-trip/,T2,journal,unscored,,,,,Baseline page
https://peninsulainsider.com.au/journal/mornington-peninsula-in-autumn/,/journal/mornington-peninsula-in-autumn/,T2,journal,unscored,,,,,Baseline page
https://peninsulainsider.com.au/journal/mornington-peninsula-in-winter/,/journal/mornington-peninsula-in-winter/,T2,journal,unscored,,,,,Baseline page
https://peninsulainsider.com.au/journal/mornington-peninsula-itinerary/,/journal/mornington-peninsula-itinerary/,T2,journal,unscored,,,,,Baseline page
https://peninsulainsider.com.au/journal/mornington-peninsula-wedding-venues/,/journal/mornington-peninsula-wedding-venues/,T2,journal,unscored,,,,,Baseline page
https://peninsulainsider.com.au/journal/mornington-peninsula-winery-guide/,/journal/mornington-peninsula-winery-guide/,T2,journal,unscored,,,,,Baseline page
https://peninsulainsider.com.au/journal/mornington-peninsula-with-kids/,/journal/mornington-peninsula-with-kids/,T2,journal,unscored,,,,,Baseline page
https://peninsulainsider.com.au/journal/peninsula-hot-springs-vs-alba/,/journal/peninsula-hot-springs-vs-alba/,T2,journal,unscored,,,,,Baseline page
https://peninsulainsider.com.au/journal/peninsula-notes-june-2026/,/journal/peninsula-notes-june-2026/,T2,journal,unscored,,,,,Baseline page
https://peninsulainsider.com.au/journal/point-nepean-national-park-guide/,/journal/point-nepean-national-park-guide/,T2,journal,unscored,,,,,Baseline page
https://peninsulainsider.com.au/journal/practical-spring-visit-national-works-on-paper/,/journal/practical-spring-visit-national-works-on-paper/,T2,journal,unscored,,,,,Baseline page
https://peninsulainsider.com.au/journal/quealy-winemakers-balnarring/,/journal/quealy-winemakers-balnarring/,T2,journal,unscored,,,,,Baseline page
https://peninsulainsider.com.au/journal/rainy-day-peninsula/,/journal/rainy-day-peninsula/,T2,journal,unscored,,,,,Baseline page
https://peninsulainsider.com.au/journal/sorrento-solstice-festival-2026-guide/,/journal/sorrento-solstice-festival-2026-guide/,T2,journal,unscored,,,,,Baseline page
https://peninsulainsider.com.au/journal/spring-school-holidays-2026/,/journal/spring-school-holidays-2026/,T2,journal,unscored,,,,,Baseline page
https://peninsulainsider.com.au/journal/st-andrews-beach-golf-course/,/journal/st-andrews-beach-golf-course/,T2,journal,unscored,,,,,Baseline page
https://peninsulainsider.com.au/journal/the-cellar-door-short-list/,/journal/the-cellar-door-short-list/,T2,journal,unscored,,,,,Baseline page
https://peninsulainsider.com.au/journal/the-chardonnay-case/,/journal/the-chardonnay-case/,T2,journal,unscored,,,,,Baseline page
https://peninsulainsider.com.au/journal/the-long-lunch/,/journal/the-long-lunch/,T2,journal,unscored,,,,,Baseline page
https://peninsulainsider.com.au/journal/the-peninsula-pantry/,/journal/the-peninsula-pantry/,T2,journal,unscored,,,,,Baseline page
https://peninsulainsider.com.au/journal/the-peninsulas-best-late-afternoon-walks/,/journal/the-peninsulas-best-late-afternoon-walks/,T2,journal,unscored,,,,,Baseline page
https://peninsulainsider.com.au/journal/the-pub-guide/,/journal/the-pub-guide/,T2,journal,unscored,,,,,Baseline page
https://peninsulainsider.com.au/journal/the-seafood-list/,/journal/the-seafood-list/,T2,journal,unscored,,,,,Baseline page
https://peninsulainsider.com.au/journal/the-sorrento-weekend/,/journal/the-sorrento-weekend/,T2,journal,unscored,,,,,Baseline page
https://peninsulainsider.com.au/journal/the-spring-peninsula/,/journal/the-spring-peninsula/,T2,journal,unscored,,,,,Baseline page
https://peninsulainsider.com.au/journal/the-sunset-drink/,/journal/the-sunset-drink/,T2,journal,unscored,,,,,Baseline page
https://peninsulainsider.com.au/journal/the-sunset-hour/,/journal/the-sunset-hour/,T2,journal,unscored,,,,,Baseline page
https://peninsulainsider.com.au/journal/the-vineyard-villa-weekend/,/journal/the-vineyard-villa-weekend/,T2,journal,unscored,,,,,Baseline page
https://peninsulainsider.com.au/journal/the-winter-long-lunch/,/journal/the-winter-long-lunch/,T2,journal,unscored,,,,,Baseline page
https://peninsulainsider.com.au/journal/three-italian-dinners/,/journal/three-italian-dinners/,T2,journal,unscored,,,,,Baseline page
https://peninsulainsider.com.au/journal/two-bays-walk-mornington-peninsula/,/journal/two-bays-walk-mornington-peninsula/,T2,journal,unscored,,,,,Baseline page
https://peninsulainsider.com.au/journal/walks-bushrangers-bay-walk-guide/,/journal/walks-bushrangers-bay-walk-guide/,T2,journal,unscored,,,,,Baseline page
https://peninsulainsider.com.au/journal/waterfront-restaurants-mornington-peninsula/,/journal/waterfront-restaurants-mornington-peninsula/,T2,journal,unscored,,,,,Baseline page
https://peninsulainsider.com.au/journal/weddings-where-guests-stay-mornington-peninsula/,/journal/weddings-where-guests-stay-mornington-peninsula/,T2,journal,unscored,,,,,Baseline page
https://peninsulainsider.com.au/journal/what-to-do-on-the-peninsula-with-a-dog-when-its-wet-or-busy/,/journal/what-to-do-on-the-peninsula-with-a-dog-when-its-wet-or-busy/,T2,journal,unscored,,,,,Baseline page
https://peninsulainsider.com.au/journal/where-to-eat-without-a-booking/,/journal/where-to-eat-without-a-booking/,T2,journal,unscored,,,,,Baseline page
https://peninsulainsider.com.au/journal/where-to-stay-for-a-two-night-escape/,/journal/where-to-stay-for-a-two-night-escape/,T2,journal,unscored,,,,,Baseline page
https://peninsulainsider.com.au/journal/where-to-walk-the-dog-mornington-peninsula/,/journal/where-to-walk-the-dog-mornington-peninsula/,T2,journal,unscored,,,,,Baseline page
https://peninsulainsider.com.au/journal/why-winter-works-on-the-peninsula/,/journal/why-winter-works-on-the-peninsula/,T2,journal,unscored,,,,,Baseline page
https://peninsulainsider.com.au/journal/winter-indoors-mprg-rainy-day-circuit/,/journal/winter-indoors-mprg-rainy-day-circuit/,T2,journal,unscored,,,,,Baseline page
https://peninsulainsider.com.au/partners/,/partners/,T2,guide-utility,unscored,,,,,Baseline page
https://peninsulainsider.com.au/partners/add/,/partners/add/,T2,guide-utility,unscored,,,,,Baseline page
https://peninsulainsider.com.au/partners/enquire/,/partners/enquire/,T2,guide-utility,unscored,,,,,Baseline page
https://peninsulainsider.com.au/partners/update/,/partners/update/,T2,guide-utility,unscored,,,,,Baseline page
https://peninsulainsider.com.au/picks/,/picks/,T2,guide-utility,unscored,,,,,Baseline page
https://peninsulainsider.com.au/privacy/,/privacy/,T2,guide-utility,unscored,,,,,Baseline page
https://peninsulainsider.com.au/site-index/,/site-index/,T2,guide-utility,unscored,,,,,Baseline page
https://peninsulainsider.com.au/stay/arthurs-views/,/stay/arthurs-views/,T2,stay,in-remediation,,,Batch12 operator facts and direction correction live accepted; individual full 23-criterion score and remaining source review open.,2026-10-04,Complete individual rubric evidence and score after remaining source checks.
https://peninsulainsider.com.au/stay/best-accommodation/,/stay/best-accommodation/,T2,stay,unscored,,,,,Baseline page
https://peninsulainsider.com.au/stay/birch-creek/,/stay/birch-creek/,T2,stay,in-remediation,,,Batch12 operator facts and direction correction live accepted; individual full 23-criterion score and remaining source review open.,2026-10-04,Complete individual rubric evidence and score after remaining source checks.
https://peninsulainsider.com.au/stay/blue-moon-cottages/,/stay/blue-moon-cottages/,T2,stay,unscored,,,,,Baseline page
https://peninsulainsider.com.au/stay/boutique-hotels/,/stay/boutique-hotels/,T2,stay,unscored,,,,,Baseline page
https://peninsulainsider.com.au/stay/cape-retreat/,/stay/cape-retreat/,T2,stay,unscored,,,,,Baseline page
https://peninsulainsider.com.au/stay/cape-schanck/,/stay/cape-schanck/,T2,stay,unscored,,,,,Baseline page
https://peninsulainsider.com.au/stay/cassis/,/stay/cassis/,T2,stay,unscored,,,,,Baseline page
https://peninsulainsider.com.au/stay/coastal-stays/,/stay/coastal-stays/,T2,stay,unscored,,,,,Baseline page
https://peninsulainsider.com.au/stay/cottages/,/stay/cottages/,T2,stay,unscored,,,,,Baseline page
https://peninsulainsider.com.au/stay/couples-retreats/,/stay/couples-retreats/,T2,stay,unscored,,,,,Baseline page
https://peninsulainsider.com.au/stay/crittenden-villas/,/stay/crittenden-villas/,T2,stay,unscored,,,,,Baseline page
https://peninsulainsider.com.au/stay/flinders-hotel/,/stay/flinders-hotel/,T2,stay,unscored,,,,,Baseline page
https://peninsulainsider.com.au/stay/flinders/,/stay/flinders/,T2,stay,unscored,,,,,Baseline page
https://peninsulainsider.com.au/stay/glamping/,/stay/glamping/,T2,stay,unscored,,,,,Baseline page
https://peninsulainsider.com.au/stay/happy-glamper/,/stay/happy-glamper/,T2,stay,unscored,,,,,Baseline page
https://peninsulainsider.com.au/stay/hideaways-red-hill/,/stay/hideaways-red-hill/,T2,stay,unscored,,,,,Baseline page
https://peninsulainsider.com.au/stay/hot-springs-accommodation/,/stay/hot-springs-accommodation/,T2,stay,unscored,,,,,Baseline page
https://peninsulainsider.com.au/stay/hotel-sorrento/,/stay/hotel-sorrento/,T2,stay,unscored,,,,,Baseline page
https://peninsulainsider.com.au/stay/iluka-retreat/,/stay/iluka-retreat/,T2,stay,unscored,,,,,Baseline page
https://peninsulainsider.com.au/stay/jackalope/,/stay/jackalope/,T2,stay,in-remediation,,,"Set18 bounded live release accepted at 482ce6e/37171162408; full 23-criterion, direct AT, field performance and remaining rights/locality gates stay open.",2026-10-04,Verify hero provenance follow-up on exact public build where relevant; complete full independent rubric and hard gates before assigning 99.
https://peninsulainsider.com.au/stay/kanasta-retro-caravans/,/stay/kanasta-retro-caravans/,T2,stay,unscored,,,,,Baseline page
https://peninsulainsider.com.au/stay/lindenderry/,/stay/lindenderry/,T2,stay,unscored,,,,,Baseline page
https://peninsulainsider.com.au/stay/luxury/,/stay/luxury/,T2,stay,unscored,,,,,Baseline page
https://peninsulainsider.com.au/stay/mantons-creek-estate/,/stay/mantons-creek-estate/,T2,stay,unscored,,,,,Baseline page
https://peninsulainsider.com.au/stay/mp-beach-club-cottages/,/stay/mp-beach-club-cottages/,T2,stay,in-remediation,,,Batch12 operator facts and direction correction live accepted; individual full 23-criterion score and remaining source review open.,2026-10-04,Complete individual rubric evidence and score after remaining source checks.
https://peninsulainsider.com.au/stay/peninsula-hot-springs-eco-lodges/,/stay/peninsula-hot-springs-eco-lodges/,T2,stay,unscored,,,,,Baseline page
https://peninsulainsider.com.au/stay/peninsula-hot-springs-glamping/,/stay/peninsula-hot-springs-glamping/,T2,stay,unscored,,,,,Baseline page
https://peninsulainsider.com.au/stay/plantation-house-whitecliffs/,/stay/plantation-house-whitecliffs/,T2,stay,in-remediation,,,Batch12 operator facts and direction correction live accepted; individual full 23-criterion score and remaining source review open.,2026-10-04,Complete individual rubric evidence and score after remaining source checks.
https://peninsulainsider.com.au/stay/point-nepean-discovery-tents/,/stay/point-nepean-discovery-tents/,T2,stay,unscored,,,,,Baseline page
https://peninsulainsider.com.au/stay/polperro-villas/,/stay/polperro-villas/,T2,stay,unscored,,,,,Baseline page
https://peninsulainsider.com.au/stay/red-hill/,/stay/red-hill/,T2,stay,unscored,,,,,Baseline page
https://peninsulainsider.com.au/stay/resorts/,/stay/resorts/,T2,stay,unscored,,,,,Baseline page
https://peninsulainsider.com.au/stay/sanctuary-at-alba/,/stay/sanctuary-at-alba/,T2,stay,unscored,,,,,Baseline page
https://peninsulainsider.com.au/stay/sorrento/,/stay/sorrento/,T2,stay,unscored,,,,,Baseline page
https://peninsulainsider.com.au/stay/the-continental-sorrento/,/stay/the-continental-sorrento/,T2,stay,unscored,,,,,Baseline page
https://peninsulainsider.com.au/stay/the-orchard-red-hill/,/stay/the-orchard-red-hill/,T2,stay,unscored,,,,,Baseline page
https://peninsulainsider.com.au/stay/treetops-red-hill/,/stay/treetops-red-hill/,T2,stay,in-remediation,,,Batch12 operator facts and direction correction live accepted; individual full 23-criterion score and remaining source review open.,2026-10-04,Complete individual rubric evidence and score after remaining source checks.
https://peninsulainsider.com.au/stay/villas/,/stay/villas/,T2,stay,unscored,,,,,Baseline page
https://peninsulainsider.com.au/stay/vineyard-stays/,/stay/vineyard-stays/,T2,stay,unscored,,,,,Baseline page
https://peninsulainsider.com.au/stay/wellness-retreats/,/stay/wellness-retreats/,T2,stay,unscored,,,,,Baseline page
https://peninsulainsider.com.au/stay/winery-accommodation/,/stay/winery-accommodation/,T2,stay,unscored,,,,,Baseline page
https://peninsulainsider.com.au/stay/woodman-estate/,/stay/woodman-estate/,T2,stay,unscored,,,,,Baseline page
https://peninsulainsider.com.au/submit/,/submit/,T2,guide-utility,unscored,,,,,Baseline page
https://peninsulainsider.com.au/terms/,/terms/,T2,guide-utility,unscored,,,,,Baseline page
https://peninsulainsider.com.au/weddings/winery-wedding-venues-mornington-peninsula/,/weddings/winery-wedding-venues-mornington-peninsula/,T2,guide-utility,unscored,,,,,Baseline page
https://peninsulainsider.com.au/wine/appointment-producers/,/wine/appointment-producers/,T2,wine,unscored,,,,,Baseline page
https://peninsulainsider.com.au/wine/avani-wines/,/wine/avani-wines/,T2,wine,in-remediation,,,"Set18 bounded live release accepted at 482ce6e/37171162408; full 23-criterion, direct AT, field performance and remaining rights/locality gates stay open.",2026-10-04,Verify hero provenance follow-up on exact public build where relevant; complete full independent rubric and hard gates before assigning 99.
https://peninsulainsider.com.au/wine/baillieu-vineyard/,/wine/baillieu-vineyard/,T2,wine,unscored,,,,,Baseline page
https://peninsulainsider.com.au/wine/balnarring/,/wine/balnarring/,T2,wine,unscored,,,,,Baseline page
https://peninsulainsider.com.au/wine/barmah-park-vineyard/,/wine/barmah-park-vineyard/,T2,wine,unscored,,,,,Baseline page
https://peninsulainsider.com.au/wine/bass-and-flinders/,/wine/bass-and-flinders/,T2,wine,in-remediation,,,"Set18 bounded live release accepted at 482ce6e/37171162408; full 23-criterion, direct AT, field performance and remaining rights/locality gates stay open.",2026-10-04,Verify hero provenance follow-up on exact public build where relevant; complete full independent rubric and hard gates before assigning 99.
https://peninsulainsider.com.au/wine/best-cellar-doors/,/wine/best-cellar-doors/,T2,wine,unscored,,,,,Baseline page
https://peninsulainsider.com.au/wine/chardonnay/,/wine/chardonnay/,T2,wine,unscored,,,,,Baseline page
https://peninsulainsider.com.au/wine/crittenden-estate/,/wine/crittenden-estate/,T2,wine,unscored,,,,,Baseline page
https://peninsulainsider.com.au/wine/dexter-wines/,/wine/dexter-wines/,T2,wine,unscored,,,,,Baseline page
https://peninsulainsider.com.au/wine/dromana-estate/,/wine/dromana-estate/,T2,wine,unscored,,,,,Baseline page
https://peninsulainsider.com.au/wine/elan-vineyard/,/wine/elan-vineyard/,T2,wine,unscored,,,,,Baseline page
https://peninsulainsider.com.au/wine/eldridge-estate/,/wine/eldridge-estate/,T2,wine,unscored,,,,,Baseline page
https://peninsulainsider.com.au/wine/flinders/,/wine/flinders/,T2,wine,unscored,,,,,Baseline page
https://peninsulainsider.com.au/wine/foxeys-hangout/,/wine/foxeys-hangout/,T2,wine,unscored,,,,,Baseline page
https://peninsulainsider.com.au/wine/hurley-vineyard/,/wine/hurley-vineyard/,T2,wine,unscored,,,,,Baseline page
https://peninsulainsider.com.au/wine/jetty-road-brewery/,/wine/jetty-road-brewery/,T2,wine,unscored,,,,,Baseline page
https://peninsulainsider.com.au/wine/kooyong/,/wine/kooyong/,T2,wine,in-remediation,,,"Set18 bounded live release accepted at 482ce6e/37171162408; full 23-criterion, direct AT, field performance and remaining rights/locality gates stay open.",2026-10-04,Verify hero provenance follow-up on exact public build where relevant; complete full independent rubric and hard gates before assigning 99.
https://peninsulainsider.com.au/wine/lightfoot-wines/,/wine/lightfoot-wines/,T2,wine,unscored,,,,,Baseline page
https://peninsulainsider.com.au/wine/main-ridge-estate/,/wine/main-ridge-estate/,T2,wine,in-remediation,,,"Set18 bounded live release accepted at 482ce6e/37171162408; full 23-criterion, direct AT, field performance and remaining rights/locality gates stay open.",2026-10-04,Verify hero provenance follow-up on exact public build where relevant; complete full independent rubric and hard gates before assigning 99.
https://peninsulainsider.com.au/wine/main-ridge/,/wine/main-ridge/,T2,wine,unscored,,,,,Baseline page
https://peninsulainsider.com.au/wine/merricks-estate/,/wine/merricks-estate/,T2,wine,unscored,,,,,Baseline page
https://peninsulainsider.com.au/wine/merricks/,/wine/merricks/,T2,wine,unscored,,,,,Baseline page
https://peninsulainsider.com.au/wine/montalto/,/wine/montalto/,T2,wine,unscored,,,,,Baseline page
https://peninsulainsider.com.au/wine/moorooduc-estate/,/wine/moorooduc-estate/,T2,wine,unscored,,,,,Baseline page
https://peninsulainsider.com.au/wine/moorooduc-tuerong/,/wine/moorooduc-tuerong/,T2,wine,unscored,,,,,Baseline page
https://peninsulainsider.com.au/wine/morning-sun/,/wine/morning-sun/,T2,wine,unscored,,,,,Baseline page
https://peninsulainsider.com.au/wine/mornington-peninsula-brewery/,/wine/mornington-peninsula-brewery/,T2,wine,unscored,,,,,Baseline page
https://peninsulainsider.com.au/wine/nazaaray-estate/,/wine/nazaaray-estate/,T2,wine,unscored,,,,,Baseline page
https://peninsulainsider.com.au/wine/ocean-eight/,/wine/ocean-eight/,T2,wine,in-remediation,,,"Linked set19 locality, image provenance or operator-access fix live accepted at d3f580f/37176929345; full 23-criterion score open.",2026-10-04,Independently assess all 23 criteria and remaining hard gates; score remains null.
https://peninsulainsider.com.au/wine/onannon/,/wine/onannon/,T2,wine,unscored,,,,,Baseline page
https://peninsulainsider.com.au/wine/paradigm-hill/,/wine/paradigm-hill/,T2,wine,unscored,,,,,Baseline page
https://peninsulainsider.com.au/wine/paringa-estate/,/wine/paringa-estate/,T2,wine,in-remediation,,,"Linked set19 locality, image provenance or operator-access fix live accepted at d3f580f/37176929345; full 23-criterion score open.",2026-10-04,Independently assess all 23 criteria and remaining hard gates; score remains null.
https://peninsulainsider.com.au/wine/phaedrus-estate/,/wine/phaedrus-estate/,T2,wine,in-remediation,,,"Set18 bounded live release accepted at 482ce6e/37171162408; full 23-criterion, direct AT, field performance and remaining rights/locality gates stay open.",2026-10-04,Verify hero provenance follow-up on exact public build where relevant; complete full independent rubric and hard gates before assigning 99.
https://peninsulainsider.com.au/wine/pinot-noir/,/wine/pinot-noir/,T2,wine,unscored,,,,,Baseline page
https://peninsulainsider.com.au/wine/polperro/,/wine/polperro/,T2,wine,unscored,,,,,Baseline page
https://peninsulainsider.com.au/wine/port-phillip-estate/,/wine/port-phillip-estate/,T2,wine,unscored,,,,,Baseline page
https://peninsulainsider.com.au/wine/prancing-horse-estate/,/wine/prancing-horse-estate/,T2,wine,unscored,,,,,Baseline page
https://peninsulainsider.com.au/wine/pt-leo-estate/,/wine/pt-leo-estate/,T2,wine,unscored,,,,,Baseline page
https://peninsulainsider.com.au/wine/quealy-winemakers/,/wine/quealy-winemakers/,T2,wine,unscored,,,,,Baseline page
https://peninsulainsider.com.au/wine/red-hill-brewery/,/wine/red-hill-brewery/,T2,wine,unscored,,,,,Baseline page
https://peninsulainsider.com.au/wine/red-hill-estate/,/wine/red-hill-estate/,T2,wine,in-remediation,,,"Set18 bounded live release accepted at 482ce6e/37171162408; full 23-criterion, direct AT, field performance and remaining rights/locality gates stay open.",2026-10-04,Verify hero provenance follow-up on exact public build where relevant; complete full independent rubric and hard gates before assigning 99.
https://peninsulainsider.com.au/wine/red-hill/,/wine/red-hill/,T2,wine,unscored,,,,,Baseline page
https://peninsulainsider.com.au/wine/scorpo-wines/,/wine/scorpo-wines/,T2,wine,in-remediation,,,"Set18 bounded live release accepted at 482ce6e/37171162408; full 23-criterion, direct AT, field performance and remaining rights/locality gates stay open.",2026-10-04,Verify hero provenance follow-up on exact public build where relevant; complete full independent rubric and hard gates before assigning 99.
https://peninsulainsider.com.au/wine/st-andrews-beach-brewery/,/wine/st-andrews-beach-brewery/,T2,wine,in-remediation,,,"Fingal place reassignment candidate; full independent rubric, rights, AT and field performance remain open",2026-10-04,Verify operator locality and related-page placement on exact live release; complete full independent rubric
https://peninsulainsider.com.au/wine/stonier-wines/,/wine/stonier-wines/,T2,wine,unscored,,,,,Baseline page
https://peninsulainsider.com.au/wine/stumpy-gully-vineyard/,/wine/stumpy-gully-vineyard/,T2,wine,unscored,,,,,Baseline page
https://peninsulainsider.com.au/wine/t-gallant/,/wine/t-gallant/,T2,wine,unscored,,,,,Baseline page
https://peninsulainsider.com.au/wine/ten-minutes-by-tractor/,/wine/ten-minutes-by-tractor/,T2,wine,unscored,,,,,Baseline page
https://peninsulainsider.com.au/wine/trofeo-estate/,/wine/trofeo-estate/,T2,wine,unscored,,,,,Baseline page
https://peninsulainsider.com.au/wine/tucks-ridge/,/wine/tucks-ridge/,T2,wine,unscored,,,,,Baseline page
https://peninsulainsider.com.au/wine/two-bays-brewing/,/wine/two-bays-brewing/,T2,wine,unscored,,,,,Baseline page
https://peninsulainsider.com.au/wine/willow-creek-vineyard/,/wine/willow-creek-vineyard/,T2,wine,in-remediation,,,"Set18 bounded live release accepted at 482ce6e/37171162408; full 23-criterion, direct AT, field performance and remaining rights/locality gates stay open.",2026-10-04,Verify hero provenance follow-up on exact public build where relevant; complete full independent rubric and hard gates before assigning 99.
https://peninsulainsider.com.au/wine/wine-region/,/wine/wine-region/,T2,wine,unscored,,,,,Baseline page
https://peninsulainsider.com.au/wine/yabby-lake/,/wine/yabby-lake/,T2,wine,unscored,,,,,Baseline page
https://peninsulainsider.com.au/awards/best-family-day/,/awards/best-family-day/,T3,award,unscored,,,,,Baseline page
https://peninsulainsider.com.au/awards/best-new-opening/,/awards/best-new-opening/,T3,award,unscored,,,,,Baseline page
https://peninsulainsider.com.au/awards/cellar-door-of-the-year/,/awards/cellar-door-of-the-year/,T3,award,unscored,,,,,Baseline page
https://peninsulainsider.com.au/awards/editorial-discovery/,/awards/editorial-discovery/,T3,award,unscored,,,,,Baseline page
https://peninsulainsider.com.au/awards/locals-choice/,/awards/locals-choice/,T3,award,unscored,,,,,Baseline page
https://peninsulainsider.com.au/awards/nominate/,/awards/nominate/,T3,award,unscored,,,,,Baseline page
https://peninsulainsider.com.au/awards/restaurant-of-the-year/,/awards/restaurant-of-the-year/,T3,award,unscored,,,,,Baseline page
https://peninsulainsider.com.au/awards/stay-of-the-year/,/awards/stay-of-the-year/,T3,award,unscored,,,,,Baseline page
https://peninsulainsider.com.au/awards/walk-of-the-year/,/awards/walk-of-the-year/,T3,award,unscored,,,,,Baseline page
https://peninsulainsider.com.au/awards/worth-the-drive/,/awards/worth-the-drive/,T3,award,unscored,,,,,Baseline page
https://peninsulainsider.com.au/boating/hire/,/boating/hire/,T3,specialist,unscored,,,,,Baseline page
https://peninsulainsider.com.au/boating/hire/mornington-boat-hire/,/boating/hire/mornington-boat-hire/,T3,specialist,unscored,,,,,Baseline page
https://peninsulainsider.com.au/boating/ramps/,/boating/ramps/,T3,specialist,unscored,,,,,Baseline page
https://peninsulainsider.com.au/boating/ramps/hastings-boat-ramp/,/boating/ramps/hastings-boat-ramp/,T3,specialist,unscored,,,,,Baseline page
https://peninsulainsider.com.au/boating/ramps/mornington-park-boat-ramp/,/boating/ramps/mornington-park-boat-ramp/,T3,specialist,unscored,,,,,Baseline page
https://peninsulainsider.com.au/boating/ramps/rye-boat-ramp/,/boating/ramps/rye-boat-ramp/,T3,specialist,unscored,,,,,Baseline page
https://peninsulainsider.com.au/boating/ramps/safety-beach-boat-ramp/,/boating/ramps/safety-beach-boat-ramp/,T3,specialist,unscored,,,,,Baseline page
https://peninsulainsider.com.au/boating/ramps/sorrento-boat-ramp/,/boating/ramps/sorrento-boat-ramp/,T3,specialist,unscored,,,,,Baseline page
https://peninsulainsider.com.au/boating/ramps/warneet-boat-ramp/,/boating/ramps/warneet-boat-ramp/,T3,specialist,unscored,,,,,Baseline page
https://peninsulainsider.com.au/boating/tides-safety/,/boating/tides-safety/,T3,specialist,unscored,,,,,Baseline page
https://peninsulainsider.com.au/fishing/charters/,/fishing/charters/,T3,specialist,unscored,,,,,Baseline page
https://peninsulainsider.com.au/fishing/charters/first-charter-guide/,/fishing/charters/first-charter-guide/,T3,specialist,unscored,,,,,Baseline page
https://peninsulainsider.com.au/fishing/charters/im-hooked-fishing-charters/,/fishing/charters/im-hooked-fishing-charters/,T3,specialist,unscored,,,,,Baseline page
https://peninsulainsider.com.au/fishing/charters/proline-charters/,/fishing/charters/proline-charters/,T3,specialist,unscored,,,,,Baseline page
https://peninsulainsider.com.au/fishing/charters/reel-time-fishing-charters/,/fishing/charters/reel-time-fishing-charters/,T3,specialist,unscored,,,,,Baseline page
https://peninsulainsider.com.au/fishing/charters/western-port-fishing-charters/,/fishing/charters/western-port-fishing-charters/,T3,specialist,unscored,,,,,Baseline page
https://peninsulainsider.com.au/fishing/locations/,/fishing/locations/,T3,specialist,unscored,,,,,Baseline page
https://peninsulainsider.com.au/fishing/locations/cowes-jetty/,/fishing/locations/cowes-jetty/,T3,specialist,unscored,,,,,Baseline page
https://peninsulainsider.com.au/fishing/locations/flinders-pier/,/fishing/locations/flinders-pier/,T3,specialist,unscored,,,,,Baseline page
https://peninsulainsider.com.au/fishing/locations/gunnamatta-beach/,/fishing/locations/gunnamatta-beach/,T3,specialist,unscored,,,,,Baseline page
https://peninsulainsider.com.au/fishing/locations/hastings-jetty/,/fishing/locations/hastings-jetty/,T3,specialist,unscored,,,,,Baseline page
https://peninsulainsider.com.au/fishing/locations/mornington-pier/,/fishing/locations/mornington-pier/,T3,specialist,unscored,,,,,Baseline page
https://peninsulainsider.com.au/fishing/locations/point-leo-beach/,/fishing/locations/point-leo-beach/,T3,specialist,unscored,,,,,Baseline page
https://peninsulainsider.com.au/fishing/locations/portsea-pier/,/fishing/locations/portsea-pier/,T3,specialist,in-remediation,,,closure; misleading access,,Verify closure and responsive facts in built and live page
https://peninsulainsider.com.au/fishing/locations/rye-pier/,/fishing/locations/rye-pier/,T3,specialist,unscored,,,,,Baseline page
https://peninsulainsider.com.au/fishing/locations/safety-beach-foreshore/,/fishing/locations/safety-beach-foreshore/,T3,specialist,unscored,,,,,Baseline page
https://peninsulainsider.com.au/fishing/locations/san-remo-jetty/,/fishing/locations/san-remo-jetty/,T3,specialist,unscored,,,,,Baseline page
https://peninsulainsider.com.au/fishing/locations/stony-point-pier/,/fishing/locations/stony-point-pier/,T3,specialist,unscored,,,,,Baseline page
https://peninsulainsider.com.au/fishing/locations/tooradin-inlet/,/fishing/locations/tooradin-inlet/,T3,specialist,unscored,,,,,Baseline page
https://peninsulainsider.com.au/fishing/seasons/snapper-run-oct-dec/,/fishing/seasons/snapper-run-oct-dec/,T3,specialist,unscored,,,,,Baseline page
https://peninsulainsider.com.au/fishing/species/,/fishing/species/,T3,specialist,unscored,,,,,Baseline page
https://peninsulainsider.com.au/fishing/species/australian-salmon/,/fishing/species/australian-salmon/,T3,specialist,unscored,,,,,Baseline page
https://peninsulainsider.com.au/fishing/species/bream/,/fishing/species/bream/,T3,specialist,unscored,,,,,Baseline page
https://peninsulainsider.com.au/fishing/species/flathead/,/fishing/species/flathead/,T3,specialist,unscored,,,,,Baseline page
https://peninsulainsider.com.au/fishing/species/garfish/,/fishing/species/garfish/,T3,specialist,unscored,,,,,Baseline page
https://peninsulainsider.com.au/fishing/species/gummy-shark/,/fishing/species/gummy-shark/,T3,specialist,unscored,,,,,Baseline page
https://peninsulainsider.com.au/fishing/species/king-george-whiting/,/fishing/species/king-george-whiting/,T3,specialist,unscored,,,,,Baseline page
https://peninsulainsider.com.au/fishing/species/mulloway/,/fishing/species/mulloway/,T3,specialist,unscored,,,,,Baseline page
https://peninsulainsider.com.au/fishing/species/pinkies/,/fishing/species/pinkies/,T3,specialist,unscored,,,,,Baseline page
https://peninsulainsider.com.au/fishing/species/silver-trevally/,/fishing/species/silver-trevally/,T3,specialist,unscored,,,,,Baseline page
https://peninsulainsider.com.au/fishing/species/snapper/,/fishing/species/snapper/,T3,specialist,unscored,,,,,Baseline page
https://peninsulainsider.com.au/fishing/species/squid/,/fishing/species/squid/,T3,specialist,unscored,,,,,Baseline page
https://peninsulainsider.com.au/fishing/species/yellowtail-kingfish/,/fishing/species/yellowtail-kingfish/,T3,specialist,unscored,,,,,Baseline page
https://peninsulainsider.com.au/insiders-30/,/insiders-30/,T3,guide-utility,unscored,,,,,Baseline page
https://peninsulainsider.com.au/insiders-30/2026/,/insiders-30/2026/,T3,guide-utility,unscored,,,,,Baseline page
https://peninsulainsider.com.au/insiders-30/map/,/insiders-30/map/,T3,guide-utility,unscored,,,,,Baseline page
https://peninsulainsider.com.au/quick-note/,/quick-note/,T3,guide-utility,unscored,,,,,Baseline page
https://peninsulainsider.com.au/tour-packages/,/tour-packages/,T3,specialist,unscored,,,,,Baseline page
https://peninsulainsider.com.au/tour-packages/adventure-weekend/,/tour-packages/adventure-weekend/,T3,specialist,unscored,,,,,Baseline page
https://peninsulainsider.com.au/tour-packages/anniversary-long-weekend/,/tour-packages/anniversary-long-weekend/,T3,specialist,unscored,,,,,Baseline page
https://peninsulainsider.com.au/tour-packages/coastal-adventure-weekend/,/tour-packages/coastal-adventure-weekend/,T3,specialist,unscored,,,,,Baseline page
https://peninsulainsider.com.au/tour-packages/long-weekend/,/tour-packages/long-weekend/,T3,specialist,unscored,,,,,Baseline page
https://peninsulainsider.com.au/tour-packages/private-wine-charter-weekend/,/tour-packages/private-wine-charter-weekend/,T3,specialist,unscored,,,,,Baseline page
https://peninsulainsider.com.au/tour-packages/team-charter-weekend/,/tour-packages/team-charter-weekend/,T3,specialist,unscored,,,,,Baseline page
https://peninsulainsider.com.au/tour-packages/thermal-springs-wine-weekend/,/tour-packages/thermal-springs-wine-weekend/,T3,specialist,unscored,,,,,Baseline page
https://peninsulainsider.com.au/tour-packages/wine-discovery-weekend/,/tour-packages/wine-discovery-weekend/,T3,specialist,unscored,,,,,Baseline page
https://peninsulainsider.com.au/tour/amour-of-the-grape-boutique-wine-tour/,/tour/amour-of-the-grape-boutique-wine-tour/,T3,specialist,unscored,,,,,Baseline page
https://peninsulainsider.com.au/tour/arthurs-seat-eagle-gondola/,/tour/arthurs-seat-eagle-gondola/,T3,specialist,unscored,,,,,Baseline page
https://peninsulainsider.com.au/tour/australian-journeys-luxury-peninsula-day/,/tour/australian-journeys-luxury-peninsula-day/,T3,specialist,unscored,,,,,Baseline page
https://peninsulainsider.com.au/tour/autopia-mornington-peninsula-day-tour/,/tour/autopia-mornington-peninsula-day-tour/,T3,specialist,unscored,,,,,Baseline page
https://peninsulainsider.com.au/tour/bayplay-sea-dragon-snorkel-tour/,/tour/bayplay-sea-dragon-snorkel-tour/,T3,specialist,in-remediation,,,misleading age and departure,,Verify operator facts and route on built and live page
https://peninsulainsider.com.au/tour/bunyip-hot-springs-day-tour/,/tour/bunyip-hot-springs-day-tour/,T3,specialist,unscored,,,,,Baseline page
https://peninsulainsider.com.au/tour/bunyip-mornington-peninsula-wine-tour/,/tour/bunyip-mornington-peninsula-wine-tour/,T3,specialist,unscored,,,,,Baseline page
https://peninsulainsider.com.au/tour/fishing-tours/,/tour/fishing-tours/,T3,specialist,unscored,,,,,Baseline page
https://peninsulainsider.com.au/tour/for-couples/,/tour/for-couples/,T3,specialist,unscored,,,,,Baseline page
https://peninsulainsider.com.au/tour/for-families/,/tour/for-families/,T3,specialist,unscored,,,,,Baseline page
https://peninsulainsider.com.au/tour/full-day-tours/,/tour/full-day-tours/,T3,specialist,unscored,,,,,Baseline page
https://peninsulainsider.com.au/tour/global-ballooning-peninsula-sunrise/,/tour/global-ballooning-peninsula-sunrise/,T3,specialist,unscored,,,,,Baseline page
https://peninsulainsider.com.au/tour/great-private-corporate-charter/,/tour/great-private-corporate-charter/,T3,specialist,unscored,,,,,Baseline page
https://peninsulainsider.com.au/tour/hot-springs-tours/,/tour/hot-springs-tours/,T3,specialist,unscored,,,,,Baseline page
https://peninsulainsider.com.au/tour/local-way-wine-cheese-tour/,/tour/local-way-wine-cheese-tour/,T3,specialist,unscored,,,,,Baseline page
https://peninsulainsider.com.au/tour/localing-private-wine-day/,/tour/localing-private-wine-day/,T3,specialist,unscored,,,,,Baseline page
https://peninsulainsider.com.au/tour/melbourne-elite-private-hens-day/,/tour/melbourne-elite-private-hens-day/,T3,specialist,unscored,,,,,Baseline page
https://peninsulainsider.com.au/tour/moonlit-sanctuary-twilight-tour/,/tour/moonlit-sanctuary-twilight-tour/,T3,specialist,unscored,,,,,Baseline page
https://peninsulainsider.com.au/tour/moonraker-whale-watching-tour/,/tour/moonraker-whale-watching-tour/,T3,specialist,unscored,,,,,Baseline page
https://peninsulainsider.com.au/tour/operators/,/tour/operators/,T3,specialist,unscored,,,,,Baseline page
https://peninsulainsider.com.au/tour/operators/amour-of-the-grape/,/tour/operators/amour-of-the-grape/,T3,specialist,unscored,,,,,Baseline page
https://peninsulainsider.com.au/tour/operators/arthurs-seat-eagle/,/tour/operators/arthurs-seat-eagle/,T3,specialist,unscored,,,,,Baseline page
https://peninsulainsider.com.au/tour/operators/australian-journeys/,/tour/operators/australian-journeys/,T3,specialist,unscored,,,,,Baseline page
https://peninsulainsider.com.au/tour/operators/autopia-tours/,/tour/operators/autopia-tours/,T3,specialist,unscored,,,,,Baseline page
https://peninsulainsider.com.au/tour/operators/bayplay/,/tour/operators/bayplay/,T3,specialist,unscored,,,,,Baseline page
https://peninsulainsider.com.au/tour/operators/bunyip-tours/,/tour/operators/bunyip-tours/,T3,specialist,unscored,,,,,Baseline page
https://peninsulainsider.com.au/tour/operators/global-ballooning/,/tour/operators/global-ballooning/,T3,specialist,unscored,,,,,Baseline page
https://peninsulainsider.com.au/tour/operators/great-private-tours/,/tour/operators/great-private-tours/,T3,specialist,unscored,,,,,Baseline page
https://peninsulainsider.com.au/tour/operators/local-way-tours/,/tour/operators/local-way-tours/,T3,specialist,unscored,,,,,Baseline page
https://peninsulainsider.com.au/tour/operators/localing-tours/,/tour/operators/localing-tours/,T3,specialist,unscored,,,,,Baseline page
https://peninsulainsider.com.au/tour/operators/melbourne-elite-tours/,/tour/operators/melbourne-elite-tours/,T3,specialist,unscored,,,,,Baseline page
https://peninsulainsider.com.au/tour/operators/moonlit-sanctuary/,/tour/operators/moonlit-sanctuary/,T3,specialist,unscored,,,,,Baseline page
https://peninsulainsider.com.au/tour/operators/moonraker-charters/,/tour/operators/moonraker-charters/,T3,specialist,unscored,,,,,Baseline page
https://peninsulainsider.com.au/tour/operators/mornington-peninsula-plunge/,/tour/operators/mornington-peninsula-plunge/,T3,specialist,unscored,,,,,Baseline page
https://peninsulainsider.com.au/tour/operators/polperro-dolphin-swims/,/tour/operators/polperro-dolphin-swims/,T3,specialist,unscored,,,,,Baseline page
https://peninsulainsider.com.au/tour/operators/ricks-wine-tours/,/tour/operators/ricks-wine-tours/,T3,specialist,unscored,,,,,Baseline page
https://peninsulainsider.com.au/tour/operators/searoad-ferries/,/tour/operators/searoad-ferries/,T3,specialist,unscored,,,,,Baseline page
https://peninsulainsider.com.au/tour/operators/temptation-sailing/,/tour/operators/temptation-sailing/,T3,specialist,unscored,,,,,Baseline page
https://peninsulainsider.com.au/tour/operators/wine-hop-coastal-tours/,/tour/operators/wine-hop-coastal-tours/,T3,specialist,unscored,,,,,Baseline page
https://peninsulainsider.com.au/tour/plunge-hot-springs-wine-tour/,/tour/plunge-hot-springs-wine-tour/,T3,specialist,unscored,,,,,Baseline page
https://peninsulainsider.com.au/tour/polperro-dolphin-swim/,/tour/polperro-dolphin-swim/,T3,specialist,unscored,,,,,Baseline page
https://peninsulainsider.com.au/tour/private-tours/,/tour/private-tours/,T3,specialist,unscored,,,,,Baseline page
https://peninsulainsider.com.au/tour/ricks-mornington-peninsula-wine-tour/,/tour/ricks-mornington-peninsula-wine-tour/,T3,specialist,unscored,,,,,Baseline page
https://peninsulainsider.com.au/tour/searoad-sorrento-queenscliff-crossing/,/tour/searoad-sorrento-queenscliff-crossing/,T3,specialist,unscored,,,,,Baseline page
https://peninsulainsider.com.au/tour/small-group-tours/,/tour/small-group-tours/,T3,specialist,unscored,,,,,Baseline page
https://peninsulainsider.com.au/tour/temptation-sailing-bay-cruise/,/tour/temptation-sailing-bay-cruise/,T3,specialist,unscored,,,,,Baseline page
https://peninsulainsider.com.au/tour/wine-hop-coastal-tour/,/tour/wine-hop-coastal-tour/,T3,specialist,unscored,,,,,Baseline page
https://peninsulainsider.com.au/tour/wine-tours/,/tour/wine-tours/,T3,specialist,unscored,,,,,Baseline page
https://peninsulainsider.com.au/whats-on/acoustic-saturdays-peppers-moonah-links-2026/,/whats-on/acoustic-saturdays-peppers-moonah-links-2026/,T3,event,unscored,,,,,Baseline page
https://peninsulainsider.com.au/whats-on/bass-flinders-gin-masterclass/,/whats-on/bass-flinders-gin-masterclass/,T3,event,unscored,,,,,Baseline page
https://peninsulainsider.com.au/whats-on/by-mood/after-dark/,/whats-on/by-mood/after-dark/,T3,event,unscored,,,,,Baseline page
https://peninsulainsider.com.au/whats-on/by-mood/this-weekend/,/whats-on/by-mood/this-weekend/,T3,event,unscored,,,,,Baseline page
https://peninsulainsider.com.au/whats-on/by-mood/when-it-rains/,/whats-on/by-mood/when-it-rains/,T3,event,unscored,,,,,Baseline page
https://peninsulainsider.com.au/whats-on/by-mood/worth-the-drive/,/whats-on/by-mood/worth-the-drive/,T3,event,unscored,,,,,Baseline page
https://peninsulainsider.com.au/whats-on/crib-point-community-market/,/whats-on/crib-point-community-market/,T3,event,unscored,,,,,Baseline page
https://peninsulainsider.com.au/whats-on/dominion-wrestling-big-group-hug-mornington-2026/,/whats-on/dominion-wrestling-big-group-hug-mornington-2026/,T3,event,in-remediation,,,,2026-10-08,"Independent partial review and live source check done; complete desktop/390px, keyboard/AT, booking handoff and performance before full 23-criterion score"
https://peninsulainsider.com.au/whats-on/emu-plains-market/,/whats-on/emu-plains-market/,T3,event,unscored,,,,,Baseline page
https://peninsulainsider.com.au/whats-on/hill-ridge-community-market-september-2026-restart/,/whats-on/hill-ridge-community-market-september-2026-restart/,T3,event,in-remediation,,,"Set18 bounded live release accepted at 482ce6e/37171162408; full 23-criterion, direct AT, field performance and remaining rights/locality gates stay open.",2026-10-04,Verify hero provenance follow-up on exact public build where relevant; complete full independent rubric and hard gates before assigning 99.
https://peninsulainsider.com.au/whats-on/main-street-mornington-festival-2026/,/whats-on/main-street-mornington-festival-2026/,T3,event,unscored,,,,,Baseline page
https://peninsulainsider.com.au/whats-on/mornington-racecourse-market/,/whats-on/mornington-racecourse-market/,T3,event,unscored,,,,,Baseline page
https://peninsulainsider.com.au/whats-on/mornington-wednesday-market-main-street-market/,/whats-on/mornington-wednesday-market-main-street-market/,T3,event,unscored,,,,,Baseline page
https://peninsulainsider.com.au/whats-on/mt-eliza-farmers-market/,/whats-on/mt-eliza-farmers-market/,T3,event,unscored,,,,,Baseline page
https://peninsulainsider.com.au/whats-on/nancye-wynne-bolton-ola-golf-day-2026/,/whats-on/nancye-wynne-bolton-ola-golf-day-2026/,T3,event,unscored,,,,,Baseline page
https://peninsulainsider.com.au/whats-on/national-works-on-paper-2026-nwop/,/whats-on/national-works-on-paper-2026-nwop/,T3,event,unscored,,,,,Baseline page
https://peninsulainsider.com.au/whats-on/peninsula-hot-springs-daily-studio-yoga/,/whats-on/peninsula-hot-springs-daily-studio-yoga/,T3,event,unscored,,,,,Baseline page
https://peninsulainsider.com.au/whats-on/peninsula-vinehop-festival-2026/,/whats-on/peninsula-vinehop-festival-2026/,T3,event,unscored,,,,,Baseline page
https://peninsulainsider.com.au/whats-on/pt-leo-estate-sculpture-park/,/whats-on/pt-leo-estate-sculpture-park/,T3,event,unscored,,,,,Baseline page
https://peninsulainsider.com.au/whats-on/restore-pamper-retreat-at-polperro-farmhouse/,/whats-on/restore-pamper-retreat-at-polperro-farmhouse/,T3,event,unscored,,,,,Baseline page
https://peninsulainsider.com.au/whats-on/ten-minutes-by-tractor-terroir-masterclass/,/whats-on/ten-minutes-by-tractor-terroir-masterclass/,T3,event,unscored,,,,,Baseline page
https://peninsulainsider.com.au/whats-on/the-bloody-long-walk-mornington-peninsula-2026/,/whats-on/the-bloody-long-walk-mornington-peninsula-2026/,T3,event,unscored,,,,,Baseline page
https://peninsulainsider.com.au/whats-on/this-weekend/archive/2026-04-24/,/whats-on/this-weekend/archive/2026-04-24/,T3,event,unscored,,,,,Baseline page
https://peninsulainsider.com.au/whats-on/this-weekend/archive/2026-04-26/,/whats-on/this-weekend/archive/2026-04-26/,T3,event,unscored,,,,,Baseline page
https://peninsulainsider.com.au/whats-on/this-weekend/archive/2026-05-03/,/whats-on/this-weekend/archive/2026-05-03/,T3,event,unscored,,,,,Baseline page
https://peninsulainsider.com.au/whats-on/this-weekend/archive/2026-05-11/,/whats-on/this-weekend/archive/2026-05-11/,T3,event,unscored,,,,,Baseline page
https://peninsulainsider.com.au/whats-on/this-weekend/archive/2026-05-17/,/whats-on/this-weekend/archive/2026-05-17/,T3,event,unscored,,,,,Baseline page
https://peninsulainsider.com.au/whats-on/this-weekend/archive/2026-05-24/,/whats-on/this-weekend/archive/2026-05-24/,T3,event,unscored,,,,,Baseline page
https://peninsulainsider.com.au/whats-on/this-weekend/archive/2026-05-31/,/whats-on/this-weekend/archive/2026-05-31/,T3,event,unscored,,,,,Baseline page
https://peninsulainsider.com.au/whats-on/this-weekend/archive/2026-06-07/,/whats-on/this-weekend/archive/2026-06-07/,T3,event,unscored,,,,,Baseline page
https://peninsulainsider.com.au/whats-on/this-weekend/archive/2026-06-15/,/whats-on/this-weekend/archive/2026-06-15/,T3,event,unscored,,,,,Baseline page
https://peninsulainsider.com.au/whats-on/this-weekend/archive/2026-06-22/,/whats-on/this-weekend/archive/2026-06-22/,T3,event,unscored,,,,,Baseline page
https://peninsulainsider.com.au/whats-on/this-weekend/archive/2026-06-29/,/whats-on/this-weekend/archive/2026-06-29/,T3,event,unscored,,,,,Baseline page
https://peninsulainsider.com.au/whats-on/this-weekend/archive/2026-07-10/,/whats-on/this-weekend/archive/2026-07-10/,T3,event,unscored,,,,,Baseline page
https://peninsulainsider.com.au/whats-on/this-weekend/archive/2026-07-13/,/whats-on/this-weekend/archive/2026-07-13/,T3,event,unscored,,,,,Baseline page
